{"type": "FeatureCollection", "crs": {"type": "name", "properties": {"name": "urn:ogc:def:crs:EPSG::4326"}}, "features": [{"type": "Feature", "properties": {"osm_id": 341478332, "status": "affected", "confidence": "medium", "flooded_fraction": 1.0, "sampled": "centroid", "pixels": 0, "mean_probability": 0.5514}, "geometry": {"type": "Polygon", "coordinates": [[[85.161172, 27.8608512], [85.1611042, 27.8608902], [85.1611408, 27.8609399], [85.1612086, 27.8609009], [85.161172, 27.8608512]]]}}, {"type": "Feature", "properties": {"osm_id": 341620906, "status": "affected", "confidence": "medium", "flooded_fraction": 1.0, "sampled": "centroid", "pixels": 0, "mean_probability": 0.5703}, "geometry": {"type": "Polygon", "coordinates": [[[85.2991616, 27.8658591], [85.2990848, 27.865852], [85.2990788, 27.8659024], [85.2991556, 27.8659094], [85.2991616, 27.8658591]]]}}, {"type": "Feature", "properties": {"osm_id": 341626851, "status": "affected", "confidence": "medium", "flooded_fraction": 1.0, "sampled": "centroid", "pixels": 0, "mean_probability": 0.8966}, "geometry": {"type": "Polygon", "coordinates": [[[85.3052923, 27.8628249], [85.3053243, 27.8627711], [85.3052949, 27.8627574], [85.3052629, 27.8628112], [85.3052923, 27.8628249]]]}}, {"type": "Feature", "properties": {"osm_id": 891551075, "status": "affected", "confidence": "medium", "flooded_fraction": 1.0, "sampled": "centroid", "pixels": 0, "mean_probability": 0.6782}, "geometry": {"type": "Polygon", "coordinates": [[[85.3047569, 27.8629075], [85.3048651, 27.8629006], [85.304853, 27.8627512], [85.3047448, 27.8627581], [85.3047569, 27.8629075]]]}}, {"type": "Feature", "properties": {"osm_id": 1041579396, "status": "affected", "confidence": "medium", "flooded_fraction": 1.0, "sampled": "centroid", "pixels": 0, "mean_probability": 0.7061}, "geometry": {"type": "Polygon", "coordinates": [[[85.3099141, 27.9244934], [85.309967, 27.9245351], [85.310028, 27.9244746], [85.3099751, 27.924433], [85.3099141, 27.9244934]]]}}, {"type": "Feature", "properties": {"osm_id": 887181678, "status": "affected", "confidence": "medium", "flooded_fraction": 1.0, "sampled": "centroid", "pixels": 0, "mean_probability": 0.5453}, "geometry": {"type": "Polygon", "coordinates": [[[85.2078695, 27.8991419], [85.2078829, 27.8991869], [85.2079482, 27.8991717], [85.2079348, 27.8991267], [85.2078695, 27.8991419]]]}}, {"type": "Feature", "properties": {"osm_id": 886946511, "status": "affected", "confidence": "high", "flooded_fraction": 1.0, "sampled": "footprint", "pixels": 1, "mean_probability": 0.5453}, "geometry": {"type": "Polygon", "coordinates": [[[85.2090544, 27.9022916], [85.2091279, 27.9022888], [85.2091252, 27.9022348], [85.2090517, 27.9022377], [85.2090544, 27.9022916]]]}}, {"type": "Feature", "properties": {"osm_id": 887181581, "status": "affected", "confidence": "medium", "flooded_fraction": 1.0, "sampled": "centroid", "pixels": 0, "mean_probability": 0.544}, "geometry": {"type": "Polygon", "coordinates": [[[85.1980332, 27.9032042], [85.1981766, 27.9033367], [85.1982074, 27.9033107], [85.198064, 27.9031781], [85.1980332, 27.9032042]]]}}, {"type": "Feature", "properties": {"osm_id": 887181610, "status": "affected", "confidence": "high", "flooded_fraction": 1.0, "sampled": "footprint", "pixels": 1, "mean_probability": 0.544}, "geometry": {"type": "Polygon", "coordinates": [[[85.1990792, 27.902678], [85.1991136, 27.9027527], [85.1991758, 27.9027171], [85.1991387, 27.9026424], [85.1990792, 27.902678]]]}}, {"type": "Feature", "properties": {"osm_id": 342369591, "status": "affected", "confidence": "medium", "flooded_fraction": 1.0, "sampled": "centroid", "pixels": 0, "mean_probability": 0.7024}, "geometry": {"type": "Polygon", "coordinates": [[[85.2687563, 27.8733999], [85.2687109, 27.8733562], [85.2687678, 27.8733099], [85.2688132, 27.8733537], [85.2687563, 27.8733999]]]}}, {"type": "Feature", "properties": {"osm_id": 341855178, "status": "affected", "confidence": "medium", "flooded_fraction": 1.0, "sampled": "centroid", "pixels": 0, "mean_probability": 0.5052}, "geometry": {"type": "Polygon", "coordinates": [[[85.2796808, 27.8691214], [85.2797649, 27.8691074], [85.2797419, 27.8689992], [85.2796577, 27.8690132], [85.2796808, 27.8691214]]]}}, {"type": "Feature", "properties": {"osm_id": 341796154, "status": "affected", "confidence": "medium", "flooded_fraction": 1.0, "sampled": "centroid", "pixels": 0, "mean_probability": 0.7603}, "geometry": {"type": "Polygon", "coordinates": [[[85.2901002, 27.862678], [85.2901786, 27.862661], [85.2901603, 27.8625947], [85.2900818, 27.8626116], [85.2901002, 27.862678]]]}}, {"type": "Feature", "properties": {"osm_id": 847027792, "status": "affected", "confidence": "medium", "flooded_fraction": 1.0, "sampled": "centroid", "pixels": 0, "mean_probability": 0.9951}, "geometry": {"type": "Polygon", "coordinates": [[[85.1832823, 27.9932072], [85.1833313, 27.9932012], [85.1833235, 27.9931507], [85.1832745, 27.9931567], [85.1832823, 27.9932072]]]}}, {"type": "Feature", "properties": {"osm_id": 341449427, "status": "affected", "confidence": "medium", "flooded_fraction": 1.0, "sampled": "centroid", "pixels": 0, "mean_probability": 0.6254}, "geometry": {"type": "Polygon", "coordinates": [[[85.3318155, 27.8631032], [85.33186, 27.8630985], [85.3318549, 27.8630613], [85.3318104, 27.8630661], [85.3318155, 27.8631032]]]}}, {"type": "Feature", "properties": {"osm_id": 889087507, "status": "affected", "confidence": "medium", "flooded_fraction": 1.0, "sampled": "centroid", "pixels": 0, "mean_probability": 0.5618}, "geometry": {"type": "Polygon", "coordinates": [[[85.2438033, 27.9043342], [85.2438112, 27.904282], [85.2438789, 27.9042899], [85.243871, 27.9043422], [85.2438033, 27.9043342]]]}}, {"type": "Feature", "properties": {"osm_id": 342083487, "status": "affected", "confidence": "medium", "flooded_fraction": 1.0, "sampled": "centroid", "pixels": 0, "mean_probability": 0.5318}, "geometry": {"type": "Polygon", "coordinates": [[[85.2420118, 27.9033786], [85.2421163, 27.9033684], [85.242107, 27.903294], [85.2420025, 27.9033042], [85.2420118, 27.9033786]]]}}, {"type": "Feature", "properties": {"osm_id": 890512639, "status": "affected", "confidence": "medium", "flooded_fraction": 1.0, "sampled": "centroid", "pixels": 0, "mean_probability": 0.6519}, "geometry": {"type": "Polygon", "coordinates": [[[85.2220014, 27.9052024], [85.2220255, 27.9052925], [85.2221103, 27.9052748], [85.2220861, 27.9051847], [85.2220014, 27.9052024]]]}}, {"type": "Feature", "properties": {"osm_id": 342167578, "status": "affected", "confidence": "medium", "flooded_fraction": 1.0, "sampled": "centroid", "pixels": 0, "mean_probability": 0.5895}, "geometry": {"type": "Polygon", "coordinates": [[[85.2340664, 27.9000392], [85.2339726, 27.8999472], [85.2340321, 27.8998998], [85.2341259, 27.8999918], [85.2340664, 27.9000392]]]}}, {"type": "Feature", "properties": {"osm_id": 890524649, "status": "affected", "confidence": "medium", "flooded_fraction": 1.0, "sampled": "centroid", "pixels": 0, "mean_probability": 0.6442}, "geometry": {"type": "Polygon", "coordinates": [[[85.2377644, 27.9000483], [85.237845, 27.9000494], [85.2378459, 27.8999988], [85.2377652, 27.8999978], [85.2377644, 27.9000483]]]}}, {"type": "Feature", "properties": {"osm_id": 342083513, "status": "affected", "confidence": "high", "flooded_fraction": 1.0, "sampled": "footprint", "pixels": 1, "mean_probability": 0.6442}, "geometry": {"type": "Polygon", "coordinates": [[[85.2377911, 27.8993961], [85.2377911, 27.8995124], [85.2378869, 27.8995124], [85.2378869, 27.8993961], [85.2377911, 27.8993961]]]}}, {"type": "Feature", "properties": {"osm_id": 342149381, "status": "affected", "confidence": "medium", "flooded_fraction": 1.0, "sampled": "centroid", "pixels": 0, "mean_probability": 0.7038}, "geometry": {"type": "Polygon", "coordinates": [[[85.2218747, 27.9056439], [85.2218788, 27.9055768], [85.2217847, 27.9055723], [85.2217806, 27.9056394], [85.2218747, 27.9056439]]]}}, {"type": "Feature", "properties": {"osm_id": 890512668, "status": "affected", "confidence": "medium", "flooded_fraction": 1.0, "sampled": "centroid", "pixels": 0, "mean_probability": 0.505}, "geometry": {"type": "Polygon", "coordinates": [[[85.220207, 27.9049464], [85.2202728, 27.9049815], [85.2203197, 27.9049128], [85.2202539, 27.9048777], [85.220207, 27.9049464]]]}}, {"type": "Feature", "properties": {"osm_id": 890499839, "status": "affected", "confidence": "medium", "flooded_fraction": 1.0, "sampled": "centroid", "pixels": 0, "mean_probability": 0.6414}, "geometry": {"type": "Polygon", "coordinates": [[[85.2302706, 27.9015301], [85.2303171, 27.9015488], [85.2303405, 27.9015031], [85.2302941, 27.9014845], [85.2302706, 27.9015301]]]}}, {"type": "Feature", "properties": {"osm_id": 890524644, "status": "affected", "confidence": "medium", "flooded_fraction": 1.0, "sampled": "centroid", "pixels": 0, "mean_probability": 0.5482}, "geometry": {"type": "Polygon", "coordinates": [[[85.2377718, 27.9002531], [85.2378361, 27.9002555], [85.2378381, 27.9002139], [85.2377738, 27.9002115], [85.2377718, 27.9002531]]]}}, {"type": "Feature", "properties": {"osm_id": 890523188, "status": "affected", "confidence": "high", "flooded_fraction": 1.0, "sampled": "footprint", "pixels": 1, "mean_probability": 0.5482}, "geometry": {"type": "Polygon", "coordinates": [[[85.2354952, 27.9012285], [85.2355758, 27.9012677], [85.235598, 27.9012321], [85.2355174, 27.9011929], [85.2354952, 27.9012285]]]}}, {"type": "Feature", "properties": {"osm_id": 342548622, "status": "affected", "confidence": "medium", "flooded_fraction": 1.0, "sampled": "centroid", "pixels": 0, "mean_probability": 0.5401}, "geometry": {"type": "Polygon", "coordinates": [[[85.2063986, 27.8998981], [85.2064593, 27.8998955], [85.2064508, 27.8997433], [85.2063902, 27.8997459], [85.2063986, 27.8998981]]]}}, {"type": "Feature", "properties": {"osm_id": 342548549, "status": "affected", "confidence": "medium", "flooded_fraction": 1.0, "sampled": "centroid", "pixels": 0, "mean_probability": 0.8127}, "geometry": {"type": "Polygon", "coordinates": [[[85.2072185, 27.8994291], [85.207241, 27.899515], [85.2074542, 27.8994712], [85.2074316, 27.8993853], [85.2072185, 27.8994291]]]}}, {"type": "Feature", "properties": {"osm_id": 342548588, "status": "affected", "confidence": "high", "flooded_fraction": 1.0, "sampled": "footprint", "pixels": 1, "mean_probability": 0.8127}, "geometry": {"type": "Polygon", "coordinates": [[[85.2073208, 27.9000783], [85.2072843, 27.900184], [85.2076774, 27.9003002], [85.2076977, 27.9001957], [85.2073208, 27.9000783]]]}}, {"type": "Feature", "properties": {"osm_id": 890512690, "status": "affected", "confidence": "high", "flooded_fraction": 0.5, "sampled": "footprint", "pixels": 2, "mean_probability": 0.2894}, "geometry": {"type": "Polygon", "coordinates": [[[85.2110928, 27.9013731], [85.2111685, 27.9013938], [85.2111859, 27.901344], [85.2111103, 27.9013233], [85.2110928, 27.9013731]]]}}, {"type": "Feature", "properties": {"osm_id": 890512625, "status": "affected", "confidence": "medium", "flooded_fraction": 1.0, "sampled": "centroid", "pixels": 0, "mean_probability": 0.6076}, "geometry": {"type": "Polygon", "coordinates": [[[85.2109574, 27.9021221], [85.2109854, 27.9021181], [85.2109787, 27.9020814], [85.2109507, 27.9020854], [85.2109574, 27.9021221]]]}}, {"type": "Feature", "properties": {"osm_id": 890499940, "status": "affected", "confidence": "medium", "flooded_fraction": 1.0, "sampled": "centroid", "pixels": 0, "mean_probability": 0.76}, "geometry": {"type": "Polygon", "coordinates": [[[85.2266644, 27.8974322], [85.2266812, 27.8974559], [85.2267334, 27.897427], [85.2267167, 27.8974033], [85.2266644, 27.8974322]]]}}, {"type": "Feature", "properties": {"osm_id": 890559117, "status": "affected", "confidence": "medium", "flooded_fraction": 1.0, "sampled": "centroid", "pixels": 0, "mean_probability": 0.5625}, "geometry": {"type": "Polygon", "coordinates": [[[85.248287, 27.8857065], [85.2483525, 27.8856671], [85.2482865, 27.8855812], [85.248221, 27.8856205], [85.248287, 27.8857065]]]}}, {"type": "Feature", "properties": {"osm_id": 891116947, "status": "affected", "confidence": "medium", "flooded_fraction": 1.0, "sampled": "centroid", "pixels": 0, "mean_probability": 0.7279}, "geometry": {"type": "Polygon", "coordinates": [[[85.2641342, 27.8779396], [85.2641708, 27.8779803], [85.2642552, 27.8779209], [85.2642185, 27.8778802], [85.2641342, 27.8779396]]]}}, {"type": "Feature", "properties": {"osm_id": 891116968, "status": "affected", "confidence": "medium", "flooded_fraction": 1.0, "sampled": "centroid", "pixels": 0, "mean_probability": 0.6476}, "geometry": {"type": "Polygon", "coordinates": [[[85.2566568, 27.8787599], [85.2567324, 27.8788361], [85.2568198, 27.8787683], [85.2567443, 27.8786921], [85.2566568, 27.8787599]]]}}, {"type": "Feature", "properties": {"osm_id": 343083080, "status": "affected", "confidence": "medium", "flooded_fraction": 1.0, "sampled": "centroid", "pixels": 0, "mean_probability": 0.6614}, "geometry": {"type": "Polygon", "coordinates": [[[85.2812834, 27.9179751], [85.281385, 27.9178887], [85.2813272, 27.9178356], [85.2812256, 27.9179221], [85.2812834, 27.9179751]]]}}, {"type": "Feature", "properties": {"osm_id": 341496205, "status": "affected", "confidence": "medium", "flooded_fraction": 1.0, "sampled": "centroid", "pixels": 0, "mean_probability": 0.5201}, "geometry": {"type": "Polygon", "coordinates": [[[85.2872084, 27.9156082], [85.2872443, 27.9156068], [85.2872432, 27.9155842], [85.2872073, 27.9155856], [85.2872084, 27.9156082]]]}}, {"type": "Feature", "properties": {"osm_id": 342277358, "status": "affected", "confidence": "medium", "flooded_fraction": 1.0, "sampled": "centroid", "pixels": 0, "mean_probability": 0.7002}, "geometry": {"type": "Polygon", "coordinates": [[[85.2854367, 27.9143826], [85.2857851, 27.9144567], [85.285768, 27.9145195], [85.2854196, 27.9144454], [85.2854367, 27.9143826]]]}}, {"type": "Feature", "properties": {"osm_id": 342278161, "status": "affected", "confidence": "high", "flooded_fraction": 1.0, "sampled": "footprint", "pixels": 1, "mean_probability": 0.7002}, "geometry": {"type": "Polygon", "coordinates": [[[85.2845981, 27.9063856], [85.2846724, 27.9063471], [85.2846189, 27.9062667], [85.2845447, 27.9063052], [85.2845981, 27.9063856]]]}}, {"type": "Feature", "properties": {"osm_id": 341538742, "status": "affected", "confidence": "medium", "flooded_fraction": 1.0, "sampled": "centroid", "pixels": 0, "mean_probability": 0.5258}, "geometry": {"type": "Polygon", "coordinates": [[[85.2800889, 27.9091383], [85.280129, 27.9092057], [85.2800207, 27.9092411], [85.2800046, 27.9091738], [85.2800889, 27.9091383]]]}}, {"type": "Feature", "properties": {"osm_id": 891007296, "status": "affected", "confidence": "high", "flooded_fraction": 1.0, "sampled": "footprint", "pixels": 1, "mean_probability": 0.5258}, "geometry": {"type": "Polygon", "coordinates": [[[85.2697514, 27.9096479], [85.2698104, 27.9096491], [85.2698128, 27.9095579], [85.2697537, 27.9095568], [85.2697514, 27.9096479]]]}}, {"type": "Feature", "properties": {"osm_id": 891035544, "status": "affected", "confidence": "medium", "flooded_fraction": 1.0, "sampled": "centroid", "pixels": 0, "mean_probability": 0.6124}, "geometry": {"type": "Polygon", "coordinates": [[[85.2620521, 27.9098671], [85.2621031, 27.9099074], [85.2621271, 27.9098837], [85.2620762, 27.9098434], [85.2620521, 27.9098671]]]}}, {"type": "Feature", "properties": {"osm_id": 890519714, "status": "affected", "confidence": "medium", "flooded_fraction": 1.0, "sampled": "centroid", "pixels": 0, "mean_probability": 0.5518}, "geometry": {"type": "Polygon", "coordinates": [[[85.2521819, 27.912706], [85.2522535, 27.9127071], [85.2522543, 27.912671], [85.2521826, 27.9126699], [85.2521819, 27.912706]]]}}, {"type": "Feature", "properties": {"osm_id": 891525309, "status": "affected", "confidence": "medium", "flooded_fraction": 1.0, "sampled": "centroid", "pixels": 0, "mean_probability": 0.5238}, "geometry": {"type": "Polygon", "coordinates": [[[85.3132689, 27.8590992], [85.3133091, 27.8590942], [85.3132998, 27.8590349], [85.3132595, 27.8590399], [85.3132689, 27.8590992]]]}}, {"type": "Feature", "properties": {"osm_id": 891393493, "status": "affected", "confidence": "high", "flooded_fraction": 1.0, "sampled": "footprint", "pixels": 1, "mean_probability": 0.5238}, "geometry": {"type": "Polygon", "coordinates": [[[85.3244815, 27.857135], [85.3244997, 27.8571972], [85.3245343, 27.8571893], [85.3245453, 27.8572267], [85.3246072, 27.8572125], [85.3245997, 27.857187], [85.3246606, 27.8571731], [85.3246389, 27.857099], [85.3244815, 27.857135]]]}}, {"type": "Feature", "properties": {"osm_id": 847027735, "status": "affected", "confidence": "medium", "flooded_fraction": 1.0, "sampled": "centroid", "pixels": 0, "mean_probability": 0.9994}, "geometry": {"type": "Polygon", "coordinates": [[[85.1836813, 27.9934132], [85.1837316, 27.9933895], [85.1837055, 27.9933462], [85.1836552, 27.9933699], [85.1836813, 27.9934132]]]}}, {"type": "Feature", "properties": {"osm_id": 847027809, "status": "affected", "confidence": "medium", "flooded_fraction": 1.0, "sampled": "centroid", "pixels": 0, "mean_probability": 0.9937}, "geometry": {"type": "Polygon", "coordinates": [[[85.1830463, 27.9929863], [85.183087, 27.9929814], [85.1830783, 27.9929251], [85.1830376, 27.99293], [85.1830463, 27.9929863]]]}}, {"type": "Feature", "properties": {"osm_id": 886262234, "status": "affected", "confidence": "high", "flooded_fraction": 1.0, "sampled": "footprint", "pixels": 1, "mean_probability": 0.9937}, "geometry": {"type": "Polygon", "coordinates": [[[85.1777659, 27.9954524], [85.1778089, 27.9954229], [85.1778408, 27.9954591], [85.1777978, 27.9954887], [85.1777659, 27.9954524]]]}}, {"type": "Feature", "properties": {"osm_id": 1041579431, "status": "affected", "confidence": "medium", "flooded_fraction": 1.0, "sampled": "centroid", "pixels": 0, "mean_probability": 0.6118}, "geometry": {"type": "Polygon", "coordinates": [[[85.310234, 27.9251051], [85.3102995, 27.9251303], [85.3103173, 27.9250942], [85.3102517, 27.925069], [85.310234, 27.9251051]]]}}, {"type": "Feature", "properties": {"osm_id": 1041579430, "status": "affected", "confidence": "medium", "flooded_fraction": 1.0, "sampled": "centroid", "pixels": 0, "mean_probability": 0.6118}, "geometry": {"type": "Polygon", "coordinates": [[[85.3103252, 27.9250841], [85.3103496, 27.9250367], [85.3102789, 27.9250082], [85.3102544, 27.9250557], [85.3103252, 27.9250841]]]}}, {"type": "Feature", "properties": {"osm_id": 1041579423, "status": "affected", "confidence": "medium", "flooded_fraction": 1.0, "sampled": "centroid", "pixels": 0, "mean_probability": 0.5573}, "geometry": {"type": "Polygon", "coordinates": [[[85.310637, 27.9251357], [85.310698, 27.9251182], [85.3106681, 27.9250367], [85.3106071, 27.9250542], [85.310637, 27.9251357]]]}}, {"type": "Feature", "properties": {"osm_id": 1039580580, "status": "affected", "confidence": "medium", "flooded_fraction": 1.0, "sampled": "centroid", "pixels": 0, "mean_probability": 0.8127}, "geometry": {"type": "Polygon", "coordinates": [[[85.3053037, 27.929295], [85.3053251, 27.9293141], [85.305357, 27.9292863], [85.3053356, 27.9292672], [85.3053037, 27.929295]]]}}, {"type": "Feature", "properties": {"osm_id": 859950248, "status": "affected", "confidence": "medium", "flooded_fraction": 1.0, "sampled": "centroid", "pixels": 0, "mean_probability": 0.6611}, "geometry": {"type": "Polygon", "coordinates": [[[85.1594704, 27.956127], [85.1595017, 27.9561252], [85.1594997, 27.956098], [85.1594684, 27.9560998], [85.1594704, 27.956127]]]}}, {"type": "Feature", "properties": {"osm_id": 887070288, "status": "affected", "confidence": "medium", "flooded_fraction": 1.0, "sampled": "centroid", "pixels": 0, "mean_probability": 0.9226}, "geometry": {"type": "Polygon", "coordinates": [[[85.1829865, 28.0090483], [85.1829951, 28.009107], [85.183079, 28.0090974], [85.1830704, 28.0090387], [85.1829865, 28.0090483]]]}}, {"type": "Feature", "properties": {"osm_id": 848313609, "status": "affected", "confidence": "medium", "flooded_fraction": 1.0, "sampled": "centroid", "pixels": 0, "mean_probability": 0.5583}, "geometry": {"type": "Polygon", "coordinates": [[[85.184416, 28.006773], [85.1844151, 28.0069173], [85.1845019, 28.0069177], [85.1845023, 28.006843], [85.1844616, 28.0068428], [85.184462, 28.0067732], [85.184416, 28.006773]]]}}, {"type": "Feature", "properties": {"osm_id": 342068802, "status": "affected", "confidence": "medium", "flooded_fraction": 1.0, "sampled": "centroid", "pixels": 0, "mean_probability": 0.9565}, "geometry": {"type": "Polygon", "coordinates": [[[85.182978, 28.0089921], [85.1830917, 28.0089855], [85.183085, 28.0088946], [85.1829713, 28.0089012], [85.182978, 28.0089921]]]}}, {"type": "Feature", "properties": {"osm_id": 886388191, "status": "affected", "confidence": "high", "flooded_fraction": 1.0, "sampled": "footprint", "pixels": 1, "mean_probability": 0.9565}, "geometry": {"type": "Polygon", "coordinates": [[[85.1833609, 27.9694031], [85.1833657, 27.9692256], [85.1834064, 27.9692264], [85.1834015, 27.9694039], [85.1833609, 27.9694031]]]}}, {"type": "Feature", "properties": {"osm_id": 1360231616, "status": "affected", "confidence": "medium", "flooded_fraction": 1.0, "sampled": "centroid", "pixels": 0, "mean_probability": 0.9917}, "geometry": {"type": "Polygon", "coordinates": [[[85.1836552, 27.9700139], [85.1837515, 27.970021], [85.1837569, 27.9699641], [85.1836605, 27.969957], [85.1836552, 27.9700139]]]}}, {"type": "Feature", "properties": {"osm_id": 341654634, "status": "affected", "confidence": "medium", "flooded_fraction": 1.0, "sampled": "centroid", "pixels": 0, "mean_probability": 0.961}, "geometry": {"type": "Polygon", "coordinates": [[[85.1529186, 27.9355602], [85.1529779, 27.9354801], [85.1531206, 27.9355627], [85.1530612, 27.9356427], [85.1529186, 27.9355602]]]}}, {"type": "Feature", "properties": {"osm_id": 341730965, "status": "affected", "confidence": "medium", "flooded_fraction": 1.0, "sampled": "centroid", "pixels": 0, "mean_probability": 0.9685}, "geometry": {"type": "Polygon", "coordinates": [[[85.1501274, 27.9225998], [85.1501536, 27.9226286], [85.1501964, 27.9225981], [85.1501703, 27.9225694], [85.1501274, 27.9225998]]]}}, {"type": "Feature", "properties": {"osm_id": 892156968, "status": "affected", "confidence": "medium", "flooded_fraction": 1.0, "sampled": "centroid", "pixels": 0, "mean_probability": 0.9947}, "geometry": {"type": "Polygon", "coordinates": [[[85.1604983, 27.9467499], [85.1605256, 27.9468117], [85.1606115, 27.9467821], [85.1605842, 27.9467203], [85.1604983, 27.9467499]]]}}, {"type": "Feature", "properties": {"osm_id": 803106638, "status": "affected", "confidence": "medium", "flooded_fraction": 1.0, "sampled": "centroid", "pixels": 0, "mean_probability": 0.7363}, "geometry": {"type": "Polygon", "coordinates": [[[85.1789824, 27.9671237], [85.179068, 27.9671636], [85.1791256, 27.9670669], [85.1790401, 27.9670271], [85.1789824, 27.9671237]]]}}, {"type": "Feature", "properties": {"osm_id": 886387021, "status": "affected", "confidence": "medium", "flooded_fraction": 1.0, "sampled": "centroid", "pixels": 0, "mean_probability": 0.6793}, "geometry": {"type": "Polygon", "coordinates": [[[85.1741061, 27.9658145], [85.1741457, 27.9657731], [85.1742974, 27.9658866], [85.1742577, 27.965928], [85.1741061, 27.9658145]]]}}, {"type": "Feature", "properties": {"osm_id": 886387031, "status": "affected", "confidence": "high", "flooded_fraction": 1.0, "sampled": "footprint", "pixels": 1, "mean_probability": 0.6793}, "geometry": {"type": "Polygon", "coordinates": [[[85.1763767, 27.9691651], [85.1763727, 27.9692638], [85.1766125, 27.9692674], [85.1766064, 27.9691723], [85.1763767, 27.9691651]]]}}, {"type": "Feature", "properties": {"osm_id": 341461840, "status": "affected", "confidence": "medium", "flooded_fraction": 1.0, "sampled": "centroid", "pixels": 0, "mean_probability": 0.981}, "geometry": {"type": "Polygon", "coordinates": [[[85.1856146, 27.9714878], [85.1856891, 27.9714494], [85.1856301, 27.9713602], [85.1855556, 27.9713986], [85.1856146, 27.9714878]]]}}, {"type": "Feature", "properties": {"osm_id": 341462106, "status": "affected", "confidence": "medium", "flooded_fraction": 1.0, "sampled": "centroid", "pixels": 0, "mean_probability": 0.9621}, "geometry": {"type": "Polygon", "coordinates": [[[85.1854889, 27.9739438], [85.1854464, 27.973941], [85.1854562, 27.9738228], [85.1854988, 27.9738256], [85.1854962, 27.9738574], [85.1854889, 27.9739438]]]}}, {"type": "Feature", "properties": {"osm_id": 341623146, "status": "affected", "confidence": "medium", "flooded_fraction": 1.0, "sampled": "centroid", "pixels": 0, "mean_probability": 0.9408}, "geometry": {"type": "Polygon", "coordinates": [[[85.1799874, 27.9800888], [85.1799846, 27.9801317], [85.1800647, 27.9801358], [85.1800675, 27.9800928], [85.1799874, 27.9800888]]]}}, {"type": "Feature", "properties": {"osm_id": 886277354, "status": "affected", "confidence": "medium", "flooded_fraction": 1.0, "sampled": "centroid", "pixels": 0, "mean_probability": 0.6352}, "geometry": {"type": "Polygon", "coordinates": [[[85.1701818, 27.9595056], [85.1701961, 27.9595279], [85.1702319, 27.95951], [85.1702176, 27.9594877], [85.1701818, 27.9595056]]]}}, {"type": "Feature", "properties": {"osm_id": 342139889, "status": "affected", "confidence": "medium", "flooded_fraction": 1.0, "sampled": "centroid", "pixels": 0, "mean_probability": 0.6795}, "geometry": {"type": "Polygon", "coordinates": [[[85.1604142, 27.9406604], [85.1605623, 27.9406051], [85.1605109, 27.9404978], [85.1603629, 27.9405531], [85.1604142, 27.9406604]]]}}, {"type": "Feature", "properties": {"osm_id": 341697705, "status": "affected", "confidence": "medium", "flooded_fraction": 1.0, "sampled": "centroid", "pixels": 0, "mean_probability": 0.8222}, "geometry": {"type": "Polygon", "coordinates": [[[85.1638893, 27.9484168], [85.1639137, 27.9484723], [85.1639822, 27.9484488], [85.1639579, 27.9483933], [85.1638893, 27.9484168]]]}}, {"type": "Feature", "properties": {"osm_id": 341587470, "status": "affected", "confidence": "medium", "flooded_fraction": 1.0, "sampled": "centroid", "pixels": 0, "mean_probability": 0.6076}, "geometry": {"type": "Polygon", "coordinates": [[[85.1698367, 27.9608565], [85.1697918, 27.960827], [85.1698348, 27.9607759], [85.1698905, 27.9608124], [85.1698616, 27.9608468], [85.1698508, 27.9608397], [85.1698367, 27.9608565]]]}}, {"type": "Feature", "properties": {"osm_id": 340930250, "status": "affected", "confidence": "high", "flooded_fraction": 1.0, "sampled": "footprint", "pixels": 1, "mean_probability": 0.6076}, "geometry": {"type": "Polygon", "coordinates": [[[85.1703582, 27.9868139], [85.1703987, 27.9867676], [85.1704478, 27.9867985], [85.1704038, 27.9868494], [85.1703582, 27.9868139]]]}}, {"type": "Feature", "properties": {"osm_id": 886277371, "status": "affected", "confidence": "medium", "flooded_fraction": 1.0, "sampled": "centroid", "pixels": 0, "mean_probability": 0.9656}, "geometry": {"type": "Polygon", "coordinates": [[[85.1711593, 27.9618109], [85.1712503, 27.9618646], [85.171276, 27.9618274], [85.171241, 27.9618048], [85.1713391, 27.9617016], [85.17129, 27.9616707], [85.1711593, 27.9618109]]]}}, {"type": "Feature", "properties": {"osm_id": 260125841, "status": "affected", "confidence": "medium", "flooded_fraction": 1.0, "sampled": "centroid", "pixels": 0, "mean_probability": 0.9877}, "geometry": {"type": "Polygon", "coordinates": [[[85.1502846, 27.9235258], [85.1502674, 27.9234459], [85.1503594, 27.9234304], [85.1503766, 27.9235103], [85.1502846, 27.9235258]]]}}, {"type": "Feature", "properties": {"osm_id": 891929323, "status": "affected", "confidence": "medium", "flooded_fraction": 1.0, "sampled": "centroid", "pixels": 0, "mean_probability": 0.9681}, "geometry": {"type": "Polygon", "coordinates": [[[85.1504555, 27.923927], [85.1504627, 27.9240236], [85.1505708, 27.9240172], [85.1505635, 27.9239207], [85.1504555, 27.923927]]]}}, {"type": "Feature", "properties": {"osm_id": 892160612, "status": "affected", "confidence": "high", "flooded_fraction": 1.0, "sampled": "footprint", "pixels": 1, "mean_probability": 0.9681}, "geometry": {"type": "Polygon", "coordinates": [[[85.153188, 27.9229156], [85.1533006, 27.9231088], [85.1533627, 27.9230805], [85.15325, 27.9228874], [85.153188, 27.9229156]]]}}, {"type": "Feature", "properties": {"osm_id": 886277381, "status": "affected", "confidence": "medium", "flooded_fraction": 1.0, "sampled": "centroid", "pixels": 0, "mean_probability": 0.9735}, "geometry": {"type": "Polygon", "coordinates": [[[85.1728206, 27.9628765], [85.1728854, 27.9628366], [85.1729636, 27.9629359], [85.1728987, 27.9629757], [85.1728206, 27.9628765]]]}}, {"type": "Feature", "properties": {"osm_id": 341622910, "status": "affected", "confidence": "high", "flooded_fraction": 1.0, "sampled": "footprint", "pixels": 1, "mean_probability": 0.9735}, "geometry": {"type": "Polygon", "coordinates": [[[85.1772728, 27.9693837], [85.1772489, 27.9694082], [85.1772025, 27.9693729], [85.1772264, 27.9693484], [85.1772728, 27.9693837]]]}}, {"type": "Feature", "properties": {"osm_id": 341462114, "status": "affected", "confidence": "medium", "flooded_fraction": 1.0, "sampled": "centroid", "pixels": 0, "mean_probability": 0.9997}, "geometry": {"type": "Polygon", "coordinates": [[[85.1863443, 27.9739776], [85.1862825, 27.9739435], [85.1862069, 27.9740506], [85.1862687, 27.9740846], [85.1863135, 27.9740211], [85.1863443, 27.9739776]]]}}, {"type": "Feature", "properties": {"osm_id": 848313643, "status": "affected", "confidence": "medium", "flooded_fraction": 1.0, "sampled": "centroid", "pixels": 0, "mean_probability": 0.6089}, "geometry": {"type": "Polygon", "coordinates": [[[85.1851777, 28.0014708], [85.1851759, 28.0015156], [85.1852624, 28.0015182], [85.1852642, 28.0014734], [85.1851777, 28.0014708]]]}}, {"type": "Feature", "properties": {"osm_id": 846895827, "status": "affected", "confidence": "medium", "flooded_fraction": 1.0, "sampled": "centroid", "pixels": 0, "mean_probability": 0.881}, "geometry": {"type": "Polygon", "coordinates": [[[85.1823972, 27.9889659], [85.1823919, 27.9888403], [85.1823225, 27.9888426], [85.1823279, 27.9889682], [85.1823972, 27.9889659]]]}}, {"type": "Feature", "properties": {"osm_id": 886471632, "status": "affected", "confidence": "medium", "flooded_fraction": 1.0, "sampled": "centroid", "pixels": 0, "mean_probability": 0.9216}, "geometry": {"type": "Polygon", "coordinates": [[[85.1806039, 27.9788656], [85.1805622, 27.9788652], [85.1805541, 27.9788104], [85.1805937, 27.9788077], [85.1806039, 27.9788656]]]}}, {"type": "Feature", "properties": {"osm_id": 1267918264, "status": "affected", "confidence": "medium", "flooded_fraction": 1.0, "sampled": "centroid", "pixels": 0, "mean_probability": 0.5413}, "geometry": {"type": "Polygon", "coordinates": [[[85.3498043, 27.8625106], [85.349748, 27.8625512], [85.3496928, 27.8624915], [85.3497491, 27.8624508], [85.3498043, 27.8625106]]]}}, {"type": "Feature", "properties": {"osm_id": 341964285, "status": "affected", "confidence": "medium", "flooded_fraction": 1.0, "sampled": "centroid", "pixels": 0, "mean_probability": 0.673}, "geometry": {"type": "Polygon", "coordinates": [[[85.2812034, 27.8735897], [85.2811975, 27.8736544], [85.2812993, 27.8736616], [85.2813052, 27.8735969], [85.2812034, 27.8735897]]]}}, {"type": "Feature", "properties": {"osm_id": 342369599, "status": "affected", "confidence": "medium", "flooded_fraction": 1.0, "sampled": "centroid", "pixels": 0, "mean_probability": 0.5453}, "geometry": {"type": "Polygon", "coordinates": [[[85.2704867, 27.8728054], [85.2705408, 27.8728301], [85.2705703, 27.8727795], [85.2705163, 27.8727548], [85.2704867, 27.8728054]]]}}, {"type": "Feature", "properties": {"osm_id": 922502750, "status": "affected", "confidence": "medium", "flooded_fraction": 1.0, "sampled": "centroid", "pixels": 0, "mean_probability": 0.7024}, "geometry": {"type": "Polygon", "coordinates": [[[85.2686111, 27.873321], [85.2686643, 27.8732493], [85.2687023, 27.8732713], [85.268657, 27.8733323], [85.2686111, 27.873321]]]}}, {"type": "Feature", "properties": {"osm_id": 341620915, "status": "affected", "confidence": "high", "flooded_fraction": 1.0, "sampled": "footprint", "pixels": 1, "mean_probability": 0.5635}, "geometry": {"type": "Polygon", "coordinates": [[[85.299016, 27.8660076], [85.299088, 27.8660104], [85.2990906, 27.8659593], [85.2990186, 27.8659564], [85.299016, 27.8660076]]]}}, {"type": "Feature", "properties": {"osm_id": 341620949, "status": "affected", "confidence": "medium", "flooded_fraction": 1.0, "sampled": "centroid", "pixels": 0, "mean_probability": 0.5161}, "geometry": {"type": "Polygon", "coordinates": [[[85.298768, 27.8660146], [85.2988368, 27.8659793], [85.2988029, 27.8659277], [85.2987341, 27.8659631], [85.298768, 27.8660146]]]}}, {"type": "Feature", "properties": {"osm_id": 578517198, "status": "affected", "confidence": "medium", "flooded_fraction": 1.0, "sampled": "centroid", "pixels": 0, "mean_probability": 0.5446}, "geometry": {"type": "Polygon", "coordinates": [[[85.31071, 27.8602172], [85.3107596, 27.860204], [85.3107476, 27.8601686], [85.310698, 27.8601817], [85.31071, 27.8602172]]]}}, {"type": "Feature", "properties": {"osm_id": 848313610, "status": "affected", "confidence": "medium", "flooded_fraction": 1.0, "sampled": "centroid", "pixels": 0, "mean_probability": 0.8544}, "geometry": {"type": "Polygon", "coordinates": [[[85.1843311, 28.006509], [85.1843007, 28.0065852], [85.1843731, 28.0066077], [85.1844035, 28.0065315], [85.1843311, 28.006509]]]}}, {"type": "Feature", "properties": {"osm_id": 890788003, "status": "affected", "confidence": "medium", "flooded_fraction": 1.0, "sampled": "centroid", "pixels": 0, "mean_probability": 0.533}, "geometry": {"type": "Polygon", "coordinates": [[[85.2955154, 27.9191782], [85.29553, 27.919204], [85.2955581, 27.9191916], [85.2955435, 27.9191657], [85.2955154, 27.9191782]]]}}, {"type": "Feature", "properties": {"osm_id": 341496156, "status": "affected", "confidence": "medium", "flooded_fraction": 1.0, "sampled": "centroid", "pixels": 0, "mean_probability": 0.6899}, "geometry": {"type": "Polygon", "coordinates": [[[85.2844181, 27.9105302], [85.2844587, 27.9105671], [85.2844793, 27.9105494], [85.2844387, 27.9105125], [85.2844181, 27.9105302]]]}}, {"type": "Feature", "properties": {"osm_id": 891119305, "status": "affected", "confidence": "medium", "flooded_fraction": 1.0, "sampled": "centroid", "pixels": 0, "mean_probability": 0.7373}, "geometry": {"type": "Polygon", "coordinates": [[[85.2873648, 27.9109764], [85.2874298, 27.9109894], [85.2874527, 27.9109002], [85.2873877, 27.9108871], [85.2873648, 27.9109764]]]}}, {"type": "Feature", "properties": {"osm_id": 891119304, "status": "affected", "confidence": "medium", "flooded_fraction": 1.0, "sampled": "centroid", "pixels": 0, "mean_probability": 0.6789}, "geometry": {"type": "Polygon", "coordinates": [[[85.2875063, 27.9110558], [85.2875873, 27.9111275], [85.2876491, 27.911073], [85.287568, 27.9110013], [85.2875063, 27.9110558]]]}}, {"type": "Feature", "properties": {"osm_id": 891048492, "status": "affected", "confidence": "medium", "flooded_fraction": 1.0, "sampled": "centroid", "pixels": 0, "mean_probability": 0.8701}, "geometry": {"type": "Polygon", "coordinates": [[[85.2743715, 27.9156634], [85.2743985, 27.9156736], [85.2744053, 27.9156596], [85.2743783, 27.9156494], [85.2743715, 27.9156634]]]}}, {"type": "Feature", "properties": {"osm_id": 1041579519, "status": "affected", "confidence": "high", "flooded_fraction": 1.0, "sampled": "footprint", "pixels": 1, "mean_probability": 0.5464}, "geometry": {"type": "Polygon", "coordinates": [[[85.3100771, 27.9255415], [85.3101266, 27.9255967], [85.3102111, 27.9255374], [85.3101616, 27.9254822], [85.3100771, 27.9255415]]]}}, {"type": "Feature", "properties": {"osm_id": 891565339, "status": "affected", "confidence": "medium", "flooded_fraction": 1.0, "sampled": "centroid", "pixels": 0, "mean_probability": 0.5263}, "geometry": {"type": "Polygon", "coordinates": [[[85.349578, 27.8629436], [85.3496146, 27.8629026], [85.3493652, 27.8627283], [85.3493285, 27.8627693], [85.349578, 27.8629436]]]}}, {"type": "Feature", "properties": {"osm_id": 341661595, "status": "affected", "confidence": "high", "flooded_fraction": 1.0, "sampled": "footprint", "pixels": 1, "mean_probability": 0.5263}, "geometry": {"type": "Polygon", "coordinates": [[[85.3494617, 27.864404], [85.3494667, 27.8643621], [85.349428, 27.8643585], [85.3494162, 27.8644013], [85.3494617, 27.864404]]]}}, {"type": "Feature", "properties": {"osm_id": 341855099, "status": "affected", "confidence": "medium", "flooded_fraction": 1.0, "sampled": "centroid", "pixels": 0, "mean_probability": 0.5211}, "geometry": {"type": "Polygon", "coordinates": [[[85.2807271, 27.8731217], [85.2806521, 27.8732283], [85.2807263, 27.8732691], [85.2808013, 27.8731624], [85.2807271, 27.8731217]]]}}, {"type": "Feature", "properties": {"osm_id": 922504698, "status": "affected", "confidence": "medium", "flooded_fraction": 1.0, "sampled": "centroid", "pixels": 0, "mean_probability": 0.5768}, "geometry": {"type": "Polygon", "coordinates": [[[85.2712116, 27.8723765], [85.2712779, 27.8724008], [85.2713313, 27.8722868], [85.2712217, 27.8722467], [85.2712022, 27.8722883], [85.2712454, 27.8723041], [85.2712116, 27.8723765]]]}}, {"type": "Feature", "properties": {"osm_id": 922502751, "status": "affected", "confidence": "medium", "flooded_fraction": 1.0, "sampled": "centroid", "pixels": 0, "mean_probability": 0.6017}, "geometry": {"type": "Polygon", "coordinates": [[[85.2690183, 27.8736574], [85.2691137, 27.8736995], [85.2691807, 27.8735811], [85.2690853, 27.8735389], [85.2690183, 27.8736574]]]}}, {"type": "Feature", "properties": {"osm_id": 341729706, "status": "affected", "confidence": "high", "flooded_fraction": 1.0, "sampled": "footprint", "pixels": 1, "mean_probability": 0.6017}, "geometry": {"type": "Polygon", "coordinates": [[[85.2535212, 27.8728369], [85.2535104, 27.8728801], [85.2535592, 27.8728896], [85.2535699, 27.8728464], [85.2535212, 27.8728369]]]}}, {"type": "Feature", "properties": {"osm_id": 890512705, "status": "affected", "confidence": "medium", "flooded_fraction": 1.0, "sampled": "centroid", "pixels": 0, "mean_probability": 0.5274}, "geometry": {"type": "Polygon", "coordinates": [[[85.2112169, 27.9086109], [85.2112629, 27.9086157], [85.211269, 27.9085707], [85.2112229, 27.9085659], [85.2112169, 27.9086109]]]}}, {"type": "Feature", "properties": {"osm_id": 887181692, "status": "affected", "confidence": "medium", "flooded_fraction": 1.0, "sampled": "centroid", "pixels": 0, "mean_probability": 0.5401}, "geometry": {"type": "Polygon", "coordinates": [[[85.2064821, 27.8999733], [85.2065733, 27.8999733], [85.2065733, 27.8999271], [85.2064821, 27.8999271], [85.2064821, 27.8999733]]]}}, {"type": "Feature", "properties": {"osm_id": 342548584, "status": "affected", "confidence": "medium", "flooded_fraction": 1.0, "sampled": "centroid", "pixels": 0, "mean_probability": 0.7054}, "geometry": {"type": "Polygon", "coordinates": [[[85.2070957, 27.8992236], [85.2071112, 27.8992647], [85.2071887, 27.8992418], [85.2071732, 27.8992007], [85.2070957, 27.8992236]]]}}, {"type": "Feature", "properties": {"osm_id": 920040423, "status": "affected", "confidence": "medium", "flooded_fraction": 1.0, "sampled": "centroid", "pixels": 0, "mean_probability": 0.6345}, "geometry": {"type": "Polygon", "coordinates": [[[85.1770579, 27.8810527], [85.1771625, 27.881036], [85.1771453, 27.8809523], [85.1770408, 27.8809691], [85.1770579, 27.8810527]]]}}, {"type": "Feature", "properties": {"osm_id": 341636501, "status": "affected", "confidence": "medium", "flooded_fraction": 1.0, "sampled": "centroid", "pixels": 0, "mean_probability": 0.5023}, "geometry": {"type": "Polygon", "coordinates": [[[85.2116125, 27.9084976], [85.2115895, 27.9084464], [85.2116458, 27.9084267], [85.2116687, 27.9084778], [85.2116125, 27.9084976]]]}}, {"type": "Feature", "properties": {"osm_id": 890499819, "status": "affected", "confidence": "medium", "flooded_fraction": 1.0, "sampled": "centroid", "pixels": 0, "mean_probability": 0.5207}, "geometry": {"type": "Polygon", "coordinates": [[[85.2314501, 27.9020534], [85.2314906, 27.9020782], [85.2315805, 27.9019639], [85.23154, 27.901939], [85.2314501, 27.9020534]]]}}, {"type": "Feature", "properties": {"osm_id": 890499816, "status": "affected", "confidence": "high", "flooded_fraction": 1.0, "sampled": "footprint", "pixels": 1, "mean_probability": 0.5207}, "geometry": {"type": "Polygon", "coordinates": [[[85.2317727, 27.9020878], [85.2318134, 27.9021086], [85.2318429, 27.9020636], [85.2318022, 27.9020427], [85.2317727, 27.9020878]]]}}, {"type": "Feature", "properties": {"osm_id": 890499845, "status": "affected", "confidence": "medium", "flooded_fraction": 1.0, "sampled": "centroid", "pixels": 0, "mean_probability": 0.651}, "geometry": {"type": "Polygon", "coordinates": [[[85.2302076, 27.9011888], [85.2302626, 27.9011206], [85.2301656, 27.9010595], [85.2301106, 27.9011277], [85.2302076, 27.9011888]]]}}, {"type": "Feature", "properties": {"osm_id": 342169068, "status": "affected", "confidence": "medium", "flooded_fraction": 1.0, "sampled": "centroid", "pixels": 0, "mean_probability": 0.664}, "geometry": {"type": "Polygon", "coordinates": [[[85.2324123, 27.8984922], [85.2324499, 27.8985064], [85.2324708, 27.8984633], [85.2324332, 27.8984491], [85.2324123, 27.8984922]]]}}, {"type": "Feature", "properties": {"osm_id": 847027733, "status": "affected", "confidence": "medium", "flooded_fraction": 1.0, "sampled": "centroid", "pixels": 0, "mean_probability": 0.9994}, "geometry": {"type": "Polygon", "coordinates": [[[85.1833896, 27.9933025], [85.1834285, 27.9933552], [85.1834717, 27.9933304], [85.1834328, 27.9932777], [85.1833896, 27.9933025]]]}}, {"type": "Feature", "properties": {"osm_id": 854887286, "status": "affected", "confidence": "medium", "flooded_fraction": 1.0, "sampled": "centroid", "pixels": 0, "mean_probability": 0.7548}, "geometry": {"type": "Polygon", "coordinates": [[[85.1841098, 27.9924546], [85.1841621, 27.9926464], [85.184202, 27.9926379], [85.1841497, 27.9924461], [85.1841098, 27.9924546]]]}}, {"type": "Feature", "properties": {"osm_id": 890524643, "status": "affected", "confidence": "medium", "flooded_fraction": 1.0, "sampled": "centroid", "pixels": 0, "mean_probability": 0.5482}, "geometry": {"type": "Polygon", "coordinates": [[[85.2378442, 27.9002531], [85.2378826, 27.9002545], [85.2378847, 27.9002116], [85.2378463, 27.9002101], [85.2378442, 27.9002531]]]}}, {"type": "Feature", "properties": {"osm_id": 890566630, "status": "affected", "confidence": "medium", "flooded_fraction": 1.0, "sampled": "centroid", "pixels": 0, "mean_probability": 0.5635}, "geometry": {"type": "Polygon", "coordinates": [[[85.2345977, 27.8966615], [85.2346474, 27.8966569], [85.2346423, 27.8966135], [85.2345925, 27.8966181], [85.2345977, 27.8966615]]]}}, {"type": "Feature", "properties": {"osm_id": 847027832, "status": "affected", "confidence": "medium", "flooded_fraction": 1.0, "sampled": "centroid", "pixels": 0, "mean_probability": 0.9422}, "geometry": {"type": "Polygon", "coordinates": [[[85.18287, 27.9920946], [85.1829384, 27.9921267], [85.1829672, 27.9920787], [85.1828988, 27.9920466], [85.18287, 27.9920946]]]}}, {"type": "Feature", "properties": {"osm_id": 342548489, "status": "affected", "confidence": "medium", "flooded_fraction": 1.0, "sampled": "centroid", "pixels": 0, "mean_probability": 0.543}, "geometry": {"type": "Polygon", "coordinates": [[[85.2072572, 27.9010144], [85.2072015, 27.9010353], [85.2072381, 27.9011115], [85.2072938, 27.9010905], [85.2072572, 27.9010144]]]}}, {"type": "Feature", "properties": {"osm_id": 342228440, "status": "affected", "confidence": "medium", "flooded_fraction": 1.0, "sampled": "centroid", "pixels": 0, "mean_probability": 0.5459}, "geometry": {"type": "Polygon", "coordinates": [[[85.1987163, 27.9032769], [85.1987985, 27.9033216], [85.1988433, 27.9032572], [85.1987612, 27.9032126], [85.1987163, 27.9032769]]]}}, {"type": "Feature", "properties": {"osm_id": 887181568, "status": "affected", "confidence": "high", "flooded_fraction": 1.0, "sampled": "footprint", "pixels": 1, "mean_probability": 0.5459}, "geometry": {"type": "Polygon", "coordinates": [[[85.1969375, 27.9033168], [85.1970335, 27.9032993], [85.1970254, 27.9032649], [85.1969294, 27.9032824], [85.1969375, 27.9033168]]]}}, {"type": "Feature", "properties": {"osm_id": 342228472, "status": "affected", "confidence": "medium", "flooded_fraction": 1.0, "sampled": "centroid", "pixels": 0, "mean_probability": 0.5459}, "geometry": {"type": "Polygon", "coordinates": [[[85.1987156, 27.9032893], [85.1986794, 27.9033414], [85.1987616, 27.9033861], [85.1987978, 27.903334], [85.1987156, 27.9032893]]]}}, {"type": "Feature", "properties": {"osm_id": 342140272, "status": "affected", "confidence": "medium", "flooded_fraction": 1.0, "sampled": "centroid", "pixels": 0, "mean_probability": 0.5299}, "geometry": {"type": "Polygon", "coordinates": [[[85.264063, 27.8760411], [85.2640456, 27.8759599], [85.2641277, 27.8759462], [85.2641451, 27.8760274], [85.264063, 27.8760411]]]}}, {"type": "Feature", "properties": {"osm_id": 847027771, "status": "affected", "confidence": "medium", "flooded_fraction": 1.0, "sampled": "centroid", "pixels": 0, "mean_probability": 0.6437}, "geometry": {"type": "Polygon", "coordinates": [[[85.1835928, 27.9927435], [85.1836555, 27.9927366], [85.1836475, 27.9926798], [85.1835848, 27.9926867], [85.1835928, 27.9927435]]]}}, {"type": "Feature", "properties": {"osm_id": 854887285, "status": "affected", "confidence": "medium", "flooded_fraction": 1.0, "sampled": "centroid", "pixels": 0, "mean_probability": 0.6437}, "geometry": {"type": "Polygon", "coordinates": [[[85.1837128, 27.9927021], [85.1836699, 27.9927106], [85.1836819, 27.992758], [85.1837249, 27.9927495], [85.1837128, 27.9927021]]]}}, {"type": "Feature", "properties": {"osm_id": 847027810, "status": "affected", "confidence": "medium", "flooded_fraction": 1.0, "sampled": "centroid", "pixels": 0, "mean_probability": 0.8945}, "geometry": {"type": "Polygon", "coordinates": [[[85.1829176, 27.9929022], [85.1829768, 27.9929093], [85.1829882, 27.9928347], [85.182929, 27.9928276], [85.1829176, 27.9929022]]]}}, {"type": "Feature", "properties": {"osm_id": 847027817, "status": "affected", "confidence": "medium", "flooded_fraction": 1.0, "sampled": "centroid", "pixels": 0, "mean_probability": 0.974}, "geometry": {"type": "Polygon", "coordinates": [[[85.1828056, 27.9926879], [85.1829149, 27.9927258], [85.1829507, 27.9926451], [85.1828414, 27.9926072], [85.1828056, 27.9926879]]]}}, {"type": "Feature", "properties": {"osm_id": 891124375, "status": "affected", "confidence": "medium", "flooded_fraction": 1.0, "sampled": "centroid", "pixels": 0, "mean_probability": 0.5472}, "geometry": {"type": "Polygon", "coordinates": [[[85.2871817, 27.9153055], [85.2872151, 27.9153048], [85.2872138, 27.9152568], [85.2871804, 27.9152575], [85.2871817, 27.9153055]]]}}, {"type": "Feature", "properties": {"osm_id": 889087504, "status": "affected", "confidence": "medium", "flooded_fraction": 1.0, "sampled": "centroid", "pixels": 0, "mean_probability": 0.648}, "geometry": {"type": "Polygon", "coordinates": [[[85.2429955, 27.9045162], [85.243003, 27.904443], [85.243106, 27.9044513], [85.2430985, 27.9045244], [85.2429955, 27.9045162]]]}}, {"type": "Feature", "properties": {"osm_id": 344860198, "status": "affected", "confidence": "medium", "flooded_fraction": 1.0, "sampled": "centroid", "pixels": 0, "mean_probability": 0.8723}, "geometry": {"type": "Polygon", "coordinates": [[[85.2439633, 27.9044943], [85.2439874, 27.9044137], [85.2441028, 27.9044351], [85.2440786, 27.9045156], [85.2439633, 27.9044943]]]}}, {"type": "Feature", "properties": {"osm_id": 889083814, "status": "affected", "confidence": "medium", "flooded_fraction": 1.0, "sampled": "centroid", "pixels": 0, "mean_probability": 0.7251}, "geometry": {"type": "Polygon", "coordinates": [[[85.2429815, 27.9038574], [85.2429921, 27.9037707], [85.2430938, 27.9037804], [85.2430832, 27.9038671], [85.2429815, 27.9038574]]]}}, {"type": "Feature", "properties": {"osm_id": 342083199, "status": "affected", "confidence": "high", "flooded_fraction": 1.0, "sampled": "footprint", "pixels": 1, "mean_probability": 0.7251}, "geometry": {"type": "Polygon", "coordinates": [[[85.2400629, 27.9033179], [85.2400697, 27.9032103], [85.2400105, 27.9032073], [85.2400036, 27.9033149], [85.2400629, 27.9033179]]]}}, {"type": "Feature", "properties": {"osm_id": 342207721, "status": "affected", "confidence": "high", "flooded_fraction": 1.0, "sampled": "footprint", "pixels": 1, "mean_probability": 0.7706}, "geometry": {"type": "Polygon", "coordinates": [[[85.2345515, 27.9032941], [85.2345937, 27.9033057], [85.2346142, 27.9032477], [85.234572, 27.903236], [85.2345515, 27.9032941]]]}}, {"type": "Feature", "properties": {"osm_id": 890512542, "status": "affected", "confidence": "medium", "flooded_fraction": 1.0, "sampled": "centroid", "pixels": 0, "mean_probability": 0.5207}, "geometry": {"type": "Polygon", "coordinates": [[[85.2214368, 27.905091], [85.2215601, 27.905078], [85.2215477, 27.9049863], [85.2214244, 27.9049994], [85.2214368, 27.905091]]]}}, {"type": "Feature", "properties": {"osm_id": 342149400, "status": "affected", "confidence": "high", "flooded_fraction": 1.0, "sampled": "footprint", "pixels": 1, "mean_probability": 0.5207}, "geometry": {"type": "Polygon", "coordinates": [[[85.2204209, 27.9052534], [85.2205297, 27.9052552], [85.220531, 27.9051952], [85.2204221, 27.9051934], [85.2204209, 27.9052534]]]}}, {"type": "Feature", "properties": {"osm_id": 890499829, "status": "affected", "confidence": "medium", "flooded_fraction": 1.0, "sampled": "centroid", "pixels": 0, "mean_probability": 0.7716}, "geometry": {"type": "Polygon", "coordinates": [[[85.2310418, 27.9021055], [85.2311131, 27.9021426], [85.23116, 27.9020721], [85.2310887, 27.902035], [85.2310418, 27.9021055]]]}}, {"type": "Feature", "properties": {"osm_id": 342169067, "status": "affected", "confidence": "medium", "flooded_fraction": 1.0, "sampled": "centroid", "pixels": 0, "mean_probability": 0.664}, "geometry": {"type": "Polygon", "coordinates": [[[85.2324562, 27.8985342], [85.2324885, 27.8985533], [85.2325286, 27.8985002], [85.2324962, 27.8984811], [85.2324562, 27.8985342]]]}}, {"type": "Feature", "properties": {"osm_id": 890499928, "status": "affected", "confidence": "medium", "flooded_fraction": 1.0, "sampled": "centroid", "pixels": 0, "mean_probability": 0.6701}, "geometry": {"type": "Polygon", "coordinates": [[[85.2258671, 27.8980645], [85.2259033, 27.8980695], [85.2259194, 27.8979782], [85.2258832, 27.8979733], [85.2258671, 27.8980645]]]}}, {"type": "Feature", "properties": {"osm_id": 886398164, "status": "affected", "confidence": "medium", "flooded_fraction": 1.0, "sampled": "centroid", "pixels": 0, "mean_probability": 0.7329}, "geometry": {"type": "Polygon", "coordinates": [[[85.1856267, 27.9730924], [85.1856305, 27.9731187], [85.1856663, 27.9731146], [85.1856624, 27.9730883], [85.1856267, 27.9730924]]]}}, {"type": "Feature", "properties": {"osm_id": 886398158, "status": "affected", "confidence": "medium", "flooded_fraction": 1.0, "sampled": "centroid", "pixels": 0, "mean_probability": 0.9928}, "geometry": {"type": "Polygon", "coordinates": [[[85.1856455, 27.971907], [85.1856983, 27.9719383], [85.185724, 27.9719045], [85.1856712, 27.9718732], [85.1856455, 27.971907]]]}}, {"type": "Feature", "properties": {"osm_id": 341622736, "status": "affected", "confidence": "high", "flooded_fraction": 1.0, "sampled": "footprint", "pixels": 1, "mean_probability": 0.9928}, "geometry": {"type": "Polygon", "coordinates": [[[85.1732662, 27.9723715], [85.1733006, 27.9723472], [85.1732594, 27.9723017], [85.173225, 27.972326], [85.1732662, 27.9723715]]]}}, {"type": "Feature", "properties": {"osm_id": 1041579428, "status": "affected", "confidence": "medium", "flooded_fraction": 1.0, "sampled": "centroid", "pixels": 0, "mean_probability": 0.8122}, "geometry": {"type": "Polygon", "coordinates": [[[85.3104623, 27.9249612], [85.3105086, 27.9249336], [85.3104539, 27.9248619], [85.3104077, 27.9248895], [85.3104623, 27.9249612]]]}}, {"type": "Feature", "properties": {"osm_id": 859950252, "status": "affected", "confidence": "medium", "flooded_fraction": 1.0, "sampled": "centroid", "pixels": 0, "mean_probability": 0.6606}, "geometry": {"type": "Polygon", "coordinates": [[[85.1594274, 27.9560494], [85.1595253, 27.9560494], [85.1595253, 27.9559701], [85.1594274, 27.9559701], [85.1594274, 27.9560494]]]}}, {"type": "Feature", "properties": {"osm_id": 859950253, "status": "affected", "confidence": "medium", "flooded_fraction": 1.0, "sampled": "centroid", "pixels": 0, "mean_probability": 0.6611}, "geometry": {"type": "Polygon", "coordinates": [[[85.1593785, 27.9560518], [85.1594152, 27.9560541], [85.1594185, 27.9560127], [85.1593819, 27.9560104], [85.1593785, 27.9560518]]]}}, {"type": "Feature", "properties": {"osm_id": 886391944, "status": "affected", "confidence": "medium", "flooded_fraction": 1.0, "sampled": "centroid", "pixels": 0, "mean_probability": 0.674}, "geometry": {"type": "Polygon", "coordinates": [[[85.1701463, 27.9654834], [85.1702418, 27.9655079], [85.1702634, 27.9654576], [85.170171, 27.9654276], [85.1701463, 27.9654834]]]}}, {"type": "Feature", "properties": {"osm_id": 859950108, "status": "affected", "confidence": "high", "flooded_fraction": 1.0, "sampled": "footprint", "pixels": 1, "mean_probability": 0.674}, "geometry": {"type": "Polygon", "coordinates": [[[85.1634642, 27.9661134], [85.1635159, 27.966143], [85.1635454, 27.9661027], [85.1634937, 27.9660731], [85.1634642, 27.9661134]]]}}, {"type": "Feature", "properties": {"osm_id": 889087509, "status": "affected", "confidence": "medium", "flooded_fraction": 1.0, "sampled": "centroid", "pixels": 0, "mean_probability": 0.5618}, "geometry": {"type": "Polygon", "coordinates": [[[85.243891, 27.9044431], [85.243908, 27.9043545], [85.2439606, 27.9043624], [85.2439403, 27.9044676], [85.243891, 27.9044431]]]}}, {"type": "Feature", "properties": {"osm_id": 342083250, "status": "affected", "confidence": "medium", "flooded_fraction": 1.0, "sampled": "centroid", "pixels": 0, "mean_probability": 0.8526}, "geometry": {"type": "Polygon", "coordinates": [[[85.2451318, 27.903546], [85.2452112, 27.9035702], [85.2452472, 27.903478], [85.2451678, 27.9034538], [85.2451318, 27.903546]]]}}, {"type": "Feature", "properties": {"osm_id": 890566629, "status": "affected", "confidence": "medium", "flooded_fraction": 1.0, "sampled": "centroid", "pixels": 0, "mean_probability": 0.5635}, "geometry": {"type": "Polygon", "coordinates": [[[85.2344522, 27.8966908], [85.2344993, 27.8966865], [85.2344954, 27.8966538], [85.2344483, 27.8966581], [85.2344522, 27.8966908]]]}}, {"type": "Feature", "properties": {"osm_id": 887181686, "status": "affected", "confidence": "medium", "flooded_fraction": 1.0, "sampled": "centroid", "pixels": 0, "mean_probability": 0.5771}, "geometry": {"type": "Polygon", "coordinates": [[[85.2075429, 27.8995052], [85.2076492, 27.8995162], [85.2076546, 27.8994759], [85.2075483, 27.8994649], [85.2075429, 27.8995052]]]}}, {"type": "Feature", "properties": {"osm_id": 887181685, "status": "affected", "confidence": "medium", "flooded_fraction": 1.0, "sampled": "centroid", "pixels": 0, "mean_probability": 0.5771}, "geometry": {"type": "Polygon", "coordinates": [[[85.2076744, 27.8995158], [85.2077622, 27.8995269], [85.2077689, 27.8994855], [85.2076811, 27.8994744], [85.2076744, 27.8995158]]]}}, {"type": "Feature", "properties": {"osm_id": 342548486, "status": "affected", "confidence": "high", "flooded_fraction": 1.0, "sampled": "footprint", "pixels": 1, "mean_probability": 0.5771}, "geometry": {"type": "Polygon", "coordinates": [[[85.2077398, 27.8992301], [85.2077419, 27.8991749], [85.2075637, 27.8991695], [85.2075615, 27.8992247], [85.2077398, 27.8992301]]]}}, {"type": "Feature", "properties": {"osm_id": 887181680, "status": "affected", "confidence": "medium", "flooded_fraction": 1.0, "sampled": "centroid", "pixels": 0, "mean_probability": 0.6951}, "geometry": {"type": "Polygon", "coordinates": [[[85.2075795, 27.8992779], [85.2076479, 27.899277], [85.2076492, 27.8992394], [85.2075795, 27.899237], [85.2075795, 27.8992779]]]}}, {"type": "Feature", "properties": {"osm_id": 890563851, "status": "affected", "confidence": "medium", "flooded_fraction": 1.0, "sampled": "centroid", "pixels": 0, "mean_probability": 0.6215}, "geometry": {"type": "Polygon", "coordinates": [[[85.2366922, 27.8905024], [85.236749, 27.8904889], [85.2367366, 27.8904481], [85.2366798, 27.8904615], [85.2366922, 27.8905024]]]}}, {"type": "Feature", "properties": {"osm_id": 341496155, "status": "affected", "confidence": "medium", "flooded_fraction": 1.0, "sampled": "centroid", "pixels": 0, "mean_probability": 0.5758}, "geometry": {"type": "Polygon", "coordinates": [[[85.287337, 27.9154804], [85.287428, 27.915496], [85.2874384, 27.9154486], [85.2873473, 27.9154331], [85.287337, 27.9154804]]]}}, {"type": "Feature", "properties": {"osm_id": 340558304, "status": "affected", "confidence": "medium", "flooded_fraction": 1.0, "sampled": "centroid", "pixels": 0, "mean_probability": 0.533}, "geometry": {"type": "Polygon", "coordinates": [[[85.2955598, 27.9192326], [85.2956245, 27.9192771], [85.2956615, 27.9192319], [85.2955933, 27.919191], [85.2955598, 27.9192326]]]}}, {"type": "Feature", "properties": {"osm_id": 1041466913, "status": "affected", "confidence": "medium", "flooded_fraction": 1.0, "sampled": "centroid", "pixels": 0, "mean_probability": 0.5462}, "geometry": {"type": "Polygon", "coordinates": [[[85.3406543, 27.9213811], [85.3406788, 27.9213412], [85.3405862, 27.9212968], [85.3405617, 27.9213366], [85.3406543, 27.9213811]]]}}, {"type": "Feature", "properties": {"osm_id": 890517471, "status": "affected", "confidence": "medium", "flooded_fraction": 1.0, "sampled": "centroid", "pixels": 0, "mean_probability": 0.573}, "geometry": {"type": "Polygon", "coordinates": [[[85.251914, 27.9151805], [85.2519741, 27.9151777], [85.2519688, 27.9150853], [85.2519087, 27.915088], [85.251914, 27.9151805]]]}}, {"type": "Feature", "properties": {"osm_id": 342075515, "status": "affected", "confidence": "medium", "flooded_fraction": 1.0, "sampled": "centroid", "pixels": 0, "mean_probability": 0.9041}, "geometry": {"type": "Polygon", "coordinates": [[[85.1850901, 27.9961652], [85.1851369, 27.9961262], [85.1850928, 27.9960849], [85.1850459, 27.9961239], [85.1850901, 27.9961652]]]}}, {"type": "Feature", "properties": {"osm_id": 847027763, "status": "affected", "confidence": "medium", "flooded_fraction": 1.0, "sampled": "centroid", "pixels": 0, "mean_probability": 0.7299}, "geometry": {"type": "Polygon", "coordinates": [[[85.1835304, 27.9922758], [85.1835709, 27.9923839], [85.183648, 27.9923614], [85.1836076, 27.9922533], [85.1835304, 27.9922758]]]}}, {"type": "Feature", "properties": {"osm_id": 847027841, "status": "affected", "confidence": "medium", "flooded_fraction": 1.0, "sampled": "centroid", "pixels": 0, "mean_probability": 0.5724}, "geometry": {"type": "Polygon", "coordinates": [[[85.1825347, 27.9929247], [85.1826184, 27.992919], [85.1826154, 27.9928847], [85.1825855, 27.9928867], [85.1825838, 27.9928672], [85.18253, 27.9928708], [85.1825347, 27.9929247]]]}}, {"type": "Feature", "properties": {"osm_id": 847027839, "status": "affected", "confidence": "medium", "flooded_fraction": 1.0, "sampled": "centroid", "pixels": 0, "mean_probability": 0.8943}, "geometry": {"type": "Polygon", "coordinates": [[[85.1825669, 27.992721], [85.1825653, 27.9927718], [85.182637, 27.9927736], [85.1826386, 27.9927228], [85.1825669, 27.992721]]]}}, {"type": "Feature", "properties": {"osm_id": 847027799, "status": "affected", "confidence": "medium", "flooded_fraction": 1.0, "sampled": "centroid", "pixels": 0, "mean_probability": 0.9337}, "geometry": {"type": "Polygon", "coordinates": [[[85.1830879, 27.9933333], [85.1831353, 27.9933167], [85.1831045, 27.993248], [85.183057, 27.9932646], [85.1830879, 27.9933333]]]}}, {"type": "Feature", "properties": {"osm_id": 847027754, "status": "affected", "confidence": "medium", "flooded_fraction": 1.0, "sampled": "centroid", "pixels": 0, "mean_probability": 0.9823}, "geometry": {"type": "Polygon", "coordinates": [[[85.1832857, 27.9921431], [85.183344, 27.9921349], [85.1833359, 27.9920904], [85.1832776, 27.9920987], [85.1832857, 27.9921431]]]}}, {"type": "Feature", "properties": {"osm_id": 803106637, "status": "affected", "confidence": "medium", "flooded_fraction": 1.0, "sampled": "centroid", "pixels": 0, "mean_probability": 0.9212}, "geometry": {"type": "Polygon", "coordinates": [[[85.1848249, 27.9699431], [85.1848595, 27.9700399], [85.1849774, 27.9700071], [85.1849651, 27.9699727], [85.18501, 27.9699602], [85.1849877, 27.9698977], [85.1848249, 27.9699431]]]}}, {"type": "Feature", "properties": {"osm_id": 341809289, "status": "affected", "confidence": "high", "flooded_fraction": 1.0, "sampled": "footprint", "pixels": 1, "mean_probability": 0.9212}, "geometry": {"type": "Polygon", "coordinates": [[[85.1794851, 28.0276285], [85.1795474, 28.0275781], [85.1794428, 28.0274774], [85.1793805, 28.0275278], [85.1794851, 28.0276285]]]}}, {"type": "Feature", "properties": {"osm_id": 848313674, "status": "affected", "confidence": "medium", "flooded_fraction": 1.0, "sampled": "centroid", "pixels": 0, "mean_probability": 0.9236}, "geometry": {"type": "Polygon", "coordinates": [[[85.1833373, 27.9955216], [85.1834688, 27.995524], [85.1834713, 27.995414], [85.1833399, 27.9954116], [85.1833373, 27.9955216]]]}}, {"type": "Feature", "properties": {"osm_id": 847027774, "status": "affected", "confidence": "high", "flooded_fraction": 1.0, "sampled": "footprint", "pixels": 1, "mean_probability": 0.9236}, "geometry": {"type": "Polygon", "coordinates": [[[85.1836136, 27.9928016], [85.1836766, 27.9927856], [85.1836605, 27.9927359], [85.1835974, 27.9927519], [85.1836136, 27.9928016]]]}}, {"type": "Feature", "properties": {"osm_id": 847027802, "status": "affected", "confidence": "medium", "flooded_fraction": 1.0, "sampled": "centroid", "pixels": 0, "mean_probability": 0.8082}, "geometry": {"type": "Polygon", "coordinates": [[[85.1827982, 27.9931651], [85.1828622, 27.993154], [85.1828488, 27.9930936], [85.1827848, 27.9931047], [85.1827982, 27.9931651]]]}}, {"type": "Feature", "properties": {"osm_id": 847027750, "status": "affected", "confidence": "medium", "flooded_fraction": 1.0, "sampled": "centroid", "pixels": 0, "mean_probability": 0.9799}, "geometry": {"type": "Polygon", "coordinates": [[[85.1830979, 27.9922616], [85.1831508, 27.9922734], [85.1831803, 27.992171], [85.1831274, 27.9921591], [85.1830979, 27.9922616]]]}}, {"type": "Feature", "properties": {"osm_id": 923909196, "status": "affected", "confidence": "medium", "flooded_fraction": 1.0, "sampled": "centroid", "pixels": 0, "mean_probability": 0.9359}, "geometry": {"type": "Polygon", "coordinates": [[[85.1767853, 27.9826294], [85.1768152, 27.9826576], [85.1768368, 27.9826397], [85.1768266, 27.9826301], [85.1768141, 27.9826404], [85.1767945, 27.9826218], [85.1767853, 27.9826294]]]}}, {"type": "Feature", "properties": {"osm_id": 886471667, "status": "affected", "confidence": "medium", "flooded_fraction": 1.0, "sampled": "centroid", "pixels": 0, "mean_probability": 0.8276}, "geometry": {"type": "Polygon", "coordinates": [[[85.1820315, 27.9869116], [85.1819215, 27.986892], [85.1819408, 27.986808], [85.1820507, 27.9868276], [85.1820315, 27.9869116]]]}}, {"type": "Feature", "properties": {"osm_id": 854968041, "status": "affected", "confidence": "high", "flooded_fraction": 1.0, "sampled": "footprint", "pixels": 1, "mean_probability": 0.8276}, "geometry": {"type": "Polygon", "coordinates": [[[85.1756374, 28.0041912], [85.1756378, 28.0042138], [85.175682, 28.0042132], [85.1756816, 28.0041906], [85.1756374, 28.0041912]]]}}, {"type": "Feature", "properties": {"osm_id": 341587348, "status": "affected", "confidence": "medium", "flooded_fraction": 1.0, "sampled": "centroid", "pixels": 0, "mean_probability": 0.9611}, "geometry": {"type": "Polygon", "coordinates": [[[85.1716676, 27.9618062], [85.1717253, 27.9617547], [85.1716659, 27.9617028], [85.1716082, 27.9617544], [85.1716676, 27.9618062]]]}}, {"type": "Feature", "properties": {"osm_id": 519255256, "status": "affected", "confidence": "medium", "flooded_fraction": 1.0, "sampled": "centroid", "pixels": 0, "mean_probability": 0.9031}, "geometry": {"type": "Polygon", "coordinates": [[[85.1717981, 27.9618215], [85.1718256, 27.9618437], [85.1718658, 27.9618047], [85.1718382, 27.9617825], [85.1717981, 27.9618215]]]}}, {"type": "Feature", "properties": {"osm_id": 886387013, "status": "affected", "confidence": "medium", "flooded_fraction": 1.0, "sampled": "centroid", "pixels": 0, "mean_probability": 0.9787}, "geometry": {"type": "Polygon", "coordinates": [[[85.1727117, 27.9644982], [85.1727533, 27.964505], [85.1727564, 27.9644778], [85.1727841, 27.9644805], [85.1727856, 27.9644506], [85.1727163, 27.964441], [85.1727117, 27.9644982]]]}}, {"type": "Feature", "properties": {"osm_id": 890977303, "status": "affected", "confidence": "medium", "flooded_fraction": 1.0, "sampled": "centroid", "pixels": 0, "mean_probability": 0.8919}, "geometry": {"type": "Polygon", "coordinates": [[[85.1524819, 27.9306514], [85.1525174, 27.9307034], [85.1525529, 27.9306845], [85.1525174, 27.9306325], [85.1524819, 27.9306514]]]}}, {"type": "Feature", "properties": {"osm_id": 846895894, "status": "affected", "confidence": "medium", "flooded_fraction": 1.0, "sampled": "centroid", "pixels": 0, "mean_probability": 0.9503}, "geometry": {"type": "Polygon", "coordinates": [[[85.1849353, 27.9745528], [85.1849858, 27.9745526], [85.1849856, 27.9744944], [85.1849351, 27.9744945], [85.1849353, 27.9745528]]]}}, {"type": "Feature", "properties": {"osm_id": 341855123, "status": "affected", "confidence": "medium", "flooded_fraction": 1.0, "sampled": "centroid", "pixels": 0, "mean_probability": 0.505}, "geometry": {"type": "Polygon", "coordinates": [[[85.2786981, 27.8726362], [85.2788007, 27.8726595], [85.2788355, 27.8725397], [85.2787328, 27.8725164], [85.2786981, 27.8726362]]]}}, {"type": "Feature", "properties": {"osm_id": 886398166, "status": "affected", "confidence": "medium", "flooded_fraction": 1.0, "sampled": "centroid", "pixels": 0, "mean_probability": 0.7019}, "geometry": {"type": "Polygon", "coordinates": [[[85.1855718, 27.9733736], [85.1855906, 27.9734216], [85.1857057, 27.9733864], [85.1856869, 27.9733384], [85.1855718, 27.9733736]]]}}, {"type": "Feature", "properties": {"osm_id": 341049796, "status": "affected", "confidence": "medium", "flooded_fraction": 1.0, "sampled": "centroid", "pixels": 0, "mean_probability": 0.9118}, "geometry": {"type": "Polygon", "coordinates": [[[85.1791934, 27.9801327], [85.1792107, 27.9800951], [85.179293, 27.9801246], [85.1792758, 27.9801622], [85.1791934, 27.9801327]]]}}, {"type": "Feature", "properties": {"osm_id": 341049847, "status": "affected", "confidence": "medium", "flooded_fraction": 1.0, "sampled": "centroid", "pixels": 0, "mean_probability": 0.6758}, "geometry": {"type": "Polygon", "coordinates": [[[85.1718461, 27.9654175], [85.1718793, 27.9653598], [85.1719383, 27.9653863], [85.171905, 27.965444], [85.1718461, 27.9654175]]]}}, {"type": "Feature", "properties": {"osm_id": 891551028, "status": "affected", "confidence": "medium", "flooded_fraction": 1.0, "sampled": "centroid", "pixels": 0, "mean_probability": 0.6943}, "geometry": {"type": "Polygon", "coordinates": [[[85.2995769, 27.8608214], [85.2996547, 27.8608267], [85.2996586, 27.8607821], [85.2995808, 27.8607768], [85.2995769, 27.8608214]]]}}, {"type": "Feature", "properties": {"osm_id": 341635485, "status": "affected", "confidence": "medium", "flooded_fraction": 1.0, "sampled": "centroid", "pixels": 0, "mean_probability": 0.504}, "geometry": {"type": "Polygon", "coordinates": [[[85.3120697, 27.8589665], [85.3120875, 27.8588785], [85.3119891, 27.858863], [85.3119713, 27.8589511], [85.3120697, 27.8589665]]]}}, {"type": "Feature", "properties": {"osm_id": 341665379, "status": "affected", "confidence": "high", "flooded_fraction": 1.0, "sampled": "footprint", "pixels": 1, "mean_probability": 0.504}, "geometry": {"type": "Polygon", "coordinates": [[[85.3047382, 27.8578775], [85.3047987, 27.857913], [85.3047864, 27.8579294], [85.3047259, 27.8578939], [85.3047382, 27.8578775]]]}}, {"type": "Feature", "properties": {"osm_id": 341942303, "status": "affected", "confidence": "medium", "flooded_fraction": 1.0, "sampled": "centroid", "pixels": 0, "mean_probability": 0.7106}, "geometry": {"type": "Polygon", "coordinates": [[[85.184623, 28.0104697], [85.1846901, 28.0104838], [85.1847224, 28.0103639], [85.1846553, 28.0103498], [85.184623, 28.0104697]]]}}, {"type": "Feature", "properties": {"osm_id": 863483771, "status": "affected", "confidence": "high", "flooded_fraction": 1.0, "sampled": "footprint", "pixels": 1, "mean_probability": 0.7106}, "geometry": {"type": "Polygon", "coordinates": [[[85.1658775, 28.0104898], [85.1659512, 28.0105104], [85.1659874, 28.0104098], [85.1659137, 28.0103891], [85.1658775, 28.0104898]]]}}, {"type": "Feature", "properties": {"osm_id": 891525240, "status": "affected", "confidence": "medium", "flooded_fraction": 1.0, "sampled": "centroid", "pixels": 0, "mean_probability": 0.504}, "geometry": {"type": "Polygon", "coordinates": [[[85.3120887, 27.8588265], [85.3121236, 27.8588525], [85.3121646, 27.8588097], [85.3121297, 27.8587836], [85.3120887, 27.8588265]]]}}, {"type": "Feature", "properties": {"osm_id": 890528509, "status": "affected", "confidence": "medium", "flooded_fraction": 1.0, "sampled": "centroid", "pixels": 0, "mean_probability": 0.582}, "geometry": {"type": "Polygon", "coordinates": [[[85.2507493, 27.9142223], [85.2508217, 27.9142194], [85.2508163, 27.9141169], [85.2507439, 27.9141198], [85.2507493, 27.9142223]]]}}, {"type": "Feature", "properties": {"osm_id": 890977157, "status": "affected", "confidence": "medium", "flooded_fraction": 1.0, "sampled": "centroid", "pixels": 0, "mean_probability": 0.6221}, "geometry": {"type": "Polygon", "coordinates": [[[85.1563503, 27.9521698], [85.1563572, 27.952202], [85.1564136, 27.9521925], [85.1564066, 27.9521603], [85.1563503, 27.9521698]]]}}, {"type": "Feature", "properties": {"osm_id": 341698558, "status": "affected", "confidence": "medium", "flooded_fraction": 1.0, "sampled": "centroid", "pixels": 0, "mean_probability": 0.5968}, "geometry": {"type": "Polygon", "coordinates": [[[85.1548279, 27.9379322], [85.1548546, 27.9378896], [85.1549184, 27.9379207], [85.1548917, 27.9379633], [85.1548279, 27.9379322]]]}}, {"type": "Feature", "properties": {"osm_id": 341698553, "status": "affected", "confidence": "medium", "flooded_fraction": 1.0, "sampled": "centroid", "pixels": 0, "mean_probability": 0.945}, "geometry": {"type": "Polygon", "coordinates": [[[85.1561588, 27.9389177], [85.1562019, 27.9388833], [85.1562605, 27.9389407], [85.1562175, 27.938975], [85.1561588, 27.9389177]]]}}, {"type": "Feature", "properties": {"osm_id": 891929269, "status": "affected", "confidence": "medium", "flooded_fraction": 1.0, "sampled": "centroid", "pixels": 0, "mean_probability": 0.891}, "geometry": {"type": "Polygon", "coordinates": [[[85.1555617, 27.9383334], [85.1556274, 27.9383865], [85.155656, 27.938359], [85.1555903, 27.9383058], [85.1555617, 27.9383334]]]}}, {"type": "Feature", "properties": {"osm_id": 341697730, "status": "affected", "confidence": "high", "flooded_fraction": 1.0, "sampled": "footprint", "pixels": 1, "mean_probability": 0.891}, "geometry": {"type": "Polygon", "coordinates": [[[85.1585337, 27.9416631], [85.1585658, 27.9416402], [85.1585998, 27.9416773], [85.1585676, 27.9417003], [85.1585337, 27.9416631]]]}}, {"type": "Feature", "properties": {"osm_id": 890976919, "status": "affected", "confidence": "medium", "flooded_fraction": 1.0, "sampled": "centroid", "pixels": 0, "mean_probability": 0.8291}, "geometry": {"type": "Polygon", "coordinates": [[[85.1592913, 27.9430476], [85.159564, 27.9434284], [85.1596551, 27.9433775], [85.1593824, 27.9429967], [85.1592913, 27.9430476]]]}}, {"type": "Feature", "properties": {"osm_id": 341889605, "status": "affected", "confidence": "high", "flooded_fraction": 1.0, "sampled": "footprint", "pixels": 1, "mean_probability": 0.8291}, "geometry": {"type": "Polygon", "coordinates": [[[85.1553168, 27.9429469], [85.1553753, 27.9429444], [85.1553709, 27.9428637], [85.1553124, 27.9428662], [85.1553168, 27.9429469]]]}}, {"type": "Feature", "properties": {"osm_id": 886388190, "status": "affected", "confidence": "medium", "flooded_fraction": 1.0, "sampled": "centroid", "pixels": 0, "mean_probability": 0.9535}, "geometry": {"type": "Polygon", "coordinates": [[[85.1831939, 27.9693932], [85.1833193, 27.9693854], [85.183313, 27.9693074], [85.1831877, 27.9693153], [85.1831939, 27.9693932]]]}}, {"type": "Feature", "properties": {"osm_id": 886388195, "status": "affected", "confidence": "medium", "flooded_fraction": 1.0, "sampled": "centroid", "pixels": 0, "mean_probability": 0.7184}, "geometry": {"type": "Polygon", "coordinates": [[[85.1836823, 27.9694082], [85.1837332, 27.9694145], [85.18374, 27.9693725], [85.183689, 27.9693661], [85.1836823, 27.9694082]]]}}, {"type": "Feature", "properties": {"osm_id": 848313639, "status": "affected", "confidence": "medium", "flooded_fraction": 1.0, "sampled": "centroid", "pixels": 0, "mean_probability": 0.8619}, "geometry": {"type": "Polygon", "coordinates": [[[85.1845437, 28.0020794], [85.1845341, 28.0021372], [85.1845843, 28.0021437], [85.1845939, 28.0020859], [85.1845437, 28.0020794]]]}}, {"type": "Feature", "properties": {"osm_id": 891434943, "status": "affected", "confidence": "medium", "flooded_fraction": 1.0, "sampled": "centroid", "pixels": 0, "mean_probability": 0.6383}, "geometry": {"type": "Polygon", "coordinates": [[[85.2110526, 27.8563745], [85.2111357, 27.8563745], [85.2111357, 27.8563199], [85.2110526, 27.8563199], [85.2110526, 27.8563745]]]}}, {"type": "Feature", "properties": {"osm_id": 845558314, "status": "affected", "confidence": "medium", "flooded_fraction": 1.0, "sampled": "centroid", "pixels": 0, "mean_probability": 0.8948}, "geometry": {"type": "Polygon", "coordinates": [[[85.1895524, 27.9755788], [85.1896412, 27.9755142], [85.1897023, 27.9755797], [85.1896135, 27.9756443], [85.1895524, 27.9755788]]]}}, {"type": "Feature", "properties": {"osm_id": 853609362, "status": "affected", "confidence": "medium", "flooded_fraction": 1.0, "sampled": "centroid", "pixels": 0, "mean_probability": 0.8681}, "geometry": {"type": "Polygon", "coordinates": [[[85.1847254, 27.9741949], [85.1847643, 27.9742127], [85.1847767, 27.9741914], [85.1847378, 27.9741737], [85.1847254, 27.9741949]]]}}, {"type": "Feature", "properties": {"osm_id": 886466489, "status": "affected", "confidence": "medium", "flooded_fraction": 1.0, "sampled": "centroid", "pixels": 0, "mean_probability": 0.685}, "geometry": {"type": "Polygon", "coordinates": [[[85.1849293, 27.9704355], [85.1849409, 27.970495], [85.1849984, 27.9704863], [85.1849868, 27.9704268], [85.1849293, 27.9704355]]]}}, {"type": "Feature", "properties": {"osm_id": 886398151, "status": "affected", "confidence": "medium", "flooded_fraction": 1.0, "sampled": "centroid", "pixels": 0, "mean_probability": 0.9808}, "geometry": {"type": "Polygon", "coordinates": [[[85.1853435, 27.9713532], [85.1853537, 27.9713848], [85.1855283, 27.9713408], [85.1855181, 27.9713092], [85.1853435, 27.9713532]]]}}, {"type": "Feature", "properties": {"osm_id": 912640594, "status": "affected", "confidence": "medium", "flooded_fraction": 1.0, "sampled": "centroid", "pixels": 0, "mean_probability": 0.9852}, "geometry": {"type": "Polygon", "coordinates": [[[85.1856789, 27.9724716], [85.1857728, 27.9724467], [85.1857594, 27.9724074], [85.1856655, 27.9724323], [85.1856789, 27.9724716]]]}}, {"type": "Feature", "properties": {"osm_id": 341771050, "status": "affected", "confidence": "high", "flooded_fraction": 1.0, "sampled": "footprint", "pixels": 1, "mean_probability": 0.9852}, "geometry": {"type": "Polygon", "coordinates": [[[85.1746355, 27.9972743], [85.174704, 27.9972757], [85.1747048, 27.9972472], [85.1747602, 27.9972483], [85.1747614, 27.997202], [85.1746374, 27.9971995], [85.1746355, 27.9972743]]]}}, {"type": "Feature", "properties": {"osm_id": 341623023, "status": "affected", "confidence": "medium", "flooded_fraction": 1.0, "sampled": "centroid", "pixels": 0, "mean_probability": 0.9443}, "geometry": {"type": "Polygon", "coordinates": [[[85.1799775, 27.9799908], [85.1800917, 27.9799918], [85.1800927, 27.9799086], [85.1800054, 27.9799078], [85.180005, 27.9799417], [85.179978, 27.9799415], [85.1799775, 27.9799908]]]}}, {"type": "Feature", "properties": {"osm_id": 886471624, "status": "affected", "confidence": "medium", "flooded_fraction": 1.0, "sampled": "centroid", "pixels": 0, "mean_probability": 0.8276}, "geometry": {"type": "Polygon", "coordinates": [[[85.1803868, 27.9797479], [85.1802656, 27.9797337], [85.1802715, 27.9796943], [85.1803928, 27.9797085], [85.1803868, 27.9797479]]]}}, {"type": "Feature", "properties": {"osm_id": 886471631, "status": "affected", "confidence": "medium", "flooded_fraction": 1.0, "sampled": "centroid", "pixels": 0, "mean_probability": 0.7578}, "geometry": {"type": "Polygon", "coordinates": [[[85.1805168, 27.9793101], [85.1804645, 27.9793097], [85.1804696, 27.9792581], [85.1805158, 27.9792581], [85.180524, 27.9792563], [85.1805168, 27.9793101]]]}}, {"type": "Feature", "properties": {"osm_id": 341654759, "status": "affected", "confidence": "medium", "flooded_fraction": 1.0, "sampled": "centroid", "pixels": 0, "mean_probability": 0.785}, "geometry": {"type": "Polygon", "coordinates": [[[85.1520101, 27.9356618], [85.1520434, 27.9356891], [85.1521108, 27.935625], [85.1520776, 27.9355977], [85.1520101, 27.9356618]]]}}, {"type": "Feature", "properties": {"osm_id": 847027818, "status": "affected", "confidence": "medium", "flooded_fraction": 1.0, "sampled": "centroid", "pixels": 0, "mean_probability": 0.8945}, "geometry": {"type": "Polygon", "coordinates": [[[85.1827539, 27.9929271], [85.1828183, 27.9930135], [85.1828633, 27.9929875], [85.1827989, 27.992901], [85.1827539, 27.9929271]]]}}, {"type": "Feature", "properties": {"osm_id": 847027787, "status": "affected", "confidence": "medium", "flooded_fraction": 1.0, "sampled": "centroid", "pixels": 0, "mean_probability": 0.9989}, "geometry": {"type": "Polygon", "coordinates": [[[85.1834594, 27.9936352], [85.1835194, 27.9936441], [85.1835288, 27.9935943], [85.1834688, 27.9935855], [85.1834594, 27.9936352]]]}}, {"type": "Feature", "properties": {"osm_id": 847027760, "status": "affected", "confidence": "medium", "flooded_fraction": 1.0, "sampled": "centroid", "pixels": 0, "mean_probability": 0.9801}, "geometry": {"type": "Polygon", "coordinates": [[[85.1833789, 27.9921686], [85.1834252, 27.9922041], [85.1834893, 27.992139], [85.183443, 27.9921035], [85.1833789, 27.9921686]]]}}, {"type": "Feature", "properties": {"osm_id": 847027758, "status": "affected", "confidence": "medium", "flooded_fraction": 1.0, "sampled": "centroid", "pixels": 0, "mean_probability": 0.9823}, "geometry": {"type": "Polygon", "coordinates": [[[85.1832897, 27.9919329], [85.1833273, 27.9920289], [85.1833976, 27.9920074], [85.1833601, 27.9919115], [85.1832897, 27.9919329]]]}}, {"type": "Feature", "properties": {"osm_id": 342548637, "status": "affected", "confidence": "medium", "flooded_fraction": 1.0, "sampled": "centroid", "pixels": 0, "mean_probability": 0.7511}, "geometry": {"type": "Polygon", "coordinates": [[[85.2068184, 27.8998428], [85.2068809, 27.8998528], [85.2068946, 27.8997861], [85.2068321, 27.8997761], [85.2068184, 27.8998428]]]}}, {"type": "Feature", "properties": {"osm_id": 342548518, "status": "affected", "confidence": "medium", "flooded_fraction": 1.0, "sampled": "centroid", "pixels": 0, "mean_probability": 0.8595}, "geometry": {"type": "Polygon", "coordinates": [[[85.2073907, 27.8991151], [85.2073981, 27.8991576], [85.2074541, 27.89915], [85.2074467, 27.8991075], [85.2073907, 27.8991151]]]}}, {"type": "Feature", "properties": {"osm_id": 342228521, "status": "affected", "confidence": "medium", "flooded_fraction": 1.0, "sampled": "centroid", "pixels": 0, "mean_probability": 0.551}, "geometry": {"type": "Polygon", "coordinates": [[[85.1983302, 27.9030585], [85.1983954, 27.9030617], [85.1983983, 27.9030158], [85.1984017, 27.9029612], [85.1983365, 27.902958], [85.1983302, 27.9030585]]]}}, {"type": "Feature", "properties": {"osm_id": 342228562, "status": "affected", "confidence": "medium", "flooded_fraction": 1.0, "sampled": "centroid", "pixels": 0, "mean_probability": 0.6793}, "geometry": {"type": "Polygon", "coordinates": [[[85.198366, 27.9034327], [85.1984193, 27.9033963], [85.1983266, 27.9032902], [85.1982733, 27.9033266], [85.198366, 27.9034327]]]}}, {"type": "Feature", "properties": {"osm_id": 887873531, "status": "affected", "confidence": "medium", "flooded_fraction": 1.0, "sampled": "centroid", "pixels": 0, "mean_probability": 0.5068}, "geometry": {"type": "Polygon", "coordinates": [[[85.1962347, 27.8843581], [85.1963823, 27.8843285], [85.1963551, 27.8842229], [85.1962076, 27.8842525], [85.1962347, 27.8843581]]]}}, {"type": "Feature", "properties": {"osm_id": 342210445, "status": "affected", "confidence": "medium", "flooded_fraction": 1.0, "sampled": "centroid", "pixels": 0, "mean_probability": 0.5128}, "geometry": {"type": "Polygon", "coordinates": [[[85.2402783, 27.9033858], [85.2403666, 27.903379], [85.2403607, 27.9033194], [85.2402725, 27.9033262], [85.2402783, 27.9033858]]]}}, {"type": "Feature", "properties": {"osm_id": 890512592, "status": "affected", "confidence": "medium", "flooded_fraction": 1.0, "sampled": "centroid", "pixels": 0, "mean_probability": 0.63}, "geometry": {"type": "Polygon", "coordinates": [[[85.2226572, 27.9060131], [85.2226786, 27.9060948], [85.2227698, 27.9060617], [85.2227457, 27.9059846], [85.2226572, 27.9060131]]]}}, {"type": "Feature", "properties": {"osm_id": 890499831, "status": "affected", "confidence": "medium", "flooded_fraction": 1.0, "sampled": "centroid", "pixels": 0, "mean_probability": 0.6497}, "geometry": {"type": "Polygon", "coordinates": [[[85.2308527, 27.9020534], [85.2309097, 27.9020943], [85.2309653, 27.9020338], [85.2309083, 27.9019929], [85.2308527, 27.9020534]]]}}, {"type": "Feature", "properties": {"osm_id": 890499941, "status": "affected", "confidence": "medium", "flooded_fraction": 1.0, "sampled": "centroid", "pixels": 0, "mean_probability": 0.8945}, "geometry": {"type": "Polygon", "coordinates": [[[85.2265893, 27.8974358], [85.2266295, 27.8974956], [85.2266692, 27.8974748], [85.226629, 27.8974149], [85.2265893, 27.8974358]]]}}, {"type": "Feature", "properties": {"osm_id": 889083774, "status": "affected", "confidence": "medium", "flooded_fraction": 1.0, "sampled": "centroid", "pixels": 0, "mean_probability": 0.8283}, "geometry": {"type": "Polygon", "coordinates": [[[85.2318575, 27.8982088], [85.2318007, 27.8981422], [85.2318862, 27.8980853], [85.231943, 27.8981518], [85.2318575, 27.8982088]]]}}, {"type": "Feature", "properties": {"osm_id": 341511044, "status": "affected", "confidence": "medium", "flooded_fraction": 1.0, "sampled": "centroid", "pixels": 0, "mean_probability": 0.6318}, "geometry": {"type": "Polygon", "coordinates": [[[85.2431924, 27.8883299], [85.2432321, 27.8884163], [85.2433128, 27.8883872], [85.243273, 27.8883009], [85.2431924, 27.8883299]]]}}, {"type": "Feature", "properties": {"osm_id": 342077229, "status": "affected", "confidence": "high", "flooded_fraction": 1.0, "sampled": "footprint", "pixels": 1, "mean_probability": 0.6318}, "geometry": {"type": "Polygon", "coordinates": [[[85.2443379, 27.8873793], [85.2442324, 27.8874415], [85.244317, 27.8875537], [85.2444225, 27.8874915], [85.2443379, 27.8873793]]]}}, {"type": "Feature", "properties": {"osm_id": 847027840, "status": "affected", "confidence": "medium", "flooded_fraction": 1.0, "sampled": "centroid", "pixels": 0, "mean_probability": 0.8943}, "geometry": {"type": "Polygon", "coordinates": [[[85.1825313, 27.9928004], [85.1825313, 27.9928554], [85.1826151, 27.9928554], [85.1826151, 27.9928004], [85.1825313, 27.9928004]]]}}, {"type": "Feature", "properties": {"osm_id": 847027756, "status": "affected", "confidence": "medium", "flooded_fraction": 1.0, "sampled": "centroid", "pixels": 0, "mean_probability": 0.9438}, "geometry": {"type": "Polygon", "coordinates": [[[85.183275, 27.9918743], [85.1832984, 27.9919217], [85.1833505, 27.9919016], [85.183327, 27.9918542], [85.183275, 27.9918743]]]}}, {"type": "Feature", "properties": {"osm_id": 886388188, "status": "affected", "confidence": "medium", "flooded_fraction": 1.0, "sampled": "centroid", "pixels": 0, "mean_probability": 0.9651}, "geometry": {"type": "Polygon", "coordinates": [[[85.1830675, 27.9696428], [85.1831657, 27.9696445], [85.1831709, 27.9694033], [85.1830727, 27.9694016], [85.1830675, 27.9696428]]]}}, {"type": "Feature", "properties": {"osm_id": 886388199, "status": "affected", "confidence": "medium", "flooded_fraction": 1.0, "sampled": "centroid", "pixels": 0, "mean_probability": 0.9763}, "geometry": {"type": "Polygon", "coordinates": [[[85.1839289, 27.9696881], [85.1839292, 27.9696602], [85.1839641, 27.9696606], [85.1839637, 27.9696885], [85.1839289, 27.9696881]]]}}, {"type": "Feature", "properties": {"osm_id": 886486179, "status": "affected", "confidence": "medium", "flooded_fraction": 1.0, "sampled": "centroid", "pixels": 0, "mean_probability": 0.895}, "geometry": {"type": "Polygon", "coordinates": [[[85.1848287, 28.0023213], [85.1848682, 28.0023293], [85.1848832, 28.0022718], [85.1848438, 28.0022637], [85.1848287, 28.0023213]]]}}, {"type": "Feature", "properties": {"osm_id": 886361375, "status": "affected", "confidence": "medium", "flooded_fraction": 1.0, "sampled": "centroid", "pixels": 0, "mean_probability": 0.9826}, "geometry": {"type": "Polygon", "coordinates": [[[85.1787367, 27.9673922], [85.1787847, 27.9674448], [85.1788613, 27.9673903], [85.1788133, 27.9673377], [85.1787367, 27.9673922]]]}}, {"type": "Feature", "properties": {"osm_id": 886387017, "status": "affected", "confidence": "high", "flooded_fraction": 1.0, "sampled": "footprint", "pixels": 1, "mean_probability": 0.9826}, "geometry": {"type": "Polygon", "coordinates": [[[85.172684, 27.9654453], [85.1727424, 27.9654948], [85.1728054, 27.9654432], [85.1727447, 27.9653958], [85.172684, 27.9654453]]]}}, {"type": "Feature", "properties": {"osm_id": 891929271, "status": "affected", "confidence": "medium", "flooded_fraction": 1.0, "sampled": "centroid", "pixels": 0, "mean_probability": 0.9591}, "geometry": {"type": "Polygon", "coordinates": [[[85.1561116, 27.938767], [85.156159, 27.9388054], [85.1562161, 27.9387503], [85.1561687, 27.9387119], [85.1561116, 27.938767]]]}}, {"type": "Feature", "properties": {"osm_id": 342057153, "status": "affected", "confidence": "medium", "flooded_fraction": 1.0, "sampled": "centroid", "pixels": 0, "mean_probability": 0.9969}, "geometry": {"type": "Polygon", "coordinates": [[[85.1540882, 27.9307847], [85.154217, 27.9308185], [85.154235, 27.9307651], [85.1541062, 27.9307313], [85.1540882, 27.9307847]]]}}, {"type": "Feature", "properties": {"osm_id": 1041477569, "status": "affected", "confidence": "high", "flooded_fraction": 1.0, "sampled": "footprint", "pixels": 1, "mean_probability": 0.9969}, "geometry": {"type": "Polygon", "coordinates": [[[85.3250941, 27.9298478], [85.3251317, 27.9298323], [85.3251018, 27.9297757], [85.3250642, 27.9297912], [85.3250941, 27.9298478]]]}}, {"type": "Feature", "properties": {"osm_id": 341461866, "status": "affected", "confidence": "medium", "flooded_fraction": 1.0, "sampled": "centroid", "pixels": 0, "mean_probability": 0.9982}, "geometry": {"type": "Polygon", "coordinates": [[[85.1858242, 27.9737919], [85.1858222, 27.9738698], [85.1857201, 27.9738677], [85.1857221, 27.9737898], [85.1858242, 27.9737919]]]}}, {"type": "Feature", "properties": {"osm_id": 342083509, "status": "affected", "confidence": "medium", "flooded_fraction": 1.0, "sampled": "centroid", "pixels": 0, "mean_probability": 0.5318}, "geometry": {"type": "Polygon", "coordinates": [[[85.242014, 27.9032684], [85.2421277, 27.903279], [85.2421377, 27.9031948], [85.242024, 27.9031842], [85.242014, 27.9032684]]]}}, {"type": "Feature", "properties": {"osm_id": 890499821, "status": "affected", "confidence": "medium", "flooded_fraction": 1.0, "sampled": "centroid", "pixels": 0, "mean_probability": 0.672}, "geometry": {"type": "Polygon", "coordinates": [[[85.2312838, 27.9019734], [85.2313383, 27.9019936], [85.2313705, 27.9019261], [85.231316, 27.9019058], [85.2312838, 27.9019734]]]}}, {"type": "Feature", "properties": {"osm_id": 890523666, "status": "affected", "confidence": "medium", "flooded_fraction": 1.0, "sampled": "centroid", "pixels": 0, "mean_probability": 0.7573}, "geometry": {"type": "Polygon", "coordinates": [[[85.2346158, 27.9001648], [85.2347265, 27.9002131], [85.2347727, 27.9001304], [85.234662, 27.9000821], [85.2346158, 27.9001648]]]}}, {"type": "Feature", "properties": {"osm_id": 342392748, "status": "affected", "confidence": "medium", "flooded_fraction": 1.0, "sampled": "centroid", "pixels": 0, "mean_probability": 0.5396}, "geometry": {"type": "Polygon", "coordinates": [[[85.2212837, 27.8963209], [85.2212586, 27.8962189], [85.2211819, 27.8962336], [85.2212069, 27.8963356], [85.2212837, 27.8963209]]]}}, {"type": "Feature", "properties": {"osm_id": 890512694, "status": "affected", "confidence": "medium", "flooded_fraction": 1.0, "sampled": "centroid", "pixels": 0, "mean_probability": 0.5159}, "geometry": {"type": "Polygon", "coordinates": [[[85.2106301, 27.9021032], [85.2106715, 27.9020849], [85.2106379, 27.9020257], [85.2105966, 27.9020439], [85.2106301, 27.9021032]]]}}, {"type": "Feature", "properties": {"osm_id": 890512604, "status": "affected", "confidence": "medium", "flooded_fraction": 1.0, "sampled": "centroid", "pixels": 0, "mean_probability": 0.51}, "geometry": {"type": "Polygon", "coordinates": [[[85.2174658, 27.9037304], [85.2175296, 27.903743], [85.2175462, 27.9036771], [85.2174823, 27.9036645], [85.2174658, 27.9037304]]]}}, {"type": "Feature", "properties": {"osm_id": 890172751, "status": "affected", "confidence": "medium", "flooded_fraction": 1.0, "sampled": "centroid", "pixels": 0, "mean_probability": 0.7372}, "geometry": {"type": "Polygon", "coordinates": [[[85.2160013, 27.8763611], [85.2159386, 27.8764191], [85.2159948, 27.8764666], [85.2160575, 27.8764087], [85.2160013, 27.8763611]]]}}, {"type": "Feature", "properties": {"osm_id": 890909485, "status": "affected", "confidence": "medium", "flooded_fraction": 1.0, "sampled": "centroid", "pixels": 0, "mean_probability": 0.6614}, "geometry": {"type": "Polygon", "coordinates": [[[85.2812906, 27.9177908], [85.2813192, 27.9178171], [85.281365, 27.9177781], [85.2813364, 27.9177518], [85.2812906, 27.9177908]]]}}, {"type": "Feature", "properties": {"osm_id": 341496122, "status": "affected", "confidence": "medium", "flooded_fraction": 1.0, "sampled": "centroid", "pixels": 0, "mean_probability": 0.5201}, "geometry": {"type": "Polygon", "coordinates": [[[85.287165, 27.9157475], [85.2871644, 27.9157537], [85.2871673, 27.9157593], [85.287173, 27.9157628], [85.28718, 27.9157634], [85.2871863, 27.9157608], [85.2871903, 27.9157557], [85.2871909, 27.9157496], [85.287188, 27.915744], [85.2871823, 27.9157405], [85.2871754, 27.9157399], [85.287169, 27.9157425], [85.287165, 27.9157475]]]}}, {"type": "Feature", "properties": {"osm_id": 1041466789, "status": "affected", "confidence": "medium", "flooded_fraction": 1.0, "sampled": "centroid", "pixels": 0, "mean_probability": 0.5865}, "geometry": {"type": "Polygon", "coordinates": [[[85.3346937, 27.9235988], [85.3347521, 27.9235976], [85.3347503, 27.9235288], [85.3346919, 27.92353], [85.3346937, 27.9235988]]]}}, {"type": "Feature", "properties": {"osm_id": 340683719, "status": "affected", "confidence": "high", "flooded_fraction": 1.0, "sampled": "footprint", "pixels": 1, "mean_probability": 0.6703}, "geometry": {"type": "Polygon", "coordinates": [[[85.2518362, 27.8728222], [85.2517736, 27.8728099], [85.2517783, 27.8727669], [85.2518431, 27.8727792], [85.2518362, 27.8728222]]]}}, {"type": "Feature", "properties": {"osm_id": 342369620, "status": "affected", "confidence": "medium", "flooded_fraction": 1.0, "sampled": "centroid", "pixels": 0, "mean_probability": 0.7665}, "geometry": {"type": "Polygon", "coordinates": [[[85.2744005, 27.8703486], [85.2743475, 27.8702745], [85.2744058, 27.8702418], [85.2744589, 27.8703159], [85.2744005, 27.8703486]]]}}, {"type": "Feature", "properties": {"osm_id": 1041466797, "status": "affected", "confidence": "medium", "flooded_fraction": 1.0, "sampled": "centroid", "pixels": 0, "mean_probability": 0.5796}, "geometry": {"type": "Polygon", "coordinates": [[[85.339912, 27.9222538], [85.3399408, 27.9222941], [85.3400086, 27.9222562], [85.3399797, 27.9222159], [85.339912, 27.9222538]]]}}, {"type": "Feature", "properties": {"osm_id": 341635422, "status": "affected", "confidence": "medium", "flooded_fraction": 1.0, "sampled": "centroid", "pixels": 0, "mean_probability": 0.5916}, "geometry": {"type": "Polygon", "coordinates": [[[85.3000867, 27.8611672], [85.3001715, 27.8611488], [85.3001462, 27.8610575], [85.3000614, 27.8610759], [85.3000867, 27.8611672]]]}}, {"type": "Feature", "properties": {"osm_id": 891525305, "status": "affected", "confidence": "medium", "flooded_fraction": 1.0, "sampled": "centroid", "pixels": 0, "mean_probability": 0.5241}, "geometry": {"type": "Polygon", "coordinates": [[[85.3161871, 27.8584577], [85.3163363, 27.8586066], [85.3163833, 27.8585699], [85.3162341, 27.858421], [85.3161871, 27.8584577]]]}}, {"type": "Feature", "properties": {"osm_id": 342814932, "status": "affected", "confidence": "high", "flooded_fraction": 1.0, "sampled": "footprint", "pixels": 1, "mean_probability": 0.5241}, "geometry": {"type": "Polygon", "coordinates": [[[85.3319875, 27.8584812], [85.3320617, 27.8584074], [85.3320326, 27.8583834], [85.3319543, 27.8584547], [85.3319875, 27.8584812]]]}}, {"type": "Feature", "properties": {"osm_id": 1041582611, "status": "affected", "confidence": "medium", "flooded_fraction": 1.0, "sampled": "centroid", "pixels": 0, "mean_probability": 0.5401}, "geometry": {"type": "Polygon", "coordinates": [[[85.2982401, 27.9194341], [85.2982915, 27.9194485], [85.2983073, 27.9194047], [85.2982559, 27.9193903], [85.2982401, 27.9194341]]]}}, {"type": "Feature", "properties": {"osm_id": 341496189, "status": "affected", "confidence": "medium", "flooded_fraction": 1.0, "sampled": "centroid", "pixels": 0, "mean_probability": 0.5027}, "geometry": {"type": "Polygon", "coordinates": [[[85.2871453, 27.9155567], [85.2872747, 27.9155567], [85.2872747, 27.9155002], [85.2871453, 27.9155002], [85.2871453, 27.9155567]]]}}, {"type": "Feature", "properties": {"osm_id": 888801259, "status": "affected", "confidence": "medium", "flooded_fraction": 1.0, "sampled": "centroid", "pixels": 0, "mean_probability": 0.6874}, "geometry": {"type": "Polygon", "coordinates": [[[85.2857085, 27.9142579], [85.2857555, 27.9142619], [85.2857596, 27.9142246], [85.2857126, 27.9142206], [85.2857085, 27.9142579]]]}}, {"type": "Feature", "properties": {"osm_id": 888801258, "status": "affected", "confidence": "medium", "flooded_fraction": 1.0, "sampled": "centroid", "pixels": 0, "mean_probability": 0.6874}, "geometry": {"type": "Polygon", "coordinates": [[[85.2858131, 27.914268], [85.2858841, 27.9142757], [85.2858892, 27.914239], [85.2858183, 27.9142313], [85.2858131, 27.914268]]]}}, {"type": "Feature", "properties": {"osm_id": 888801260, "status": "affected", "confidence": "medium", "flooded_fraction": 1.0, "sampled": "centroid", "pixels": 0, "mean_probability": 0.6601}, "geometry": {"type": "Polygon", "coordinates": [[[85.285781, 27.9144173], [85.28584, 27.914425], [85.285855, 27.9143354], [85.285796, 27.9143277], [85.285781, 27.9144173]]]}}, {"type": "Feature", "properties": {"osm_id": 342277363, "status": "affected", "confidence": "high", "flooded_fraction": 1.0, "sampled": "footprint", "pixels": 1, "mean_probability": 0.6601}, "geometry": {"type": "Polygon", "coordinates": [[[85.286181, 27.9146553], [85.286287, 27.9146764], [85.2863045, 27.9146078], [85.2861986, 27.9145866], [85.286181, 27.9146553]]]}}, {"type": "Feature", "properties": {"osm_id": 341496183, "status": "affected", "confidence": "medium", "flooded_fraction": 1.0, "sampled": "centroid", "pixels": 0, "mean_probability": 0.532}, "geometry": {"type": "Polygon", "coordinates": [[[85.295719, 27.9149448], [85.2957701, 27.9149321], [85.2957577, 27.914893], [85.2957066, 27.9149057], [85.295719, 27.9149448]]]}}, {"type": "Feature", "properties": {"osm_id": 1041582646, "status": "affected", "confidence": "medium", "flooded_fraction": 1.0, "sampled": "centroid", "pixels": 0, "mean_probability": 0.7596}, "geometry": {"type": "Polygon", "coordinates": [[[85.2983404, 27.9174282], [85.2983665, 27.9174782], [85.2984493, 27.9174444], [85.2984232, 27.9173944], [85.2983404, 27.9174282]]]}}, {"type": "Feature", "properties": {"osm_id": 341894109, "status": "affected", "confidence": "medium", "flooded_fraction": 1.0, "sampled": "centroid", "pixels": 0, "mean_probability": 0.6358}, "geometry": {"type": "Polygon", "coordinates": [[[85.1599101, 27.9565366], [85.1599864, 27.9565322], [85.1599765, 27.9563981], [85.1599001, 27.9564025], [85.1599101, 27.9565366]]]}}, {"type": "Feature", "properties": {"osm_id": 859950247, "status": "affected", "confidence": "medium", "flooded_fraction": 1.0, "sampled": "centroid", "pixels": 0, "mean_probability": 0.6611}, "geometry": {"type": "Polygon", "coordinates": [[[85.1595086, 27.9561081], [85.1595121, 27.9561285], [85.1595389, 27.956125], [85.1595354, 27.9561045], [85.1595086, 27.9561081]]]}}, {"type": "Feature", "properties": {"osm_id": 859950231, "status": "affected", "confidence": "medium", "flooded_fraction": 1.0, "sampled": "centroid", "pixels": 0, "mean_probability": 0.6426}, "geometry": {"type": "Polygon", "coordinates": [[[85.1597319, 27.9562254], [85.1597465, 27.9562242], [85.1597445, 27.9562046], [85.1597299, 27.9562058], [85.1597319, 27.9562254]]]}}, {"type": "Feature", "properties": {"osm_id": 1041579518, "status": "affected", "confidence": "medium", "flooded_fraction": 1.0, "sampled": "centroid", "pixels": 0, "mean_probability": 0.5492}, "geometry": {"type": "Polygon", "coordinates": [[[85.3101716, 27.9254657], [85.3102116, 27.9255027], [85.31027, 27.9254535], [85.31023, 27.9254165], [85.3101716, 27.9254657]]]}}, {"type": "Feature", "properties": {"osm_id": 890512702, "status": "affected", "confidence": "medium", "flooded_fraction": 1.0, "sampled": "centroid", "pixels": 0, "mean_probability": 0.5466}, "geometry": {"type": "Polygon", "coordinates": [[[85.2114549, 27.9087626], [85.2115251, 27.9087438], [85.2115023, 27.9086774], [85.2114321, 27.9086962], [85.2114549, 27.9087626]]]}}, {"type": "Feature", "properties": {"osm_id": 889083811, "status": "affected", "confidence": "medium", "flooded_fraction": 1.0, "sampled": "centroid", "pixels": 0, "mean_probability": 0.5778}, "geometry": {"type": "Polygon", "coordinates": [[[85.2394396, 27.9036898], [85.2394544, 27.9036117], [85.2395122, 27.9036203], [85.2394974, 27.9036983], [85.2394396, 27.9036898]]]}}, {"type": "Feature", "properties": {"osm_id": 342083239, "status": "affected", "confidence": "medium", "flooded_fraction": 1.0, "sampled": "centroid", "pixels": 0, "mean_probability": 0.5218}, "geometry": {"type": "Polygon", "coordinates": [[[85.2329575, 27.8988903], [85.2330353, 27.8988268], [85.2329718, 27.8987659], [85.232894, 27.8988294], [85.2329575, 27.8988903]]]}}, {"type": "Feature", "properties": {"osm_id": 342083216, "status": "affected", "confidence": "medium", "flooded_fraction": 1.0, "sampled": "centroid", "pixels": 0, "mean_probability": 0.6672}, "geometry": {"type": "Polygon", "coordinates": [[[85.233058, 27.8989767], [85.2331238, 27.8989291], [85.2330398, 27.8988384], [85.232974, 27.898886], [85.233058, 27.8989767]]]}}, {"type": "Feature", "properties": {"osm_id": 890524641, "status": "affected", "confidence": "medium", "flooded_fraction": 1.0, "sampled": "centroid", "pixels": 0, "mean_probability": 0.7597}, "geometry": {"type": "Polygon", "coordinates": [[[85.2374536, 27.9004907], [85.2375572, 27.9004947], [85.2375609, 27.9004202], [85.2374572, 27.9004162], [85.2374536, 27.9004907]]]}}, {"type": "Feature", "properties": {"osm_id": 890499932, "status": "affected", "confidence": "medium", "flooded_fraction": 1.0, "sampled": "centroid", "pixels": 0, "mean_probability": 0.5602}, "geometry": {"type": "Polygon", "coordinates": [[[85.2260233, 27.8977084], [85.2260314, 27.8977315], [85.2260877, 27.8977161], [85.2260797, 27.897693], [85.2260233, 27.8977084]]]}}, {"type": "Feature", "properties": {"osm_id": 890499938, "status": "affected", "confidence": "medium", "flooded_fraction": 1.0, "sampled": "centroid", "pixels": 0, "mean_probability": 0.5742}, "geometry": {"type": "Polygon", "coordinates": [[[85.2264538, 27.8974885], [85.2264699, 27.897514], [85.2265059, 27.8974962], [85.2264898, 27.8974708], [85.2264538, 27.8974885]]]}}, {"type": "Feature", "properties": {"osm_id": 342548544, "status": "affected", "confidence": "medium", "flooded_fraction": 1.0, "sampled": "centroid", "pixels": 0, "mean_probability": 0.504}, "geometry": {"type": "Polygon", "coordinates": [[[85.2077272, 27.8996604], [85.2077652, 27.8996646], [85.2077716, 27.8996189], [85.2077337, 27.8996147], [85.2077272, 27.8996604]]]}}, {"type": "Feature", "properties": {"osm_id": 887181682, "status": "affected", "confidence": "medium", "flooded_fraction": 1.0, "sampled": "centroid", "pixels": 0, "mean_probability": 0.6951}, "geometry": {"type": "Polygon", "coordinates": [[[85.2075845, 27.8993831], [85.2076945, 27.8993815], [85.2076932, 27.8993081], [85.2075832, 27.8993096], [85.2075845, 27.8993831]]]}}, {"type": "Feature", "properties": {"osm_id": 890512682, "status": "affected", "confidence": "high", "flooded_fraction": 1.0, "sampled": "footprint", "pixels": 1, "mean_probability": 0.6951}, "geometry": {"type": "Polygon", "coordinates": [[[85.2141908, 27.9013399], [85.2142867, 27.901343], [85.2142894, 27.9012778], [85.2141935, 27.9012747], [85.2141908, 27.9013399]]]}}, {"type": "Feature", "properties": {"osm_id": 922504699, "status": "affected", "confidence": "medium", "flooded_fraction": 1.0, "sampled": "centroid", "pixels": 0, "mean_probability": 0.5243}, "geometry": {"type": "Polygon", "coordinates": [[[85.2702389, 27.8718771], [85.2702801, 27.8719087], [85.2703428, 27.8718448], [85.2703016, 27.8718132], [85.2702389, 27.8718771]]]}}, {"type": "Feature", "properties": {"osm_id": 342369802, "status": "affected", "confidence": "medium", "flooded_fraction": 1.0, "sampled": "centroid", "pixels": 0, "mean_probability": 0.6521}, "geometry": {"type": "Polygon", "coordinates": [[[85.2694354, 27.8730994], [85.2694642, 27.8731486], [85.2695192, 27.8731234], [85.2694932, 27.8730789], [85.2695406, 27.8730572], [85.2694857, 27.8729635], [85.2694052, 27.8730004], [85.2694573, 27.8730893], [85.2694354, 27.8730994]]]}}, {"type": "Feature", "properties": {"osm_id": 887181585, "status": "affected", "confidence": "medium", "flooded_fraction": 1.0, "sampled": "centroid", "pixels": 0, "mean_probability": 0.5496}, "geometry": {"type": "Polygon", "coordinates": [[[85.1990873, 27.903593], [85.1991262, 27.9036404], [85.1991905, 27.9035991], [85.1991517, 27.9035517], [85.1990873, 27.903593]]]}}, {"type": "Feature", "properties": {"osm_id": 341626844, "status": "affected", "confidence": "medium", "flooded_fraction": 1.0, "sampled": "centroid", "pixels": 0, "mean_probability": 0.6782}, "geometry": {"type": "Polygon", "coordinates": [[[85.3046708, 27.8629166], [85.3046799, 27.8628495], [85.3046172, 27.8628429], [85.3046081, 27.8629099], [85.3046708, 27.8629166]]]}}, {"type": "Feature", "properties": {"osm_id": 848313597, "status": "affected", "confidence": "medium", "flooded_fraction": 1.0, "sampled": "centroid", "pixels": 0, "mean_probability": 0.6981}, "geometry": {"type": "Polygon", "coordinates": [[[85.184606, 28.0098101], [85.1845457, 28.00988], [85.1846023, 28.0099181], [85.1846627, 28.0098483], [85.184606, 28.0098101]]]}}, {"type": "Feature", "properties": {"osm_id": 920054432, "status": "affected", "confidence": "medium", "flooded_fraction": 1.0, "sampled": "centroid", "pixels": 0, "mean_probability": 0.6345}, "geometry": {"type": "Polygon", "coordinates": [[[85.177212, 27.881082], [85.1773137, 27.8810532], [85.1772771, 27.8809436], [85.1771775, 27.8809652], [85.177212, 27.881082]]]}}, {"type": "Feature", "properties": {"osm_id": 846895908, "status": "affected", "confidence": "medium", "flooded_fraction": 1.0, "sampled": "centroid", "pixels": 0, "mean_probability": 0.9993}, "geometry": {"type": "Polygon", "coordinates": [[[85.1879507, 27.9743003], [85.1879887, 27.9743553], [85.188092, 27.9742996], [85.188054, 27.9742447], [85.1879507, 27.9743003]]]}}, {"type": "Feature", "properties": {"osm_id": 341462060, "status": "affected", "confidence": "medium", "flooded_fraction": 1.0, "sampled": "centroid", "pixels": 0, "mean_probability": 0.7831}, "geometry": {"type": "Polygon", "coordinates": [[[85.185076, 27.9706989], [85.1851367, 27.9706805], [85.1851165, 27.9706285], [85.1850558, 27.9706469], [85.185076, 27.9706989]]]}}, {"type": "Feature", "properties": {"osm_id": 802723557, "status": "affected", "confidence": "high", "flooded_fraction": 1.0, "sampled": "footprint", "pixels": 1, "mean_probability": 0.7831}, "geometry": {"type": "Polygon", "coordinates": [[[85.1860305, 28.0438094], [85.186128, 28.0438629], [85.186162, 28.0438147], [85.1860645, 28.0437612], [85.1860305, 28.0438094]]]}}, {"type": "Feature", "properties": {"osm_id": 341698560, "status": "affected", "confidence": "medium", "flooded_fraction": 1.0, "sampled": "centroid", "pixels": 0, "mean_probability": 0.7718}, "geometry": {"type": "Polygon", "coordinates": [[[85.1540661, 27.9363754], [85.1541367, 27.9362293], [85.1542528, 27.9362731], [85.1541821, 27.9364192], [85.1540661, 27.9363754]]]}}, {"type": "Feature", "properties": {"osm_id": 886440421, "status": "affected", "confidence": "high", "flooded_fraction": 1.0, "sampled": "footprint", "pixels": 1, "mean_probability": 0.7718}, "geometry": {"type": "Polygon", "coordinates": [[[85.1743536, 27.9871295], [85.1743222, 27.9871163], [85.1743585, 27.9870795], [85.1743838, 27.987099], [85.1743536, 27.9871295]]]}}, {"type": "Feature", "properties": {"osm_id": 1360231615, "status": "affected", "confidence": "medium", "flooded_fraction": 1.0, "sampled": "centroid", "pixels": 0, "mean_probability": 0.9854}, "geometry": {"type": "Polygon", "coordinates": [[[85.1833279, 27.970018], [85.1834413, 27.9700654], [85.1834796, 27.9699939], [85.1833663, 27.9699466], [85.1833279, 27.970018]]]}}, {"type": "Feature", "properties": {"osm_id": 341654603, "status": "affected", "confidence": "medium", "flooded_fraction": 1.0, "sampled": "centroid", "pixels": 0, "mean_probability": 0.852}, "geometry": {"type": "Polygon", "coordinates": [[[85.1522077, 27.935245], [85.152311, 27.9352494], [85.1523165, 27.9351484], [85.1522131, 27.935144], [85.1522077, 27.935245]]]}}, {"type": "Feature", "properties": {"osm_id": 886387000, "status": "affected", "confidence": "medium", "flooded_fraction": 1.0, "sampled": "centroid", "pixels": 0, "mean_probability": 0.9716}, "geometry": {"type": "Polygon", "coordinates": [[[85.17147, 27.9646029], [85.1714777, 27.964524], [85.1715779, 27.9645254], [85.171564, 27.9646138], [85.17147, 27.9646029]]]}}, {"type": "Feature", "properties": {"osm_id": 886387005, "status": "affected", "confidence": "medium", "flooded_fraction": 1.0, "sampled": "centroid", "pixels": 0, "mean_probability": 0.6601}, "geometry": {"type": "Polygon", "coordinates": [[[85.1714377, 27.9649295], [85.17145, 27.9648832], [85.1714993, 27.9648996], [85.1714762, 27.9649486], [85.1714377, 27.9649295]]]}}, {"type": "Feature", "properties": {"osm_id": 341809264, "status": "affected", "confidence": "high", "flooded_fraction": 1.0, "sampled": "footprint", "pixels": 1, "mean_probability": 0.6601}, "geometry": {"type": "Polygon", "coordinates": [[[85.1901031, 28.0284496], [85.1901949, 28.0284566], [85.1901353, 28.0282787], [85.1900502, 28.0283026], [85.1901031, 28.0284496]]]}}, {"type": "Feature", "properties": {"osm_id": 851737995, "status": "affected", "confidence": "medium", "flooded_fraction": 1.0, "sampled": "centroid", "pixels": 0, "mean_probability": 0.6233}, "geometry": {"type": "Polygon", "coordinates": [[[85.1859847, 27.9728281], [85.1860826, 27.9728258], [85.1860798, 27.972738], [85.1859819, 27.9727404], [85.1859847, 27.9728281]]]}}, {"type": "Feature", "properties": {"osm_id": 848313638, "status": "affected", "confidence": "medium", "flooded_fraction": 1.0, "sampled": "centroid", "pixels": 0, "mean_probability": 0.9034}, "geometry": {"type": "Polygon", "coordinates": [[[85.1848112, 28.0020415], [85.1847904, 28.002099], [85.1848535, 28.0021168], [85.1848742, 28.0020593], [85.1848112, 28.0020415]]]}}, {"type": "Feature", "properties": {"osm_id": 886386997, "status": "affected", "confidence": "medium", "flooded_fraction": 1.0, "sampled": "centroid", "pixels": 0, "mean_probability": 0.6691}, "geometry": {"type": "Polygon", "coordinates": [[[85.1711496, 27.9646206], [85.1712051, 27.964656], [85.1712667, 27.9645594], [85.1712081, 27.9645281], [85.1711496, 27.9646206]]]}}, {"type": "Feature", "properties": {"osm_id": 341697684, "status": "affected", "confidence": "medium", "flooded_fraction": 1.0, "sampled": "centroid", "pixels": 0, "mean_probability": 0.8303}, "geometry": {"type": "Polygon", "coordinates": [[[85.1645869, 27.9545678], [85.1646416, 27.9545307], [85.1646968, 27.9545942], [85.1646421, 27.9546314], [85.1645869, 27.9545678]]]}}, {"type": "Feature", "properties": {"osm_id": 341697694, "status": "affected", "confidence": "medium", "flooded_fraction": 1.0, "sampled": "centroid", "pixels": 0, "mean_probability": 0.8921}, "geometry": {"type": "Polygon", "coordinates": [[[85.1638112, 27.9532315], [85.1638022, 27.9531878], [85.1638774, 27.9531756], [85.1638865, 27.9532193], [85.1638112, 27.9532315]]]}}, {"type": "Feature", "properties": {"osm_id": 886361377, "status": "affected", "confidence": "medium", "flooded_fraction": 1.0, "sampled": "centroid", "pixels": 0, "mean_probability": 0.8525}, "geometry": {"type": "Polygon", "coordinates": [[[85.1790524, 27.9673396], [85.1791111, 27.9673749], [85.1791839, 27.9672805], [85.1791252, 27.9672451], [85.1790524, 27.9673396]]]}}, {"type": "Feature", "properties": {"osm_id": 341959127, "status": "affected", "confidence": "medium", "flooded_fraction": 1.0, "sampled": "centroid", "pixels": 0, "mean_probability": 0.8344}, "geometry": {"type": "Polygon", "coordinates": [[[85.1521823, 27.9354524], [85.1521016, 27.9353829], [85.1521802, 27.9353117], [85.1522608, 27.9353812], [85.1521823, 27.9354524]]]}}, {"type": "Feature", "properties": {"osm_id": 888538432, "status": "affected", "confidence": "medium", "flooded_fraction": 1.0, "sampled": "centroid", "pixels": 0, "mean_probability": 0.7547}, "geometry": {"type": "Polygon", "coordinates": [[[85.1506937, 27.9228398], [85.1506346, 27.9227618], [85.1506925, 27.9227275], [85.1507516, 27.9228055], [85.1506937, 27.9228398]]]}}, {"type": "Feature", "properties": {"osm_id": 341697696, "status": "affected", "confidence": "medium", "flooded_fraction": 1.0, "sampled": "centroid", "pixels": 0, "mean_probability": 0.9031}, "geometry": {"type": "Polygon", "coordinates": [[[85.1639293, 27.9533723], [85.1639158, 27.9533345], [85.1640258, 27.9533038], [85.1640393, 27.9533416], [85.1639293, 27.9533723]]]}}, {"type": "Feature", "properties": {"osm_id": 341461705, "status": "affected", "confidence": "medium", "flooded_fraction": 1.0, "sampled": "centroid", "pixels": 0, "mean_probability": 0.9998}, "geometry": {"type": "Polygon", "coordinates": [[[85.1860212, 27.9737832], [85.1861248, 27.9738238], [85.1860907, 27.9738915], [85.1859871, 27.9738509], [85.1860212, 27.9737832]]]}}, {"type": "Feature", "properties": {"osm_id": 341461764, "status": "affected", "confidence": "medium", "flooded_fraction": 1.0, "sampled": "centroid", "pixels": 0, "mean_probability": 0.8914}, "geometry": {"type": "Polygon", "coordinates": [[[85.1847927, 27.9708038], [85.1848792, 27.9707884], [85.1848446, 27.970637], [85.1847582, 27.9706524], [85.1847927, 27.9708038]]]}}, {"type": "Feature", "properties": {"osm_id": 341622701, "status": "affected", "confidence": "medium", "flooded_fraction": 1.0, "sampled": "centroid", "pixels": 0, "mean_probability": 0.6046}, "geometry": {"type": "Polygon", "coordinates": [[[85.173768, 27.9659035], [85.1737815, 27.9658656], [85.1737351, 27.9658528], [85.1737217, 27.9658907], [85.173768, 27.9659035]]]}}, {"type": "Feature", "properties": {"osm_id": 341754331, "status": "affected", "confidence": "medium", "flooded_fraction": 1.0, "sampled": "centroid", "pixels": 0, "mean_probability": 0.9777}, "geometry": {"type": "Polygon", "coordinates": [[[85.1700167, 27.9632883], [85.1699755, 27.9632549], [85.1700428, 27.9631903], [85.1700839, 27.9632237], [85.1700167, 27.9632883]]]}}, {"type": "Feature", "properties": {"osm_id": 886361359, "status": "affected", "confidence": "medium", "flooded_fraction": 1.0, "sampled": "centroid", "pixels": 0, "mean_probability": 0.9311}, "geometry": {"type": "Polygon", "coordinates": [[[85.1687906, 27.959967], [85.1688337, 27.9599642], [85.1688337, 27.9600091], [85.168789, 27.9600078], [85.1687906, 27.959967]]]}}, {"type": "Feature", "properties": {"osm_id": 890977306, "status": "affected", "confidence": "medium", "flooded_fraction": 1.0, "sampled": "centroid", "pixels": 0, "mean_probability": 0.8056}, "geometry": {"type": "Polygon", "coordinates": [[[85.1524832, 27.9303742], [85.1525314, 27.9303705], [85.152529, 27.9303454], [85.1524808, 27.930349], [85.1524832, 27.9303742]]]}}, {"type": "Feature", "properties": {"osm_id": 890977285, "status": "affected", "confidence": "medium", "flooded_fraction": 1.0, "sampled": "centroid", "pixels": 0, "mean_probability": 0.5806}, "geometry": {"type": "Polygon", "coordinates": [[[85.151116, 27.9357481], [85.1511774, 27.9357837], [85.1512179, 27.9357291], [85.1511564, 27.9356936], [85.151116, 27.9357481]]]}}, {"type": "Feature", "properties": {"osm_id": 886277343, "status": "affected", "confidence": "medium", "flooded_fraction": 1.0, "sampled": "centroid", "pixels": 0, "mean_probability": 0.6695}, "geometry": {"type": "Polygon", "coordinates": [[[85.1687833, 27.9582085], [85.1687792, 27.9581694], [85.1688892, 27.9581604], [85.1688933, 27.9581995], [85.1687833, 27.9582085]]]}}, {"type": "Feature", "properties": {"osm_id": 886277348, "status": "affected", "confidence": "medium", "flooded_fraction": 1.0, "sampled": "centroid", "pixels": 0, "mean_probability": 0.6235}, "geometry": {"type": "Polygon", "coordinates": [[[85.1701235, 27.9596834], [85.1702392, 27.9598257], [85.1703511, 27.9597548], [85.1701674, 27.9595287], [85.1701209, 27.9595582], [85.1701463, 27.9595895], [85.1701117, 27.9596114], [85.1701543, 27.9596638], [85.1701235, 27.9596834]]]}}, {"type": "Feature", "properties": {"osm_id": 341731018, "status": "affected", "confidence": "high", "flooded_fraction": 1.0, "sampled": "footprint", "pixels": 1, "mean_probability": 0.6235}, "geometry": {"type": "Polygon", "coordinates": [[[85.1606904, 27.9382579], [85.1607353, 27.9382342], [85.1607721, 27.9382887], [85.1607272, 27.9383124], [85.1606904, 27.9382579]]]}}, {"type": "Feature", "properties": {"osm_id": 341461790, "status": "affected", "confidence": "medium", "flooded_fraction": 1.0, "sampled": "centroid", "pixels": 0, "mean_probability": 0.7357}, "geometry": {"type": "Polygon", "coordinates": [[[85.1854854, 27.9730841], [85.1854854, 27.973115], [85.1855749, 27.9731151], [85.185575, 27.9730842], [85.1854854, 27.9730841]]]}}, {"type": "Feature", "properties": {"osm_id": 891489453, "status": "affected", "confidence": "medium", "flooded_fraction": 1.0, "sampled": "centroid", "pixels": 0, "mean_probability": 0.5984}, "geometry": {"type": "Polygon", "coordinates": [[[85.3496946, 27.8620811], [85.3498168, 27.8620494], [85.349802, 27.8620049], [85.3496799, 27.8620366], [85.3496946, 27.8620811]]]}}, {"type": "Feature", "properties": {"osm_id": 341557186, "status": "affected", "confidence": "medium", "flooded_fraction": 1.0, "sampled": "centroid", "pixels": 0, "mean_probability": 0.6865}, "geometry": {"type": "Polygon", "coordinates": [[[85.3449553, 27.8640661], [85.3450412, 27.8640353], [85.3450176, 27.863984], [85.3449318, 27.8640148], [85.3449553, 27.8640661]]]}}, {"type": "Feature", "properties": {"osm_id": 341557211, "status": "affected", "confidence": "medium", "flooded_fraction": 1.0, "sampled": "centroid", "pixels": 0, "mean_probability": 0.7967}, "geometry": {"type": "Polygon", "coordinates": [[[85.3452631, 27.8641228], [85.3453425, 27.8641629], [85.3453761, 27.8641109], [85.3452967, 27.8640708], [85.3452631, 27.8641228]]]}}, {"type": "Feature", "properties": {"osm_id": 891929255, "status": "affected", "confidence": "medium", "flooded_fraction": 1.0, "sampled": "centroid", "pixels": 0, "mean_probability": 0.6011}, "geometry": {"type": "Polygon", "coordinates": [[[85.1586999, 27.942396], [85.1587289, 27.9424356], [85.1587872, 27.9424024], [85.1587582, 27.9423627], [85.1586999, 27.942396]]]}}, {"type": "Feature", "properties": {"osm_id": 891929270, "status": "affected", "confidence": "medium", "flooded_fraction": 1.0, "sampled": "centroid", "pixels": 0, "mean_probability": 0.9611}, "geometry": {"type": "Polygon", "coordinates": [[[85.1559728, 27.9386912], [85.1560349, 27.9387414], [85.1560677, 27.9387097], [85.1560056, 27.9386595], [85.1559728, 27.9386912]]]}}, {"type": "Feature", "properties": {"osm_id": 341919356, "status": "affected", "confidence": "high", "flooded_fraction": 1.0, "sampled": "footprint", "pixels": 1, "mean_probability": 0.9611}, "geometry": {"type": "Polygon", "coordinates": [[[85.1519274, 27.9354137], [85.1519422, 27.9353945], [85.1519706, 27.9354116], [85.1519558, 27.9354308], [85.1519274, 27.9354137]]]}}, {"type": "Feature", "properties": {"osm_id": 341461768, "status": "affected", "confidence": "medium", "flooded_fraction": 1.0, "sampled": "centroid", "pixels": 0, "mean_probability": 0.7566}, "geometry": {"type": "Polygon", "coordinates": [[[85.1838919, 27.9745081], [85.1838565, 27.974535], [85.1838057, 27.974483], [85.1838411, 27.9744561], [85.1838919, 27.9745081]]]}}, {"type": "Feature", "properties": {"osm_id": 341587299, "status": "affected", "confidence": "medium", "flooded_fraction": 1.0, "sampled": "centroid", "pixels": 0, "mean_probability": 0.9207}, "geometry": {"type": "Polygon", "coordinates": [[[85.1716475, 27.9618301], [85.1716218, 27.9618586], [85.1715936, 27.9618387], [85.1716193, 27.9618102], [85.1716475, 27.9618301]]]}}, {"type": "Feature", "properties": {"osm_id": 704709264, "status": "affected", "confidence": "medium", "flooded_fraction": 1.0, "sampled": "centroid", "pixels": 0, "mean_probability": 0.9312}, "geometry": {"type": "Polygon", "coordinates": [[[85.1793555, 27.9678541], [85.1794236, 27.9678035], [85.1793666, 27.9677437], [85.1792985, 27.9677943], [85.1793555, 27.9678541]]]}}, {"type": "Feature", "properties": {"osm_id": 886361368, "status": "affected", "confidence": "high", "flooded_fraction": 1.0, "sampled": "footprint", "pixels": 1, "mean_probability": 0.9312}, "geometry": {"type": "Polygon", "coordinates": [[[85.1718754, 27.9626126], [85.1719204, 27.9626398], [85.1719945, 27.9625441], [85.1719494, 27.9625169], [85.1718754, 27.9626126]]]}}, {"type": "Feature", "properties": {"osm_id": 886361484, "status": "affected", "confidence": "medium", "flooded_fraction": 1.0, "sampled": "centroid", "pixels": 0, "mean_probability": 0.9469}, "geometry": {"type": "Polygon", "coordinates": [[[85.1791336, 27.9675109], [85.1791664, 27.9675364], [85.1792052, 27.9674973], [85.1791724, 27.9674719], [85.1791336, 27.9675109]]]}}, {"type": "Feature", "properties": {"osm_id": 341701631, "status": "affected", "confidence": "medium", "flooded_fraction": 1.0, "sampled": "centroid", "pixels": 0, "mean_probability": 0.9905}, "geometry": {"type": "Polygon", "coordinates": [[[85.1787784, 27.9812082], [85.1787823, 27.981172], [85.1788769, 27.9811798], [85.1788731, 27.981216], [85.1787784, 27.9812082]]]}}, {"type": "Feature", "properties": {"osm_id": 341663433, "status": "affected", "confidence": "medium", "flooded_fraction": 1.0, "sampled": "centroid", "pixels": 0, "mean_probability": 0.5583}, "geometry": {"type": "Polygon", "coordinates": [[[85.3127224, 27.8554271], [85.3127746, 27.8553711], [85.3128327, 27.8554134], [85.3127715, 27.8554791], [85.3127407, 27.8554566], [85.3127524, 27.8554489], [85.3127224, 27.8554271]]]}}, {"type": "Feature", "properties": {"osm_id": 342369752, "status": "affected", "confidence": "medium", "flooded_fraction": 1.0, "sampled": "centroid", "pixels": 0, "mean_probability": 0.6117}, "geometry": {"type": "Polygon", "coordinates": [[[85.2714354, 27.8721831], [85.2713602, 27.8721012], [85.2714208, 27.8720577], [85.2714414, 27.8720801], [85.2714869, 27.8720475], [85.2715415, 27.872107], [85.2714354, 27.8721831]]]}}, {"type": "Feature", "properties": {"osm_id": 341555887, "status": "affected", "confidence": "medium", "flooded_fraction": 1.0, "sampled": "centroid", "pixels": 0, "mean_probability": 0.6448}, "geometry": {"type": "Polygon", "coordinates": [[[85.1805066, 27.9791399], [85.1805765, 27.979149], [85.1805882, 27.9790781], [85.1805183, 27.979069], [85.1805066, 27.9791399]]]}}, {"type": "Feature", "properties": {"osm_id": 341754130, "status": "affected", "confidence": "medium", "flooded_fraction": 1.0, "sampled": "centroid", "pixels": 0, "mean_probability": 0.8214}, "geometry": {"type": "Polygon", "coordinates": [[[85.1806352, 27.9788624], [85.1806106, 27.9789403], [85.180683, 27.9789582], [85.1807076, 27.9788802], [85.1806352, 27.9788624]]]}}, {"type": "Feature", "properties": {"osm_id": 846895826, "status": "affected", "confidence": "high", "flooded_fraction": 1.0, "sampled": "footprint", "pixels": 1, "mean_probability": 0.8214}, "geometry": {"type": "Polygon", "coordinates": [[[85.1824495, 27.9888711], [85.1824522, 27.9888202], [85.1824041, 27.9888182], [85.1824014, 27.9888691], [85.1824495, 27.9888711]]]}}, {"type": "Feature", "properties": {"osm_id": 923909193, "status": "affected", "confidence": "medium", "flooded_fraction": 1.0, "sampled": "centroid", "pixels": 0, "mean_probability": 0.9592}, "geometry": {"type": "Polygon", "coordinates": [[[85.1809403, 27.981454], [85.1809987, 27.9814591], [85.1810023, 27.9814268], [85.1809439, 27.9814217], [85.1809403, 27.981454]]]}}, {"type": "Feature", "properties": {"osm_id": 1041582616, "status": "affected", "confidence": "medium", "flooded_fraction": 1.0, "sampled": "centroid", "pixels": 0, "mean_probability": 0.6997}, "geometry": {"type": "Polygon", "coordinates": [[[85.2980906, 27.9196273], [85.2981536, 27.9196256], [85.2981513, 27.9195563], [85.2980883, 27.919558], [85.2980906, 27.9196273]]]}}, {"type": "Feature", "properties": {"osm_id": 342001166, "status": "affected", "confidence": "medium", "flooded_fraction": 1.0, "sampled": "centroid", "pixels": 0, "mean_probability": 0.5648}, "geometry": {"type": "Polygon", "coordinates": [[[85.2896394, 27.9213816], [85.2896267, 27.9212433], [85.2894713, 27.9212544], [85.289484, 27.9213927], [85.2896394, 27.9213816]]]}}, {"type": "Feature", "properties": {"osm_id": 888801261, "status": "affected", "confidence": "medium", "flooded_fraction": 1.0, "sampled": "centroid", "pixels": 0, "mean_probability": 0.6994}, "geometry": {"type": "Polygon", "coordinates": [[[85.2859218, 27.91422], [85.2859927, 27.9142253], [85.2859986, 27.9141653], [85.2859276, 27.9141599], [85.2859218, 27.91422]]]}}, {"type": "Feature", "properties": {"osm_id": 891119293, "status": "affected", "confidence": "medium", "flooded_fraction": 1.0, "sampled": "centroid", "pixels": 0, "mean_probability": 0.5214}, "geometry": {"type": "Polygon", "coordinates": [[[85.295786, 27.9154749], [85.2958282, 27.9155236], [85.295865, 27.9154987], [85.2958228, 27.91545], [85.295786, 27.9154749]]]}}, {"type": "Feature", "properties": {"osm_id": 890658917, "status": "affected", "confidence": "medium", "flooded_fraction": 1.0, "sampled": "centroid", "pixels": 0, "mean_probability": 0.6537}, "geometry": {"type": "Polygon", "coordinates": [[[85.3020613, 27.9157736], [85.3021583, 27.9157873], [85.302169, 27.915728], [85.302072, 27.9157143], [85.3020613, 27.9157736]]]}}, {"type": "Feature", "properties": {"osm_id": 341557130, "status": "affected", "confidence": "medium", "flooded_fraction": 1.0, "sampled": "centroid", "pixels": 0, "mean_probability": 0.7967}, "geometry": {"type": "Polygon", "coordinates": [[[85.3452738, 27.8641641], [85.3451341, 27.8641305], [85.3451137, 27.8641968], [85.3452534, 27.8642305], [85.3452738, 27.8641641]]]}}, {"type": "Feature", "properties": {"osm_id": 848313645, "status": "affected", "confidence": "medium", "flooded_fraction": 1.0, "sampled": "centroid", "pixels": 0, "mean_probability": 0.71}, "geometry": {"type": "Polygon", "coordinates": [[[85.1851679, 28.0013535], [85.1851689, 28.0013878], [85.1852749, 28.0013854], [85.1852739, 28.0013512], [85.1851679, 28.0013535]]]}}, {"type": "Feature", "properties": {"osm_id": 886946584, "status": "affected", "confidence": "medium", "flooded_fraction": 1.0, "sampled": "centroid", "pixels": 0, "mean_probability": 0.6554}, "geometry": {"type": "Polygon", "coordinates": [[[85.2099194, 27.9087407], [85.2099926, 27.9087803], [85.2100436, 27.9087069], [85.2099703, 27.9086672], [85.2099194, 27.9087407]]]}}, {"type": "Feature", "properties": {"osm_id": 890512704, "status": "affected", "confidence": "medium", "flooded_fraction": 1.0, "sampled": "centroid", "pixels": 0, "mean_probability": 0.5274}, "geometry": {"type": "Polygon", "coordinates": [[[85.2112363, 27.9087122], [85.2112763, 27.9087046], [85.2112588, 27.9086335], [85.2112189, 27.9086411], [85.2112363, 27.9087122]]]}}, {"type": "Feature", "properties": {"osm_id": 342149391, "status": "affected", "confidence": "medium", "flooded_fraction": 1.0, "sampled": "centroid", "pixels": 0, "mean_probability": 0.6729}, "geometry": {"type": "Polygon", "coordinates": [[[85.2209488, 27.9051799], [85.2210279, 27.905208], [85.2210548, 27.905149], [85.2209757, 27.9051208], [85.2209488, 27.9051799]]]}}, {"type": "Feature", "properties": {"osm_id": 890512586, "status": "affected", "confidence": "medium", "flooded_fraction": 1.0, "sampled": "centroid", "pixels": 0, "mean_probability": 0.6419}, "geometry": {"type": "Polygon", "coordinates": [[[85.21337, 27.9018732], [85.2133539, 27.901814], [85.2132976, 27.9018187], [85.2133043, 27.901878], [85.21337, 27.9018732]]]}}, {"type": "Feature", "properties": {"osm_id": 341861046, "status": "affected", "confidence": "medium", "flooded_fraction": 1.0, "sampled": "centroid", "pixels": 0, "mean_probability": 0.5721}, "geometry": {"type": "Polygon", "coordinates": [[[85.2186538, 27.9041002], [85.2186387, 27.9041611], [85.2188202, 27.9041961], [85.2188353, 27.9041353], [85.2186538, 27.9041002]]]}}, {"type": "Feature", "properties": {"osm_id": 342228470, "status": "affected", "confidence": "medium", "flooded_fraction": 1.0, "sampled": "centroid", "pixels": 0, "mean_probability": 0.8747}, "geometry": {"type": "Polygon", "coordinates": [[[85.1958844, 27.9053772], [85.195954, 27.9053493], [85.1959182, 27.9052798], [85.1958487, 27.9053077], [85.1958844, 27.9053772]]]}}, {"type": "Feature", "properties": {"osm_id": 342228455, "status": "affected", "confidence": "medium", "flooded_fraction": 1.0, "sampled": "centroid", "pixels": 0, "mean_probability": 0.7341}, "geometry": {"type": "Polygon", "coordinates": [[[85.1984512, 27.9033044], [85.1984844, 27.9032701], [85.1984231, 27.903213], [85.1983859, 27.9032448], [85.1984512, 27.9033044]]]}}, {"type": "Feature", "properties": {"osm_id": 341211216, "status": "affected", "confidence": "medium", "flooded_fraction": 1.0, "sampled": "centroid", "pixels": 0, "mean_probability": 0.6664}, "geometry": {"type": "Polygon", "coordinates": [[[85.1654517, 27.8975614], [85.1653933, 27.8975254], [85.1654252, 27.8974629], [85.1654924, 27.8975129], [85.1654517, 27.8975614]]]}}, {"type": "Feature", "properties": {"osm_id": 891525241, "status": "affected", "confidence": "medium", "flooded_fraction": 1.0, "sampled": "centroid", "pixels": 0, "mean_probability": 0.6064}, "geometry": {"type": "Polygon", "coordinates": [[[85.3118151, 27.8589533], [85.3118688, 27.8589438], [85.3118388, 27.8588111], [85.3117851, 27.8588206], [85.3118151, 27.8589533]]]}}, {"type": "Feature", "properties": {"osm_id": 341665358, "status": "affected", "confidence": "high", "flooded_fraction": 1.0, "sampled": "footprint", "pixels": 1, "mean_probability": 0.6064}, "geometry": {"type": "Polygon", "coordinates": [[[85.3017399, 27.857167], [85.30176, 27.8571088], [85.3018218, 27.8571255], [85.3018016, 27.8571837], [85.3017399, 27.857167]]]}}, {"type": "Feature", "properties": {"osm_id": 1041574562, "status": "affected", "confidence": "medium", "flooded_fraction": 1.0, "sampled": "centroid", "pixels": 0, "mean_probability": 0.6042}, "geometry": {"type": "Polygon", "coordinates": [[[85.3249566, 27.9222994], [85.3250608, 27.9223374], [85.3251708, 27.9221016], [85.3250666, 27.9220636], [85.3249566, 27.9222994]]]}}, {"type": "Feature", "properties": {"osm_id": 1041574502, "status": "affected", "confidence": "high", "flooded_fraction": 1.0, "sampled": "footprint", "pixels": 1, "mean_probability": 0.6042}, "geometry": {"type": "Polygon", "coordinates": [[[85.3286085, 27.9250266], [85.3286554, 27.9250515], [85.3286876, 27.9250041], [85.3286406, 27.9249792], [85.3286085, 27.9250266]]]}}, {"type": "Feature", "properties": {"osm_id": 1041466885, "status": "affected", "confidence": "medium", "flooded_fraction": 1.0, "sampled": "centroid", "pixels": 0, "mean_probability": 0.7262}, "geometry": {"type": "Polygon", "coordinates": [[[85.3372418, 27.9236331], [85.3373131, 27.9236384], [85.3373224, 27.9235395], [85.3372512, 27.9235342], [85.3372418, 27.9236331]]]}}, {"type": "Feature", "properties": {"osm_id": 888186397, "status": "affected", "confidence": "high", "flooded_fraction": 1.0, "sampled": "footprint", "pixels": 1, "mean_probability": 0.7262}, "geometry": {"type": "Polygon", "coordinates": [[[85.3460153, 27.922585], [85.3460901, 27.9226485], [85.3461229, 27.9226183], [85.3460482, 27.9225548], [85.3460153, 27.922585]]]}}, {"type": "Feature", "properties": {"osm_id": 891525308, "status": "affected", "confidence": "medium", "flooded_fraction": 1.0, "sampled": "centroid", "pixels": 0, "mean_probability": 0.5006}, "geometry": {"type": "Polygon", "coordinates": [[[85.3135492, 27.8587707], [85.3135721, 27.8588223], [85.3136097, 27.8588093], [85.3135867, 27.8587577], [85.3135492, 27.8587707]]]}}, {"type": "Feature", "properties": {"osm_id": 848313606, "status": "affected", "confidence": "medium", "flooded_fraction": 1.0, "sampled": "centroid", "pixels": 0, "mean_probability": 0.5706}, "geometry": {"type": "Polygon", "coordinates": [[[85.1846449, 28.0070904], [85.184724, 28.0071342], [85.1847493, 28.0070986], [85.1846702, 28.0070548], [85.1846449, 28.0070904]]]}}, {"type": "Feature", "properties": {"osm_id": 848313668, "status": "affected", "confidence": "medium", "flooded_fraction": 1.0, "sampled": "centroid", "pixels": 0, "mean_probability": 0.8443}, "geometry": {"type": "Polygon", "coordinates": [[[85.1848112, 27.9959053], [85.1848575, 27.9959272], [85.184887, 27.9958787], [85.1848407, 27.9958568], [85.1848112, 27.9959053]]]}}, {"type": "Feature", "properties": {"osm_id": 847027801, "status": "affected", "confidence": "medium", "flooded_fraction": 1.0, "sampled": "centroid", "pixels": 0, "mean_probability": 0.8082}, "geometry": {"type": "Polygon", "coordinates": [[[85.1827808, 27.9930858], [85.1828291, 27.9930708], [85.1828103, 27.9930235], [85.182762, 27.9930384], [85.1827808, 27.9930858]]]}}, {"type": "Feature", "properties": {"osm_id": 890499815, "status": "affected", "confidence": "medium", "flooded_fraction": 1.0, "sampled": "centroid", "pixels": 0, "mean_probability": 0.5322}, "geometry": {"type": "Polygon", "coordinates": [[[85.2318156, 27.9021488], [85.2318944, 27.9021819], [85.231934, 27.9021085], [85.2318551, 27.9020753], [85.2318156, 27.9021488]]]}}, {"type": "Feature", "properties": {"osm_id": 890499820, "status": "affected", "confidence": "medium", "flooded_fraction": 1.0, "sampled": "centroid", "pixels": 0, "mean_probability": 0.5207}, "geometry": {"type": "Polygon", "coordinates": [[[85.231365, 27.9020326], [85.2314092, 27.9020656], [85.2315165, 27.901953], [85.2314723, 27.9019201], [85.231365, 27.9020326]]]}}, {"type": "Feature", "properties": {"osm_id": 342083456, "status": "affected", "confidence": "medium", "flooded_fraction": 1.0, "sampled": "centroid", "pixels": 0, "mean_probability": 0.6672}, "geometry": {"type": "Polygon", "coordinates": [[[85.2331192, 27.8990421], [85.2331851, 27.8989892], [85.2331342, 27.8989397], [85.2330683, 27.8989926], [85.2331192, 27.8990421]]]}}, {"type": "Feature", "properties": {"osm_id": 890499893, "status": "affected", "confidence": "high", "flooded_fraction": 1.0, "sampled": "footprint", "pixels": 1, "mean_probability": 0.6672}, "geometry": {"type": "Polygon", "coordinates": [[[85.2316231, 27.8990418], [85.2316362, 27.8990729], [85.2316889, 27.8990555], [85.2316758, 27.8990244], [85.2316231, 27.8990418]]]}}, {"type": "Feature", "properties": {"osm_id": 890499878, "status": "affected", "confidence": "medium", "flooded_fraction": 1.0, "sampled": "centroid", "pixels": 0, "mean_probability": 0.5997}, "geometry": {"type": "Polygon", "coordinates": [[[85.2306119, 27.8989043], [85.2306976, 27.8989432], [85.2307211, 27.898903], [85.2306354, 27.898864], [85.2306119, 27.8989043]]]}}, {"type": "Feature", "properties": {"osm_id": 342168102, "status": "affected", "confidence": "medium", "flooded_fraction": 1.0, "sampled": "centroid", "pixels": 0, "mean_probability": 0.5446}, "geometry": {"type": "Polygon", "coordinates": [[[85.2328243, 27.8986995], [85.2328627, 27.8987257], [85.232895, 27.8986887], [85.2328566, 27.8986625], [85.2328243, 27.8986995]]]}}, {"type": "Feature", "properties": {"osm_id": 890499939, "status": "affected", "confidence": "medium", "flooded_fraction": 1.0, "sampled": "centroid", "pixels": 0, "mean_probability": 0.76}, "geometry": {"type": "Polygon", "coordinates": [[[85.2265122, 27.8974085], [85.226533, 27.8974393], [85.2266004, 27.8974038], [85.2265796, 27.8973729], [85.2265122, 27.8974085]]]}}, {"type": "Feature", "properties": {"osm_id": 342149385, "status": "affected", "confidence": "medium", "flooded_fraction": 1.0, "sampled": "centroid", "pixels": 0, "mean_probability": 0.7038}, "geometry": {"type": "Polygon", "coordinates": [[[85.221887, 27.9056458], [85.2219617, 27.9056515], [85.2219658, 27.9056098], [85.2218912, 27.905604], [85.221887, 27.9056458]]]}}, {"type": "Feature", "properties": {"osm_id": 890512540, "status": "affected", "confidence": "high", "flooded_fraction": 1.0, "sampled": "footprint", "pixels": 1, "mean_probability": 0.7038}, "geometry": {"type": "Polygon", "coordinates": [[[85.222173, 27.9050057], [85.2222428, 27.9050041], [85.2222414, 27.9049567], [85.2221717, 27.9049583], [85.222173, 27.9050057]]]}}, {"type": "Feature", "properties": {"osm_id": 891116951, "status": "affected", "confidence": "medium", "flooded_fraction": 1.0, "sampled": "centroid", "pixels": 0, "mean_probability": 0.5503}, "geometry": {"type": "Polygon", "coordinates": [[[85.2604696, 27.877907], [85.2605273, 27.8779712], [85.2606352, 27.8778955], [85.2605774, 27.8778313], [85.2604696, 27.877907]]]}}, {"type": "Feature", "properties": {"osm_id": 890512678, "status": "affected", "confidence": "medium", "flooded_fraction": 1.0, "sampled": "centroid", "pixels": 0, "mean_probability": 0.5096}, "geometry": {"type": "Polygon", "coordinates": [[[85.2126499, 27.9009203], [85.2127196, 27.900922], [85.2127223, 27.9008319], [85.2126525, 27.9008303], [85.2126499, 27.9009203]]]}}, {"type": "Feature", "properties": {"osm_id": 890512686, "status": "affected", "confidence": "medium", "flooded_fraction": 1.0, "sampled": "centroid", "pixels": 0, "mean_probability": 0.683}, "geometry": {"type": "Polygon", "coordinates": [[[85.2130388, 27.9013506], [85.2131662, 27.9013491], [85.2131649, 27.9012578], [85.2130374, 27.9012593], [85.2130388, 27.9013506]]]}}, {"type": "Feature", "properties": {"osm_id": 341862410, "status": "affected", "confidence": "medium", "flooded_fraction": 1.0, "sampled": "centroid", "pixels": 0, "mean_probability": 0.5449}, "geometry": {"type": "Polygon", "coordinates": [[[85.2159298, 27.90332], [85.2160307, 27.9033303], [85.216019, 27.9034203], [85.2159181, 27.90341], [85.2159298, 27.90332]]]}}, {"type": "Feature", "properties": {"osm_id": 342149441, "status": "affected", "confidence": "medium", "flooded_fraction": 1.0, "sampled": "centroid", "pixels": 0, "mean_probability": 0.6622}, "geometry": {"type": "Polygon", "coordinates": [[[85.2178583, 27.9037596], [85.2180644, 27.9037686], [85.2180682, 27.9036999], [85.2178735, 27.9036918], [85.2178621, 27.903691], [85.2178583, 27.9037596]]]}}, {"type": "Feature", "properties": {"osm_id": 342228568, "status": "affected", "confidence": "medium", "flooded_fraction": 1.0, "sampled": "centroid", "pixels": 0, "mean_probability": 0.5213}, "geometry": {"type": "Polygon", "coordinates": [[[85.1957327, 27.9054518], [85.195804, 27.9054301], [85.195764, 27.9053277], [85.1956927, 27.9053495], [85.1957327, 27.9054518]]]}}, {"type": "Feature", "properties": {"osm_id": 341462614, "status": "affected", "confidence": "medium", "flooded_fraction": 1.0, "sampled": "centroid", "pixels": 0, "mean_probability": 0.7255}, "geometry": {"type": "Polygon", "coordinates": [[[85.3443445, 27.9188826], [85.3444943, 27.91886], [85.3444843, 27.9188086], [85.3443345, 27.9188312], [85.3443445, 27.9188826]]]}}, {"type": "Feature", "properties": {"osm_id": 887873530, "status": "affected", "confidence": "medium", "flooded_fraction": 1.0, "sampled": "centroid", "pixels": 0, "mean_probability": 0.5068}, "geometry": {"type": "Polygon", "coordinates": [[[85.1962275, 27.8843439], [85.1962121, 27.8842808], [85.1961711, 27.8842886], [85.1961865, 27.8843517], [85.1962275, 27.8843439]]]}}, {"type": "Feature", "properties": {"osm_id": 342369613, "status": "affected", "confidence": "medium", "flooded_fraction": 1.0, "sampled": "centroid", "pixels": 0, "mean_probability": 0.6191}, "geometry": {"type": "Polygon", "coordinates": [[[85.2706824, 27.8726135], [85.2706513, 27.872576], [85.2707079, 27.8725393], [85.270739, 27.8725768], [85.2706824, 27.8726135]]]}}, {"type": "Feature", "properties": {"osm_id": 922502779, "status": "affected", "confidence": "medium", "flooded_fraction": 1.0, "sampled": "centroid", "pixels": 0, "mean_probability": 0.6047}, "geometry": {"type": "Polygon", "coordinates": [[[85.2746371, 27.869888], [85.2745897, 27.869805], [85.2746814, 27.8697641], [85.2747287, 27.8698471], [85.2746371, 27.869888]]]}}, {"type": "Feature", "properties": {"osm_id": 890788007, "status": "affected", "confidence": "medium", "flooded_fraction": 1.0, "sampled": "centroid", "pixels": 0, "mean_probability": 0.6954}, "geometry": {"type": "Polygon", "coordinates": [[[85.2956589, 27.9190638], [85.2956958, 27.9190938], [85.2957253, 27.9190653], [85.2956884, 27.9190354], [85.2956589, 27.9190638]]]}}, {"type": "Feature", "properties": {"osm_id": 847027828, "status": "affected", "confidence": "medium", "flooded_fraction": 1.0, "sampled": "centroid", "pixels": 0, "mean_probability": 0.976}, "geometry": {"type": "Polygon", "coordinates": [[[85.1829719, 27.9921532], [85.1830281, 27.9921684], [85.183065, 27.9920618], [85.1830088, 27.9920466], [85.1829719, 27.9921532]]]}}, {"type": "Feature", "properties": {"osm_id": 886466495, "status": "affected", "confidence": "high", "flooded_fraction": 1.0, "sampled": "footprint", "pixels": 1, "mean_probability": 0.9622}, "geometry": {"type": "Polygon", "coordinates": [[[85.1857595, 27.9706952], [85.1857603, 27.9707205], [85.1858113, 27.9707194], [85.1858106, 27.970694], [85.1857595, 27.9706952]]]}}, {"type": "Feature", "properties": {"osm_id": 342369535, "status": "affected", "confidence": "medium", "flooded_fraction": 1.0, "sampled": "centroid", "pixels": 0, "mean_probability": 0.5497}, "geometry": {"type": "Polygon", "coordinates": [[[85.2700354, 27.8728105], [85.2700077, 27.8727719], [85.2700702, 27.8727369], [85.270055, 27.8727156], [85.2701218, 27.8726782], [85.2701429, 27.8727076], [85.2701901, 27.8726812], [85.2702116, 27.8727112], [85.2701676, 27.8727358], [85.2701923, 27.8727702], [85.2701082, 27.8728173], [85.2700839, 27.8727833], [85.2700354, 27.8728105]]]}}, {"type": "Feature", "properties": {"osm_id": 922502777, "status": "affected", "confidence": "high", "flooded_fraction": 1.0, "sampled": "footprint", "pixels": 1, "mean_probability": 0.5497}, "geometry": {"type": "Polygon", "coordinates": [[[85.2733319, 27.8711833], [85.2733204, 27.8710732], [85.2734204, 27.871065], [85.2734319, 27.8711751], [85.2733319, 27.8711833]]]}}, {"type": "Feature", "properties": {"osm_id": 341665367, "status": "affected", "confidence": "medium", "flooded_fraction": 1.0, "sampled": "centroid", "pixels": 0, "mean_probability": 0.6074}, "geometry": {"type": "Polygon", "coordinates": [[[85.3040693, 27.8572106], [85.3040844, 27.8572216], [85.3040375, 27.8572721], [85.3040223, 27.8572611], [85.3040693, 27.8572106]]]}}, {"type": "Feature", "properties": {"osm_id": 1041582608, "status": "affected", "confidence": "medium", "flooded_fraction": 1.0, "sampled": "centroid", "pixels": 0, "mean_probability": 0.7579}, "geometry": {"type": "Polygon", "coordinates": [[[85.2978717, 27.91927], [85.2979025, 27.919238], [85.2978545, 27.9192018], [85.2978236, 27.9192338], [85.2978717, 27.91927]]]}}, {"type": "Feature", "properties": {"osm_id": 1041582609, "status": "affected", "confidence": "medium", "flooded_fraction": 1.0, "sampled": "centroid", "pixels": 0, "mean_probability": 0.6873}, "geometry": {"type": "Polygon", "coordinates": [[[85.297875, 27.919289], [85.2979244, 27.919319], [85.2979613, 27.9192716], [85.2979119, 27.9192416], [85.297875, 27.919289]]]}}, {"type": "Feature", "properties": {"osm_id": 891119288, "status": "affected", "confidence": "medium", "flooded_fraction": 1.0, "sampled": "centroid", "pixels": 0, "mean_probability": 0.6576}, "geometry": {"type": "Polygon", "coordinates": [[[85.2961148, 27.9162583], [85.2962302, 27.9162828], [85.2962463, 27.9162239], [85.2961309, 27.9161993], [85.2961148, 27.9162583]]]}}, {"type": "Feature", "properties": {"osm_id": 341496199, "status": "affected", "confidence": "high", "flooded_fraction": 1.0, "sampled": "footprint", "pixels": 1, "mean_probability": 0.6576}, "geometry": {"type": "Polygon", "coordinates": [[[85.2959813, 27.9162584], [85.2960705, 27.9162674], [85.2960781, 27.9162084], [85.2959889, 27.9161994], [85.2959813, 27.9162584]]]}}, {"type": "Feature", "properties": {"osm_id": 890903178, "status": "affected", "confidence": "medium", "flooded_fraction": 1.0, "sampled": "centroid", "pixels": 0, "mean_probability": 0.7273}, "geometry": {"type": "Polygon", "coordinates": [[[85.2598681, 27.9330449], [85.2598653, 27.9330738], [85.2599132, 27.9330775], [85.2599161, 27.9330486], [85.2598681, 27.9330449]]]}}, {"type": "Feature", "properties": {"osm_id": 847027726, "status": "affected", "confidence": "medium", "flooded_fraction": 1.0, "sampled": "centroid", "pixels": 0, "mean_probability": 0.9992}, "geometry": {"type": "Polygon", "coordinates": [[[85.1835935, 27.9935926], [85.1835935, 27.9935523], [85.1835398, 27.9935523], [85.1835398, 27.9935926], [85.1835935, 27.9935926]]]}}, {"type": "Feature", "properties": {"osm_id": 847027767, "status": "affected", "confidence": "medium", "flooded_fraction": 1.0, "sampled": "centroid", "pixels": 0, "mean_probability": 0.7299}, "geometry": {"type": "Polygon", "coordinates": [[[85.1835901, 27.9926121], [85.1836414, 27.992604], [85.1835965, 27.9923831], [85.1835452, 27.9923912], [85.1835901, 27.9926121]]]}}, {"type": "Feature", "properties": {"osm_id": 847027769, "status": "affected", "confidence": "medium", "flooded_fraction": 1.0, "sampled": "centroid", "pixels": 0, "mean_probability": 0.9866}, "geometry": {"type": "Polygon", "coordinates": [[[85.183519, 27.9926518], [85.1835771, 27.9926374], [85.1835469, 27.9925421], [85.1834889, 27.9925564], [85.183519, 27.9926518]]]}}, {"type": "Feature", "properties": {"osm_id": 847027749, "status": "affected", "confidence": "medium", "flooded_fraction": 1.0, "sampled": "centroid", "pixels": 0, "mean_probability": 0.96}, "geometry": {"type": "Polygon", "coordinates": [[[85.1830631, 27.9923782], [85.1831143, 27.9923906], [85.1831472, 27.9922846], [85.1830959, 27.9922722], [85.1830631, 27.9923782]]]}}, {"type": "Feature", "properties": {"osm_id": 847027826, "status": "affected", "confidence": "medium", "flooded_fraction": 1.0, "sampled": "centroid", "pixels": 0, "mean_probability": 0.9658}, "geometry": {"type": "Polygon", "coordinates": [[[85.1827184, 27.9923249], [85.1827406, 27.9923713], [85.1827835, 27.9923553], [85.1827613, 27.9923089], [85.1827184, 27.9923249]]]}}, {"type": "Feature", "properties": {"osm_id": 847027797, "status": "affected", "confidence": "medium", "flooded_fraction": 1.0, "sampled": "centroid", "pixels": 0, "mean_probability": 0.9869}, "geometry": {"type": "Polygon", "coordinates": [[[85.183112, 27.9932314], [85.1831657, 27.993222], [85.1831582, 27.9931892], [85.1831046, 27.9931986], [85.183112, 27.9932314]]]}}, {"type": "Feature", "properties": {"osm_id": 341461734, "status": "affected", "confidence": "medium", "flooded_fraction": 1.0, "sampled": "centroid", "pixels": 0, "mean_probability": 0.9954}, "geometry": {"type": "Polygon", "coordinates": [[[85.1858391, 27.9737147], [85.1858397, 27.9737755], [85.1857352, 27.9737762], [85.1857347, 27.9737154], [85.1858391, 27.9737147]]]}}, {"type": "Feature", "properties": {"osm_id": 886398153, "status": "affected", "confidence": "medium", "flooded_fraction": 1.0, "sampled": "centroid", "pixels": 0, "mean_probability": 0.9562}, "geometry": {"type": "Polygon", "coordinates": [[[85.1850806, 27.9720815], [85.1851031, 27.9721821], [85.18519, 27.9721669], [85.185179, 27.9721178], [85.1852444, 27.9721064], [85.1852329, 27.972055], [85.1850806, 27.9720815]]]}}, {"type": "Feature", "properties": {"osm_id": 341587406, "status": "affected", "confidence": "high", "flooded_fraction": 1.0, "sampled": "footprint", "pixels": 1, "mean_probability": 0.9562}, "geometry": {"type": "Polygon", "coordinates": [[[85.1738613, 27.9708935], [85.1738731, 27.9708718], [85.1738458, 27.9708601], [85.1738339, 27.9708818], [85.1738613, 27.9708935]]]}}, {"type": "Feature", "properties": {"osm_id": 847027737, "status": "affected", "confidence": "medium", "flooded_fraction": 1.0, "sampled": "centroid", "pixels": 0, "mean_probability": 0.9994}, "geometry": {"type": "Polygon", "coordinates": [[[85.1836619, 27.9932883], [85.1836967, 27.9933451], [85.1837509, 27.9933192], [85.183716, 27.9932624], [85.1836619, 27.9932883]]]}}, {"type": "Feature", "properties": {"osm_id": 847027807, "status": "affected", "confidence": "medium", "flooded_fraction": 1.0, "sampled": "centroid", "pixels": 0, "mean_probability": 0.9937}, "geometry": {"type": "Polygon", "coordinates": [[[85.1830986, 27.993007], [85.1831309, 27.9930055], [85.1831275, 27.9929499], [85.1830953, 27.9929514], [85.1830986, 27.993007]]]}}, {"type": "Feature", "properties": {"osm_id": 847027821, "status": "affected", "confidence": "medium", "flooded_fraction": 1.0, "sampled": "centroid", "pixels": 0, "mean_probability": 0.8943}, "geometry": {"type": "Polygon", "coordinates": [[[85.182699, 27.9928158], [85.1828024, 27.9928419], [85.1828175, 27.9927951], [85.1827807, 27.9927858], [85.1827978, 27.9927331], [85.1827312, 27.9927163], [85.182699, 27.9928158]]]}}, {"type": "Feature", "properties": {"osm_id": 847027820, "status": "affected", "confidence": "medium", "flooded_fraction": 1.0, "sampled": "centroid", "pixels": 0, "mean_probability": 0.8945}, "geometry": {"type": "Polygon", "coordinates": [[[85.1828398, 27.9929259], [85.1829, 27.9929336], [85.1829134, 27.9928519], [85.1828532, 27.9928442], [85.1828398, 27.9929259]]]}}, {"type": "Feature", "properties": {"osm_id": 847027838, "status": "affected", "confidence": "medium", "flooded_fraction": 1.0, "sampled": "centroid", "pixels": 0, "mean_probability": 0.9689}, "geometry": {"type": "Polygon", "coordinates": [[[85.1825877, 27.9926476], [85.182646, 27.99265], [85.1826489, 27.9925951], [85.1825905, 27.9925927], [85.1825877, 27.9926476]]]}}, {"type": "Feature", "properties": {"osm_id": 847027816, "status": "affected", "confidence": "medium", "flooded_fraction": 1.0, "sampled": "centroid", "pixels": 0, "mean_probability": 0.9785}, "geometry": {"type": "Polygon", "coordinates": [[[85.1830222, 27.9926376], [85.1830734, 27.9926434], [85.1830888, 27.9925374], [85.1830376, 27.9925316], [85.1830222, 27.9926376]]]}}, {"type": "Feature", "properties": {"osm_id": 342068779, "status": "affected", "confidence": "high", "flooded_fraction": 1.0, "sampled": "footprint", "pixels": 1, "mean_probability": 0.9785}, "geometry": {"type": "Polygon", "coordinates": [[[85.1786776, 27.9950565], [85.1786405, 27.9949995], [85.1785724, 27.9950341], [85.1786095, 27.9950911], [85.1786776, 27.9950565]]]}}, {"type": "Feature", "properties": {"osm_id": 342216143, "status": "affected", "confidence": "medium", "flooded_fraction": 1.0, "sampled": "centroid", "pixels": 0, "mean_probability": 0.6666}, "geometry": {"type": "Polygon", "coordinates": [[[85.2444694, 27.9027826], [85.2445473, 27.9028016], [85.2445612, 27.902757], [85.2444833, 27.902738], [85.2444694, 27.9027826]]]}}, {"type": "Feature", "properties": {"osm_id": 342212013, "status": "affected", "confidence": "medium", "flooded_fraction": 1.0, "sampled": "centroid", "pixels": 0, "mean_probability": 0.586}, "geometry": {"type": "Polygon", "coordinates": [[[85.239096, 27.9041066], [85.2391337, 27.9041118], [85.239148, 27.9040301], [85.2391103, 27.9040249], [85.239096, 27.9041066]]]}}, {"type": "Feature", "properties": {"osm_id": 342083478, "status": "affected", "confidence": "medium", "flooded_fraction": 1.0, "sampled": "centroid", "pixels": 0, "mean_probability": 0.5781}, "geometry": {"type": "Polygon", "coordinates": [[[85.2394588, 27.9038546], [85.2395845, 27.9038705], [85.2396086, 27.9037217], [85.2394829, 27.9037058], [85.2394588, 27.9038546]]]}}, {"type": "Feature", "properties": {"osm_id": 342114300, "status": "affected", "confidence": "medium", "flooded_fraction": 1.0, "sampled": "centroid", "pixels": 0, "mean_probability": 0.521}, "geometry": {"type": "Polygon", "coordinates": [[[85.2337343, 27.8996461], [85.2338172, 27.8997282], [85.2337523, 27.8997793], [85.2336695, 27.8996973], [85.2337343, 27.8996461]]]}}, {"type": "Feature", "properties": {"osm_id": 889075143, "status": "affected", "confidence": "high", "flooded_fraction": 1.0, "sampled": "footprint", "pixels": 1, "mean_probability": 0.521}, "geometry": {"type": "Polygon", "coordinates": [[[85.2334393, 27.8997235], [85.2334006, 27.8996596], [85.2334935, 27.8996157], [85.2335322, 27.8996796], [85.2334393, 27.8997235]]]}}, {"type": "Feature", "properties": {"osm_id": 343086171, "status": "affected", "confidence": "medium", "flooded_fraction": 1.0, "sampled": "centroid", "pixels": 0, "mean_probability": 0.5635}, "geometry": {"type": "Polygon", "coordinates": [[[85.2344758, 27.8965612], [85.234491, 27.8966474], [85.2345771, 27.8966355], [85.2345619, 27.8965493], [85.2344758, 27.8965612]]]}}, {"type": "Feature", "properties": {"osm_id": 890566626, "status": "affected", "confidence": "high", "flooded_fraction": 1.0, "sampled": "footprint", "pixels": 1, "mean_probability": 0.5635}, "geometry": {"type": "Polygon", "coordinates": [[[85.2355961, 27.8966499], [85.2357313, 27.8966374], [85.2357209, 27.8965492], [85.2355857, 27.8965617], [85.2355961, 27.8966499]]]}}, {"type": "Feature", "properties": {"osm_id": 890512716, "status": "affected", "confidence": "medium", "flooded_fraction": 1.0, "sampled": "centroid", "pixels": 0, "mean_probability": 0.5101}, "geometry": {"type": "Polygon", "coordinates": [[[85.2104732, 27.9094879], [85.2105353, 27.9095346], [85.2105662, 27.9095026], [85.2105041, 27.9094559], [85.2104732, 27.9094879]]]}}, {"type": "Feature", "properties": {"osm_id": 341538776, "status": "affected", "confidence": "medium", "flooded_fraction": 1.0, "sampled": "centroid", "pixels": 0, "mean_probability": 0.5226}, "geometry": {"type": "Polygon", "coordinates": [[[85.2821734, 27.9063528], [85.2822555, 27.9063885], [85.2822242, 27.9064378], [85.2821505, 27.906404], [85.2821734, 27.9063528]]]}}, {"type": "Feature", "properties": {"osm_id": 342442050, "status": "affected", "confidence": "medium", "flooded_fraction": 1.0, "sampled": "centroid", "pixels": 0, "mean_probability": 0.5323}, "geometry": {"type": "Polygon", "coordinates": [[[85.2844794, 27.9082496], [85.2845385, 27.9082198], [85.2845057, 27.908169], [85.2844466, 27.9081989], [85.2844794, 27.9082496]]]}}, {"type": "Feature", "properties": {"osm_id": 890512616, "status": "affected", "confidence": "medium", "flooded_fraction": 1.0, "sampled": "centroid", "pixels": 0, "mean_probability": 0.7091}, "geometry": {"type": "Polygon", "coordinates": [[[85.2123173, 27.9009073], [85.2123307, 27.900944], [85.2124005, 27.9009241], [85.2123871, 27.9008874], [85.2123173, 27.9009073]]]}}, {"type": "Feature", "properties": {"osm_id": 342548572, "status": "affected", "confidence": "medium", "flooded_fraction": 1.0, "sampled": "centroid", "pixels": 0, "mean_probability": 0.543}, "geometry": {"type": "Polygon", "coordinates": [[[85.2071646, 27.9011], [85.2071775, 27.9011343], [85.2072398, 27.901116], [85.2072269, 27.9010817], [85.2071646, 27.9011]]]}}, {"type": "Feature", "properties": {"osm_id": 342228483, "status": "affected", "confidence": "medium", "flooded_fraction": 1.0, "sampled": "centroid", "pixels": 0, "mean_probability": 0.5213}, "geometry": {"type": "Polygon", "coordinates": [[[85.1956847, 27.9053637], [85.1955789, 27.9053947], [85.1956323, 27.9055312], [85.1957341, 27.9055001], [85.1956847, 27.9053637]]]}}, {"type": "Feature", "properties": {"osm_id": 886929742, "status": "affected", "confidence": "high", "flooded_fraction": 1.0, "sampled": "footprint", "pixels": 1, "mean_probability": 0.5213}, "geometry": {"type": "Polygon", "coordinates": [[[85.1984476, 27.9051793], [85.1985604, 27.9051885], [85.1985691, 27.9051053], [85.1984563, 27.9050961], [85.1984476, 27.9051793]]]}}, {"type": "Feature", "properties": {"osm_id": 1041579427, "status": "affected", "confidence": "medium", "flooded_fraction": 1.0, "sampled": "centroid", "pixels": 0, "mean_probability": 0.6633}, "geometry": {"type": "Polygon", "coordinates": [[[85.3102692, 27.9248133], [85.3102511, 27.9248667], [85.3102937, 27.9248779], [85.3103118, 27.9248246], [85.3102692, 27.9248133]]]}}, {"type": "Feature", "properties": {"osm_id": 889083802, "status": "affected", "confidence": "high", "flooded_fraction": 1.0, "sampled": "footprint", "pixels": 1, "mean_probability": 0.5128}, "geometry": {"type": "Polygon", "coordinates": [[[85.2377628, 27.9026841], [85.2377875, 27.9026351], [85.2378799, 27.9026378], [85.2378491, 27.9026868], [85.2377628, 27.9026841]]]}}, {"type": "Feature", "properties": {"osm_id": 890512641, "status": "affected", "confidence": "medium", "flooded_fraction": 1.0, "sampled": "centroid", "pixels": 0, "mean_probability": 0.7995}, "geometry": {"type": "Polygon", "coordinates": [[[85.2218217, 27.9053672], [85.2219084, 27.9053588], [85.2218991, 27.9052829], [85.2218123, 27.9052913], [85.2218217, 27.9053672]]]}}, {"type": "Feature", "properties": {"osm_id": 890512640, "status": "affected", "confidence": "medium", "flooded_fraction": 1.0, "sampled": "centroid", "pixels": 0, "mean_probability": 0.7995}, "geometry": {"type": "Polygon", "coordinates": [[[85.2219209, 27.9052901], [85.2219343, 27.9053446], [85.2219931, 27.9053334], [85.2219796, 27.9052788], [85.2219209, 27.9052901]]]}}, {"type": "Feature", "properties": {"osm_id": 890499818, "status": "affected", "confidence": "medium", "flooded_fraction": 1.0, "sampled": "centroid", "pixels": 0, "mean_probability": 0.6061}, "geometry": {"type": "Polygon", "coordinates": [[[85.2316721, 27.9020321], [85.231714, 27.9020534], [85.2317469, 27.9020031], [85.2317049, 27.9019817], [85.2316721, 27.9020321]]]}}, {"type": "Feature", "properties": {"osm_id": 890525466, "status": "affected", "confidence": "high", "flooded_fraction": 1.0, "sampled": "footprint", "pixels": 1, "mean_probability": 0.6061}, "geometry": {"type": "Polygon", "coordinates": [[[85.2330896, 27.9014839], [85.2331413, 27.9015148], [85.2331835, 27.9014596], [85.2331318, 27.9014287], [85.2330896, 27.9014839]]]}}, {"type": "Feature", "properties": {"osm_id": 890499840, "status": "affected", "confidence": "medium", "flooded_fraction": 1.0, "sampled": "centroid", "pixels": 0, "mean_probability": 0.6414}, "geometry": {"type": "Polygon", "coordinates": [[[85.2302016, 27.9015082], [85.2302478, 27.9015236], [85.230293, 27.9014177], [85.2302467, 27.9014023], [85.2302016, 27.9015082]]]}}, {"type": "Feature", "properties": {"osm_id": 890499898, "status": "affected", "confidence": "high", "flooded_fraction": 1.0, "sampled": "footprint", "pixels": 1, "mean_probability": 0.6414}, "geometry": {"type": "Polygon", "coordinates": [[[85.2291991, 27.8987638], [85.2293218, 27.8987622], [85.2293205, 27.8986805], [85.2291977, 27.898682], [85.2291991, 27.8987638]]]}}, {"type": "Feature", "properties": {"osm_id": 890541998, "status": "affected", "confidence": "medium", "flooded_fraction": 1.0, "sampled": "centroid", "pixels": 0, "mean_probability": 0.5396}, "geometry": {"type": "Polygon", "coordinates": [[[85.2212312, 27.8962164], [85.2212788, 27.8962168], [85.2212791, 27.8961812], [85.2212316, 27.8961809], [85.2212312, 27.8962164]]]}}, {"type": "Feature", "properties": {"osm_id": 342212030, "status": "affected", "confidence": "medium", "flooded_fraction": 1.0, "sampled": "centroid", "pixels": 0, "mean_probability": 0.5577}, "geometry": {"type": "Polygon", "coordinates": [[[85.2419117, 27.9040224], [85.2419721, 27.9040242], [85.2419754, 27.9039353], [85.241915, 27.9039335], [85.2419117, 27.9040224]]]}}, {"type": "Feature", "properties": {"osm_id": 343086146, "status": "affected", "confidence": "high", "flooded_fraction": 1.0, "sampled": "footprint", "pixels": 1, "mean_probability": 0.6035}, "geometry": {"type": "Polygon", "coordinates": [[[85.2330797, 27.8967148], [85.2332016, 27.8966932], [85.2331778, 27.8965881], [85.2330559, 27.8966096], [85.2330797, 27.8967148]]]}}, {"type": "Feature", "properties": {"osm_id": 890564844, "status": "affected", "confidence": "medium", "flooded_fraction": 1.0, "sampled": "centroid", "pixels": 0, "mean_probability": 0.548}, "geometry": {"type": "Polygon", "coordinates": [[[85.2450131, 27.8894241], [85.2450838, 27.8894484], [85.2451066, 27.8893965], [85.2450358, 27.8893722], [85.2450131, 27.8894241]]]}}, {"type": "Feature", "properties": {"osm_id": 890559116, "status": "affected", "confidence": "medium", "flooded_fraction": 1.0, "sampled": "centroid", "pixels": 0, "mean_probability": 0.5625}, "geometry": {"type": "Polygon", "coordinates": [[[85.2484627, 27.8856994], [85.2485113, 27.8856416], [85.2484113, 27.8855758], [85.2483627, 27.8856336], [85.2484627, 27.8856994]]]}}, {"type": "Feature", "properties": {"osm_id": 341636497, "status": "affected", "confidence": "medium", "flooded_fraction": 1.0, "sampled": "centroid", "pixels": 0, "mean_probability": 0.5137}, "geometry": {"type": "Polygon", "coordinates": [[[85.2117336, 27.9087796], [85.211727, 27.9086708], [85.2118396, 27.9086655], [85.2118461, 27.9087743], [85.2117336, 27.9087796]]]}}, {"type": "Feature", "properties": {"osm_id": 890512710, "status": "affected", "confidence": "high", "flooded_fraction": 1.0, "sampled": "footprint", "pixels": 1, "mean_probability": 0.5137}, "geometry": {"type": "Polygon", "coordinates": [[[85.2111438, 27.9094381], [85.2112114, 27.9094835], [85.2112664, 27.9094195], [85.2111988, 27.9093741], [85.2111438, 27.9094381]]]}}, {"type": "Feature", "properties": {"osm_id": 887181683, "status": "affected", "confidence": "medium", "flooded_fraction": 1.0, "sampled": "centroid", "pixels": 0, "mean_probability": 0.5771}, "geometry": {"type": "Polygon", "coordinates": [[[85.2076811, 27.8994566], [85.207757, 27.8994616], [85.207761, 27.8994142], [85.2076851, 27.8994092], [85.2076811, 27.8994566]]]}}, {"type": "Feature", "properties": {"osm_id": 342548614, "status": "affected", "confidence": "medium", "flooded_fraction": 1.0, "sampled": "centroid", "pixels": 0, "mean_probability": 0.9273}, "geometry": {"type": "Polygon", "coordinates": [[[85.207339, 27.8993206], [85.207342, 27.8993884], [85.207454, 27.8993846], [85.207451, 27.8993168], [85.207339, 27.8993206]]]}}, {"type": "Feature", "properties": {"osm_id": 887181679, "status": "affected", "confidence": "medium", "flooded_fraction": 1.0, "sampled": "centroid", "pixels": 0, "mean_probability": 0.5834}, "geometry": {"type": "Polygon", "coordinates": [[[85.207736, 27.8990406], [85.2077367, 27.8991188], [85.207816, 27.8991183], [85.2078153, 27.89904], [85.207736, 27.8990406]]]}}, {"type": "Feature", "properties": {"osm_id": 342149383, "status": "affected", "confidence": "medium", "flooded_fraction": 1.0, "sampled": "centroid", "pixels": 0, "mean_probability": 0.7091}, "geometry": {"type": "Polygon", "coordinates": [[[85.2122645, 27.9010609], [85.2124083, 27.9010528], [85.2124041, 27.9009934], [85.2122602, 27.9010014], [85.2122645, 27.9010609]]]}}, {"type": "Feature", "properties": {"osm_id": 342228459, "status": "affected", "confidence": "medium", "flooded_fraction": 1.0, "sampled": "centroid", "pixels": 0, "mean_probability": 0.5032}, "geometry": {"type": "Polygon", "coordinates": [[[85.19886, 27.9032649], [85.1988152, 27.9033293], [85.1989245, 27.9033888], [85.1989693, 27.9033244], [85.19886, 27.9032649]]]}}, {"type": "Feature", "properties": {"osm_id": 341697680, "status": "affected", "confidence": "medium", "flooded_fraction": 1.0, "sampled": "centroid", "pixels": 0, "mean_probability": 0.8548}, "geometry": {"type": "Polygon", "coordinates": [[[85.1641632, 27.9543295], [85.1641281, 27.9542391], [85.1642237, 27.9542101], [85.1642589, 27.9543005], [85.1641632, 27.9543295]]]}}, {"type": "Feature", "properties": {"osm_id": 341654700, "status": "affected", "confidence": "medium", "flooded_fraction": 1.0, "sampled": "centroid", "pixels": 0, "mean_probability": 0.9709}, "geometry": {"type": "Polygon", "coordinates": [[[85.1502713, 27.9237166], [85.1504964, 27.9236891], [85.1505189, 27.9238326], [85.1502938, 27.9238601], [85.1502713, 27.9237166]]]}}, {"type": "Feature", "properties": {"osm_id": 859950320, "status": "affected", "confidence": "high", "flooded_fraction": 1.0, "sampled": "footprint", "pixels": 1, "mean_probability": 0.9709}, "geometry": {"type": "Polygon", "coordinates": [[[85.152793, 27.9561312], [85.1529408, 27.9561507], [85.1529495, 27.9560992], [85.1528017, 27.9560797], [85.152793, 27.9561312]]]}}, {"type": "Feature", "properties": {"osm_id": 341698564, "status": "affected", "confidence": "medium", "flooded_fraction": 1.0, "sampled": "centroid", "pixels": 0, "mean_probability": 0.7399}, "geometry": {"type": "Polygon", "coordinates": [[[85.1533119, 27.9363481], [85.1533966, 27.936241], [85.153454, 27.9362765], [85.1533693, 27.9363836], [85.1533119, 27.9363481]]]}}, {"type": "Feature", "properties": {"osm_id": 341867705, "status": "affected", "confidence": "high", "flooded_fraction": 1.0, "sampled": "footprint", "pixels": 1, "mean_probability": 0.7399}, "geometry": {"type": "Polygon", "coordinates": [[[85.1569326, 27.9465026], [85.1569162, 27.946423], [85.1570031, 27.946409], [85.1570195, 27.9464887], [85.1569326, 27.9465026]]]}}, {"type": "Feature", "properties": {"osm_id": 886388193, "status": "affected", "confidence": "medium", "flooded_fraction": 1.0, "sampled": "centroid", "pixels": 0, "mean_probability": 0.7542}, "geometry": {"type": "Polygon", "coordinates": [[[85.183426, 27.9693049], [85.1834232, 27.969334], [85.1835096, 27.9693404], [85.1835123, 27.9693112], [85.183426, 27.9693049]]]}}, {"type": "Feature", "properties": {"osm_id": 886388198, "status": "affected", "confidence": "medium", "flooded_fraction": 1.0, "sampled": "centroid", "pixels": 0, "mean_probability": 0.9756}, "geometry": {"type": "Polygon", "coordinates": [[[85.1841415, 27.969695], [85.1841369, 27.9696409], [85.184219, 27.9696354], [85.1842236, 27.9696895], [85.1841415, 27.969695]]]}}, {"type": "Feature", "properties": {"osm_id": 1154995116, "status": "affected", "confidence": "medium", "flooded_fraction": 1.0, "sampled": "centroid", "pixels": 0, "mean_probability": 0.9067}, "geometry": {"type": "Polygon", "coordinates": [[[85.187128, 28.0253946], [85.1870603, 28.025273], [85.187135, 28.02524], [85.1872004, 28.0253637], [85.187128, 28.0253946]]]}}, {"type": "Feature", "properties": {"osm_id": 341049707, "status": "affected", "confidence": "high", "flooded_fraction": 1.0, "sampled": "footprint", "pixels": 1, "mean_probability": 0.9067}, "geometry": {"type": "Polygon", "coordinates": [[[85.1697923, 27.965258], [85.1698404, 27.9652059], [85.1697859, 27.9651666], [85.1697378, 27.9652187], [85.1697923, 27.965258]]]}}, {"type": "Feature", "properties": {"osm_id": 886387011, "status": "affected", "confidence": "medium", "flooded_fraction": 1.0, "sampled": "centroid", "pixels": 0, "mean_probability": 0.8867}, "geometry": {"type": "Polygon", "coordinates": [[[85.1722187, 27.9643077], [85.1722557, 27.9642533], [85.1723096, 27.9642859], [85.1722757, 27.9643431], [85.1722187, 27.9643077]]]}}, {"type": "Feature", "properties": {"osm_id": 851737994, "status": "affected", "confidence": "medium", "flooded_fraction": 1.0, "sampled": "centroid", "pixels": 0, "mean_probability": 0.6233}, "geometry": {"type": "Polygon", "coordinates": [[[85.1860557, 27.9728755], [85.1861027, 27.9729217], [85.1861584, 27.9728775], [85.1861115, 27.9728313], [85.1860557, 27.9728755]]]}}, {"type": "Feature", "properties": {"osm_id": 341623183, "status": "affected", "confidence": "medium", "flooded_fraction": 1.0, "sampled": "centroid", "pixels": 0, "mean_probability": 0.877}, "geometry": {"type": "Polygon", "coordinates": [[[85.1740657, 27.9668142], [85.1740677, 27.9667469], [85.1740097, 27.9667455], [85.1740077, 27.9668128], [85.1740657, 27.9668142]]]}}, {"type": "Feature", "properties": {"osm_id": 886277360, "status": "affected", "confidence": "medium", "flooded_fraction": 1.0, "sampled": "centroid", "pixels": 0, "mean_probability": 0.93}, "geometry": {"type": "Polygon", "coordinates": [[[85.17033, 27.9604337], [85.1703628, 27.9604592], [85.1704126, 27.9604092], [85.1703798, 27.9603837], [85.17033, 27.9604337]]]}}, {"type": "Feature", "properties": {"osm_id": 886462149, "status": "affected", "confidence": "medium", "flooded_fraction": 1.0, "sampled": "centroid", "pixels": 0, "mean_probability": 0.9311}, "geometry": {"type": "Polygon", "coordinates": [[[85.181096, 27.977963], [85.1809934, 27.9779497], [85.1810217, 27.9777474], [85.1811349, 27.977756], [85.181096, 27.977963]]]}}, {"type": "Feature", "properties": {"osm_id": 341355885, "status": "affected", "confidence": "high", "flooded_fraction": 1.0, "sampled": "footprint", "pixels": 1, "mean_probability": 0.9311}, "geometry": {"type": "Polygon", "coordinates": [[[85.1751533, 27.9670302], [85.1751708, 27.9669955], [85.175237, 27.9670214], [85.1752196, 27.9670561], [85.1751533, 27.9670302]]]}}, {"type": "Feature", "properties": {"osm_id": 341587314, "status": "affected", "confidence": "medium", "flooded_fraction": 1.0, "sampled": "centroid", "pixels": 0, "mean_probability": 0.7679}, "geometry": {"type": "Polygon", "coordinates": [[[85.1699879, 27.9600723], [85.1700071, 27.960089], [85.1700374, 27.9600618], [85.1700181, 27.9600451], [85.1699879, 27.9600723]]]}}, {"type": "Feature", "properties": {"osm_id": 341919214, "status": "affected", "confidence": "medium", "flooded_fraction": 1.0, "sampled": "centroid", "pixels": 0, "mean_probability": 0.7448}, "geometry": {"type": "Polygon", "coordinates": [[[85.1521033, 27.9352478], [85.1521101, 27.9352617], [85.1521417, 27.9352496], [85.1521262, 27.935218], [85.1520912, 27.9352314], [85.1520999, 27.9352491], [85.1521033, 27.9352478]]]}}, {"type": "Feature", "properties": {"osm_id": 891929254, "status": "affected", "confidence": "medium", "flooded_fraction": 1.0, "sampled": "centroid", "pixels": 0, "mean_probability": 0.5494}, "geometry": {"type": "Polygon", "coordinates": [[[85.1587569, 27.9424386], [85.1587753, 27.9424639], [85.1588128, 27.9424425], [85.1587944, 27.9424172], [85.1587569, 27.9424386]]]}}, {"type": "Feature", "properties": {"osm_id": 859950243, "status": "affected", "confidence": "medium", "flooded_fraction": 1.0, "sampled": "centroid", "pixels": 0, "mean_probability": 0.6426}, "geometry": {"type": "Polygon", "coordinates": [[[85.1595777, 27.9563207], [85.1595849, 27.9563571], [85.1596231, 27.9563511], [85.1596159, 27.9563148], [85.1595777, 27.9563207]]]}}, {"type": "Feature", "properties": {"osm_id": 887181697, "status": "affected", "confidence": "medium", "flooded_fraction": 1.0, "sampled": "centroid", "pixels": 0, "mean_probability": 0.633}, "geometry": {"type": "Polygon", "coordinates": [[[85.2076529, 27.9005031], [85.2076985, 27.9005257], [85.2077366, 27.9004654], [85.207691, 27.9004428], [85.2076529, 27.9005031]]]}}, {"type": "Feature", "properties": {"osm_id": 886471636, "status": "affected", "confidence": "medium", "flooded_fraction": 1.0, "sampled": "centroid", "pixels": 0, "mean_probability": 0.6448}, "geometry": {"type": "Polygon", "coordinates": [[[85.1806972, 27.9792083], [85.1806305, 27.9792062], [85.1806285, 27.979176], [85.1806986, 27.9791796], [85.1806972, 27.9792083]]]}}, {"type": "Feature", "properties": {"osm_id": 341620909, "status": "affected", "confidence": "medium", "flooded_fraction": 1.0, "sampled": "centroid", "pixels": 0, "mean_probability": 0.5735}, "geometry": {"type": "Polygon", "coordinates": [[[85.298766, 27.8655587], [85.2986902, 27.8655827], [85.2987148, 27.8656436], [85.2987906, 27.8656196], [85.298766, 27.8655587]]]}}, {"type": "Feature", "properties": {"osm_id": 341620961, "status": "affected", "confidence": "medium", "flooded_fraction": 1.0, "sampled": "centroid", "pixels": 0, "mean_probability": 0.6272}, "geometry": {"type": "Polygon", "coordinates": [[[85.2987169, 27.8660867], [85.2987568, 27.8660443], [85.2987257, 27.8660214], [85.2986857, 27.8660638], [85.2987169, 27.8660867]]]}}, {"type": "Feature", "properties": {"osm_id": 341636876, "status": "affected", "confidence": "medium", "flooded_fraction": 1.0, "sampled": "centroid", "pixels": 0, "mean_probability": 0.7449}, "geometry": {"type": "Polygon", "coordinates": [[[85.3115759, 27.860469], [85.3116241, 27.8604475], [85.311612, 27.8604262], [85.3115638, 27.8604477], [85.3115759, 27.860469]]]}}, {"type": "Feature", "properties": {"osm_id": 890519429, "status": "affected", "confidence": "medium", "flooded_fraction": 1.0, "sampled": "centroid", "pixels": 0, "mean_probability": 0.5518}, "geometry": {"type": "Polygon", "coordinates": [[[85.2521631, 27.912626], [85.2522232, 27.9125891], [85.2521851, 27.9125408], [85.2521251, 27.9125778], [85.2521631, 27.912626]]]}}, {"type": "Feature", "properties": {"osm_id": 890517470, "status": "affected", "confidence": "medium", "flooded_fraction": 1.0, "sampled": "centroid", "pixels": 0, "mean_probability": 0.5029}, "geometry": {"type": "Polygon", "coordinates": [[[85.2519891, 27.9150418], [85.2520953, 27.9150028], [85.2520537, 27.9149145], [85.2519476, 27.9149535], [85.2519891, 27.9150418]]]}}, {"type": "Feature", "properties": {"osm_id": 890519437, "status": "affected", "confidence": "high", "flooded_fraction": 1.0, "sampled": "footprint", "pixels": 1, "mean_probability": 0.5029}, "geometry": {"type": "Polygon", "coordinates": [[[85.2534483, 27.9148963], [85.2535062, 27.9148949], [85.2535039, 27.9148215], [85.2534459, 27.9148229], [85.2534483, 27.9148963]]]}}, {"type": "Feature", "properties": {"osm_id": 341462065, "status": "affected", "confidence": "medium", "flooded_fraction": 1.0, "sampled": "centroid", "pixels": 0, "mean_probability": 0.9982}, "geometry": {"type": "Polygon", "coordinates": [[[85.18559, 27.9739137], [85.185593, 27.9738873], [85.1856341, 27.9738909], [85.1856311, 27.9739173], [85.18559, 27.9739137]]]}}, {"type": "Feature", "properties": {"osm_id": 341877672, "status": "affected", "confidence": "medium", "flooded_fraction": 1.0, "sampled": "centroid", "pixels": 0, "mean_probability": 0.5958}, "geometry": {"type": "Polygon", "coordinates": [[[85.2836819, 27.9081013], [85.2837122, 27.9081468], [85.2837526, 27.9081257], [85.2837223, 27.9080802], [85.2836819, 27.9081013]]]}}, {"type": "Feature", "properties": {"osm_id": 341698562, "status": "affected", "confidence": "medium", "flooded_fraction": 1.0, "sampled": "centroid", "pixels": 0, "mean_probability": 0.8986}, "geometry": {"type": "Polygon", "coordinates": [[[85.1543669, 27.9368141], [85.154366, 27.9367285], [85.1545212, 27.9367273], [85.1545221, 27.9368128], [85.1543669, 27.9368141]]]}}, {"type": "Feature", "properties": {"osm_id": 847027784, "status": "affected", "confidence": "medium", "flooded_fraction": 1.0, "sampled": "centroid", "pixels": 0, "mean_probability": 0.999}, "geometry": {"type": "Polygon", "coordinates": [[[85.1838134, 27.9936554], [85.1838754, 27.9936573], [85.1838794, 27.9935542], [85.1838174, 27.9935523], [85.1838134, 27.9936554]]]}}, {"type": "Feature", "properties": {"osm_id": 854887283, "status": "affected", "confidence": "medium", "flooded_fraction": 1.0, "sampled": "centroid", "pixels": 0, "mean_probability": 0.5753}, "geometry": {"type": "Polygon", "coordinates": [[[85.1837035, 27.9929372], [85.1837437, 27.9929324], [85.1837359, 27.9928807], [85.1836956, 27.9928855], [85.1837035, 27.9929372]]]}}, {"type": "Feature", "properties": {"osm_id": 847027773, "status": "affected", "confidence": "medium", "flooded_fraction": 1.0, "sampled": "centroid", "pixels": 0, "mean_probability": 0.9952}, "geometry": {"type": "Polygon", "coordinates": [[[85.1835271, 27.9927968], [85.1835946, 27.9927837], [85.1835832, 27.9927381], [85.1835157, 27.9927512], [85.1835271, 27.9927968]]]}}, {"type": "Feature", "properties": {"osm_id": 847027834, "status": "affected", "confidence": "medium", "flooded_fraction": 1.0, "sampled": "centroid", "pixels": 0, "mean_probability": 0.9534}, "geometry": {"type": "Polygon", "coordinates": [[[85.1826674, 27.9922177], [85.1827895, 27.9922172], [85.1827892, 27.9921656], [85.1826671, 27.9921662], [85.1826674, 27.9922177]]]}}, {"type": "Feature", "properties": {"osm_id": 341461872, "status": "affected", "confidence": "medium", "flooded_fraction": 1.0, "sampled": "centroid", "pixels": 0, "mean_probability": 0.9908}, "geometry": {"type": "Polygon", "coordinates": [[[85.1857052, 27.9721074], [85.1857052, 27.9721645], [85.1857483, 27.9721645], [85.1857483, 27.9721074], [85.1857052, 27.9721074]]]}}, {"type": "Feature", "properties": {"osm_id": 342261704, "status": "affected", "confidence": "medium", "flooded_fraction": 1.0, "sampled": "centroid", "pixels": 0, "mean_probability": 0.7106}, "geometry": {"type": "Polygon", "coordinates": [[[85.1703391, 27.8929792], [85.1704133, 27.8929763], [85.1704099, 27.8929087], [85.1703357, 27.8929115], [85.1703391, 27.8929792]]]}}, {"type": "Feature", "properties": {"osm_id": 341049890, "status": "affected", "confidence": "medium", "flooded_fraction": 1.0, "sampled": "centroid", "pixels": 0, "mean_probability": 0.9556}, "geometry": {"type": "Polygon", "coordinates": [[[85.1725346, 27.96537], [85.1725468, 27.9653301], [85.1726568, 27.9653563], [85.172666, 27.9653264], [85.1727083, 27.9653365], [85.172687, 27.9654064], [85.1725346, 27.96537]]]}}, {"type": "Feature", "properties": {"osm_id": 341587255, "status": "affected", "confidence": "medium", "flooded_fraction": 1.0, "sampled": "centroid", "pixels": 0, "mean_probability": 0.8084}, "geometry": {"type": "Polygon", "coordinates": [[[85.1694601, 27.9640088], [85.1694746, 27.9639889], [85.1694442, 27.9639717], [85.1694297, 27.9639915], [85.1694601, 27.9640088]]]}}, {"type": "Feature", "properties": {"osm_id": 341587309, "status": "affected", "confidence": "medium", "flooded_fraction": 1.0, "sampled": "centroid", "pixels": 0, "mean_probability": 0.8084}, "geometry": {"type": "Polygon", "coordinates": [[[85.169431, 27.9641075], [85.1694416, 27.9640868], [85.1694112, 27.9640746], [85.1694005, 27.9640953], [85.169431, 27.9641075]]]}}, {"type": "Feature", "properties": {"osm_id": 341587471, "status": "affected", "confidence": "medium", "flooded_fraction": 1.0, "sampled": "centroid", "pixels": 0, "mean_probability": 0.8474}, "geometry": {"type": "Polygon", "coordinates": [[[85.1685416, 27.9586503], [85.1686099, 27.9586261], [85.1685713, 27.9585412], [85.1685349, 27.958554], [85.168503, 27.9585653], [85.1685416, 27.9586503]]]}}, {"type": "Feature", "properties": {"osm_id": 342369659, "status": "affected", "confidence": "medium", "flooded_fraction": 1.0, "sampled": "centroid", "pixels": 0, "mean_probability": 0.6041}, "geometry": {"type": "Polygon", "coordinates": [[[85.2702206, 27.8726163], [85.27019, 27.8725934], [85.2702318, 27.8725498], [85.2702624, 27.8725727], [85.2702206, 27.8726163]]]}}, {"type": "Feature", "properties": {"osm_id": 922502763, "status": "affected", "confidence": "medium", "flooded_fraction": 1.0, "sampled": "centroid", "pixels": 0, "mean_probability": 0.672}, "geometry": {"type": "Polygon", "coordinates": [[[85.2710961, 27.8720578], [85.2710727, 27.8720067], [85.2711467, 27.8719748], [85.2711683, 27.8720275], [85.2710961, 27.8720578]]]}}, {"type": "Feature", "properties": {"osm_id": 341896518, "status": "affected", "confidence": "high", "flooded_fraction": 1.0, "sampled": "footprint", "pixels": 1, "mean_probability": 0.672}, "geometry": {"type": "Polygon", "coordinates": [[[85.2596676, 27.8737765], [85.2597724, 27.8737767], [85.2597723, 27.8738245], [85.2596675, 27.8738243], [85.2596676, 27.8737765]]]}}, {"type": "Feature", "properties": {"osm_id": 341461886, "status": "affected", "confidence": "medium", "flooded_fraction": 1.0, "sampled": "centroid", "pixels": 0, "mean_probability": 0.9378}, "geometry": {"type": "Polygon", "coordinates": [[[85.185687, 27.973515], [85.1856854, 27.9735467], [85.1857299, 27.9735485], [85.1857315, 27.9735168], [85.185687, 27.973515]]]}}, {"type": "Feature", "properties": {"osm_id": 341462079, "status": "affected", "confidence": "high", "flooded_fraction": 1.0, "sampled": "footprint", "pixels": 1, "mean_probability": 0.9378}, "geometry": {"type": "Polygon", "coordinates": [[[85.1785672, 27.9703876], [85.1785595, 27.9704453], [85.1786237, 27.970452], [85.1786314, 27.9703943], [85.1785672, 27.9703876]]]}}, {"type": "Feature", "properties": {"osm_id": 922502789, "status": "affected", "confidence": "medium", "flooded_fraction": 1.0, "sampled": "centroid", "pixels": 0, "mean_probability": 0.5813}, "geometry": {"type": "Polygon", "coordinates": [[[85.2724964, 27.8686251], [85.2724759, 27.8684852], [85.2724185, 27.8684918], [85.272439, 27.8686317], [85.2724964, 27.8686251]]]}}, {"type": "Feature", "properties": {"osm_id": 341698555, "status": "affected", "confidence": "medium", "flooded_fraction": 1.0, "sampled": "centroid", "pixels": 0, "mean_probability": 0.8767}, "geometry": {"type": "Polygon", "coordinates": [[[85.1556373, 27.9384508], [85.155676, 27.9384129], [85.155787, 27.9385014], [85.1557483, 27.9385393], [85.1556373, 27.9384508]]]}}, {"type": "Feature", "properties": {"osm_id": 341703233, "status": "affected", "confidence": "medium", "flooded_fraction": 1.0, "sampled": "centroid", "pixels": 0, "mean_probability": 0.8847}, "geometry": {"type": "Polygon", "coordinates": [[[85.1812172, 27.9813669], [85.1812482, 27.9813065], [85.1813037, 27.9813287], [85.1812727, 27.9813892], [85.1812172, 27.9813669]]]}}, {"type": "Feature", "properties": {"osm_id": 886387009, "status": "affected", "confidence": "medium", "flooded_fraction": 1.0, "sampled": "centroid", "pixels": 0, "mean_probability": 0.9992}, "geometry": {"type": "Polygon", "coordinates": [[[85.1726562, 27.9640315], [85.1727856, 27.9640655], [85.172798, 27.9640301], [85.1726686, 27.9639893], [85.1726562, 27.9640315]]]}}, {"type": "Feature", "properties": {"osm_id": 341862266, "status": "affected", "confidence": "high", "flooded_fraction": 1.0, "sampled": "footprint", "pixels": 1, "mean_probability": 0.9992}, "geometry": {"type": "Polygon", "coordinates": [[[85.1779465, 28.0279742], [85.1779015, 28.0280213], [85.1778533, 28.0279855], [85.1778983, 28.0279383], [85.1779465, 28.0279742]]]}}, {"type": "Feature", "properties": {"osm_id": 886471671, "status": "affected", "confidence": "medium", "flooded_fraction": 1.0, "sampled": "centroid", "pixels": 0, "mean_probability": 0.9903}, "geometry": {"type": "Polygon", "coordinates": [[[85.1819427, 27.9871072], [85.181915, 27.9871075], [85.1819144, 27.9870776], [85.1819229, 27.9870774], [85.1819231, 27.9870871], [85.1819424, 27.9870869], [85.1819427, 27.9871072]]]}}, {"type": "Feature", "properties": {"osm_id": 886471672, "status": "affected", "confidence": "medium", "flooded_fraction": 1.0, "sampled": "centroid", "pixels": 0, "mean_probability": 0.9452}, "geometry": {"type": "Polygon", "coordinates": [[[85.1819325, 27.9874303], [85.1818969, 27.9874284], [85.1818993, 27.987394], [85.1819349, 27.9873959], [85.1819325, 27.9874303]]]}}, {"type": "Feature", "properties": {"osm_id": 891929263, "status": "affected", "confidence": "medium", "flooded_fraction": 1.0, "sampled": "centroid", "pixels": 0, "mean_probability": 0.9611}, "geometry": {"type": "Polygon", "coordinates": [[[85.155954, 27.9387457], [85.1559628, 27.9387881], [85.1559848, 27.9387845], [85.1559759, 27.9387421], [85.155954, 27.9387457]]]}}, {"type": "Feature", "properties": {"osm_id": 886387003, "status": "affected", "confidence": "medium", "flooded_fraction": 1.0, "sampled": "centroid", "pixels": 0, "mean_probability": 0.667}, "geometry": {"type": "Polygon", "coordinates": [[[85.1716703, 27.9651554], [85.1717504, 27.9651867], [85.1717766, 27.9651377], [85.1717057, 27.9650996], [85.1716703, 27.9651554]]]}}, {"type": "Feature", "properties": {"osm_id": 886386998, "status": "affected", "confidence": "medium", "flooded_fraction": 1.0, "sampled": "centroid", "pixels": 0, "mean_probability": 0.9716}, "geometry": {"type": "Polygon", "coordinates": [[[85.1713453, 27.9645798], [85.1714515, 27.964588], [85.1714577, 27.9645159], [85.171356, 27.9644982], [85.1713453, 27.9645798]]]}}, {"type": "Feature", "properties": {"osm_id": 886386999, "status": "affected", "confidence": "medium", "flooded_fraction": 1.0, "sampled": "centroid", "pixels": 0, "mean_probability": 0.9332}, "geometry": {"type": "Polygon", "coordinates": [[[85.1714346, 27.9647839], [85.17145, 27.9646968], [85.1715085, 27.9646996], [85.171487, 27.9647853], [85.1714346, 27.9647839]]]}}, {"type": "Feature", "properties": {"osm_id": 853761324, "status": "affected", "confidence": "high", "flooded_fraction": 1.0, "sampled": "footprint", "pixels": 1, "mean_probability": 0.9332}, "geometry": {"type": "Polygon", "coordinates": [[[85.1880661, 28.0340419], [85.1881076, 28.0340774], [85.1881366, 28.034051], [85.188095, 28.0340155], [85.1880661, 28.0340419]]]}}, {"type": "Feature", "properties": {"osm_id": 341622918, "status": "affected", "confidence": "medium", "flooded_fraction": 1.0, "sampled": "centroid", "pixels": 0, "mean_probability": 0.9063}, "geometry": {"type": "Polygon", "coordinates": [[[85.172403, 27.9626176], [85.1724365, 27.9625637], [85.1723628, 27.962528], [85.1723293, 27.9625819], [85.172403, 27.9626176]]]}}, {"type": "Feature", "properties": {"osm_id": 886471674, "status": "affected", "confidence": "medium", "flooded_fraction": 1.0, "sampled": "centroid", "pixels": 0, "mean_probability": 0.9876}, "geometry": {"type": "Polygon", "coordinates": [[[85.1820095, 27.9879026], [85.1819706, 27.9878348], [85.18205, 27.9877992], [85.1820659, 27.9878269], [85.182031, 27.9878425], [85.182054, 27.9878827], [85.1820095, 27.9879026]]]}}, {"type": "Feature", "properties": {"osm_id": 891929320, "status": "affected", "confidence": "medium", "flooded_fraction": 1.0, "sampled": "centroid", "pixels": 0, "mean_probability": 0.959}, "geometry": {"type": "Polygon", "coordinates": [[[85.1505151, 27.9226152], [85.1505628, 27.9226607], [85.1505931, 27.922636], [85.1505454, 27.9225905], [85.1505151, 27.9226152]]]}}, {"type": "Feature", "properties": {"osm_id": 892156969, "status": "affected", "confidence": "medium", "flooded_fraction": 1.0, "sampled": "centroid", "pixels": 0, "mean_probability": 0.9851}, "geometry": {"type": "Polygon", "coordinates": [[[85.1605399, 27.9468281], [85.1605845, 27.9469021], [85.1606878, 27.9468536], [85.1606432, 27.9467795], [85.1605399, 27.9468281]]]}}, {"type": "Feature", "properties": {"osm_id": 341697697, "status": "affected", "confidence": "medium", "flooded_fraction": 1.0, "sampled": "centroid", "pixels": 0, "mean_probability": 0.9031}, "geometry": {"type": "Polygon", "coordinates": [[[85.1639535, 27.9533907], [85.1640129, 27.9533562], [85.1640637, 27.9534246], [85.1640043, 27.9534591], [85.1639535, 27.9533907]]]}}, {"type": "Feature", "properties": {"osm_id": 341754178, "status": "affected", "confidence": "medium", "flooded_fraction": 1.0, "sampled": "centroid", "pixels": 0, "mean_probability": 0.9995}, "geometry": {"type": "Polygon", "coordinates": [[[85.1701641, 27.9632388], [85.170128, 27.9632128], [85.1701704, 27.963167], [85.1702065, 27.963193], [85.1701641, 27.9632388]]]}}, {"type": "Feature", "properties": {"osm_id": 341461896, "status": "affected", "confidence": "high", "flooded_fraction": 1.0, "sampled": "footprint", "pixels": 1, "mean_probability": 0.5698}, "geometry": {"type": "Polygon", "coordinates": [[[85.1855518, 27.9733519], [85.1855369, 27.9733184], [85.1856173, 27.9732905], [85.1856322, 27.973324], [85.1855518, 27.9733519]]]}}, {"type": "Feature", "properties": {"osm_id": 886398149, "status": "affected", "confidence": "medium", "flooded_fraction": 1.0, "sampled": "centroid", "pixels": 0, "mean_probability": 0.9808}, "geometry": {"type": "Polygon", "coordinates": [[[85.1853637, 27.9714098], [85.1853861, 27.9714529], [85.1854501, 27.9714269], [85.1854277, 27.9713838], [85.1853637, 27.9714098]]]}}, {"type": "Feature", "properties": {"osm_id": 341461731, "status": "affected", "confidence": "medium", "flooded_fraction": 1.0, "sampled": "centroid", "pixels": 0, "mean_probability": 0.9962}, "geometry": {"type": "Polygon", "coordinates": [[[85.1854649, 27.9717727], [85.1854929, 27.9718368], [85.1855439, 27.9718194], [85.1855159, 27.9717553], [85.1854649, 27.9717727]]]}}, {"type": "Feature", "properties": {"osm_id": 341697688, "status": "affected", "confidence": "medium", "flooded_fraction": 1.0, "sampled": "centroid", "pixels": 0, "mean_probability": 0.9035}, "geometry": {"type": "Polygon", "coordinates": [[[85.163979, 27.9548596], [85.1640398, 27.9548432], [85.1640642, 27.9549138], [85.1640034, 27.9549302], [85.163979, 27.9548596]]]}}, {"type": "Feature", "properties": {"osm_id": 341754267, "status": "affected", "confidence": "medium", "flooded_fraction": 1.0, "sampled": "centroid", "pixels": 0, "mean_probability": 0.7537}, "geometry": {"type": "Polygon", "coordinates": [[[85.1808734, 27.9787891], [85.1808591, 27.978842], [85.1807898, 27.9788274], [85.1808041, 27.9787745], [85.1808734, 27.9787891]]]}}, {"type": "Feature", "properties": {"osm_id": 886471665, "status": "affected", "confidence": "medium", "flooded_fraction": 1.0, "sampled": "centroid", "pixels": 0, "mean_probability": 0.9924}, "geometry": {"type": "Polygon", "coordinates": [[[85.1815001, 27.9865337], [85.1814993, 27.9865467], [85.1815215, 27.9865478], [85.1815245, 27.9865026], [85.18149, 27.9865008], [85.1814878, 27.986533], [85.1815001, 27.9865337]]]}}, {"type": "Feature", "properties": {"osm_id": 886471669, "status": "affected", "confidence": "medium", "flooded_fraction": 1.0, "sampled": "centroid", "pixels": 0, "mean_probability": 0.8852}, "geometry": {"type": "Polygon", "coordinates": [[[85.1820012, 27.9869705], [85.1819792, 27.986971], [85.1819789, 27.9869572], [85.1819856, 27.986957], [85.1819853, 27.9869467], [85.1820005, 27.9869463], [85.1820012, 27.9869705]]]}}, {"type": "Feature", "properties": {"osm_id": 341049719, "status": "affected", "confidence": "medium", "flooded_fraction": 1.0, "sampled": "centroid", "pixels": 0, "mean_probability": 0.6058}, "geometry": {"type": "Polygon", "coordinates": [[[85.1718438, 27.9651306], [85.1718013, 27.9651153], [85.1718258, 27.9650622], [85.1718683, 27.9650775], [85.1718438, 27.9651306]]]}}, {"type": "Feature", "properties": {"osm_id": 342083510, "status": "affected", "confidence": "medium", "flooded_fraction": 1.0, "sampled": "centroid", "pixels": 0, "mean_probability": 0.51}, "geometry": {"type": "Polygon", "coordinates": [[[85.2391099, 27.9043092], [85.2392123, 27.9043217], [85.239236, 27.9041705], [85.2391336, 27.904158], [85.2391099, 27.9043092]]]}}, {"type": "Feature", "properties": {"osm_id": 342212025, "status": "affected", "confidence": "high", "flooded_fraction": 1.0, "sampled": "footprint", "pixels": 1, "mean_probability": 0.51}, "geometry": {"type": "Polygon", "coordinates": [[[85.2409793, 27.9035847], [85.2410492, 27.9036026], [85.2410826, 27.9035008], [85.2410127, 27.9034829], [85.2409793, 27.9035847]]]}}, {"type": "Feature", "properties": {"osm_id": 921771508, "status": "affected", "confidence": "medium", "flooded_fraction": 1.0, "sampled": "centroid", "pixels": 0, "mean_probability": 0.5398}, "geometry": {"type": "Polygon", "coordinates": [[[85.2220852, 27.9059947], [85.2221298, 27.9060584], [85.2222002, 27.9060199], [85.2221556, 27.9059562], [85.2220852, 27.9059947]]]}}, {"type": "Feature", "properties": {"osm_id": 890512595, "status": "affected", "confidence": "high", "flooded_fraction": 1.0, "sampled": "footprint", "pixels": 1, "mean_probability": 0.5398}, "geometry": {"type": "Polygon", "coordinates": [[[85.221477, 27.9057808], [85.2215253, 27.9057808], [85.2215253, 27.9057203], [85.221477, 27.9057203], [85.221477, 27.9057808]]]}}, {"type": "Feature", "properties": {"osm_id": 342149403, "status": "affected", "confidence": "medium", "flooded_fraction": 1.0, "sampled": "centroid", "pixels": 0, "mean_probability": 0.6241}, "geometry": {"type": "Polygon", "coordinates": [[[85.2222726, 27.9051117], [85.2224925, 27.9050879], [85.2224801, 27.904999], [85.2222603, 27.9050228], [85.2222726, 27.9051117]]]}}, {"type": "Feature", "properties": {"osm_id": 890525464, "status": "affected", "confidence": "high", "flooded_fraction": 1.0, "sampled": "footprint", "pixels": 1, "mean_probability": 0.6241}, "geometry": {"type": "Polygon", "coordinates": [[[85.2334933, 27.9017849], [85.2335364, 27.9018107], [85.233564, 27.9017746], [85.2335209, 27.9017488], [85.2334933, 27.9017849]]]}}, {"type": "Feature", "properties": {"osm_id": 890499936, "status": "affected", "confidence": "medium", "flooded_fraction": 1.0, "sampled": "centroid", "pixels": 0, "mean_probability": 0.8321}, "geometry": {"type": "Polygon", "coordinates": [[[85.2264297, 27.897898], [85.2264862, 27.8979062], [85.2264989, 27.8978374], [85.2264424, 27.8978293], [85.2264297, 27.897898]]]}}, {"type": "Feature", "properties": {"osm_id": 341861049, "status": "affected", "confidence": "medium", "flooded_fraction": 1.0, "sampled": "centroid", "pixels": 0, "mean_probability": 0.6486}, "geometry": {"type": "Polygon", "coordinates": [[[85.2175878, 27.9036912], [85.2175863, 27.9037634], [85.2177188, 27.9037655], [85.2177202, 27.9036934], [85.2175878, 27.9036912]]]}}, {"type": "Feature", "properties": {"osm_id": 342369552, "status": "affected", "confidence": "medium", "flooded_fraction": 1.0, "sampled": "centroid", "pixels": 0, "mean_probability": 0.6003}, "geometry": {"type": "Polygon", "coordinates": [[[85.2608534, 27.8774773], [85.2608347, 27.8774373], [85.2609085, 27.8774104], [85.2609272, 27.8774505], [85.2608534, 27.8774773]]]}}, {"type": "Feature", "properties": {"osm_id": 847027729, "status": "affected", "confidence": "medium", "flooded_fraction": 1.0, "sampled": "centroid", "pixels": 0, "mean_probability": 0.9962}, "geometry": {"type": "Polygon", "coordinates": [[[85.183973, 27.9938614], [85.1839918, 27.9939064], [85.1840462, 27.9938887], [85.1840274, 27.9938437], [85.183973, 27.9938614]]]}}, {"type": "Feature", "properties": {"osm_id": 847027770, "status": "affected", "confidence": "medium", "flooded_fraction": 1.0, "sampled": "centroid", "pixels": 0, "mean_probability": 0.7764}, "geometry": {"type": "Polygon", "coordinates": [[[85.1835982, 27.9926743], [85.183649, 27.9926706], [85.1836443, 27.9926202], [85.1835935, 27.9926239], [85.1835982, 27.9926743]]]}}, {"type": "Feature", "properties": {"osm_id": 847027803, "status": "affected", "confidence": "medium", "flooded_fraction": 1.0, "sampled": "centroid", "pixels": 0, "mean_probability": 0.8082}, "geometry": {"type": "Polygon", "coordinates": [[[85.1828827, 27.993177], [85.1829347, 27.9931688], [85.1829079, 27.9930361], [85.1828559, 27.9930443], [85.1828827, 27.993177]]]}}, {"type": "Feature", "properties": {"osm_id": 847027739, "status": "affected", "confidence": "medium", "flooded_fraction": 1.0, "sampled": "centroid", "pixels": 0, "mean_probability": 0.9994}, "geometry": {"type": "Polygon", "coordinates": [[[85.1833655, 27.9931977], [85.1833727, 27.9932443], [85.1834264, 27.9932378], [85.1834191, 27.9931912], [85.1833655, 27.9931977]]]}}, {"type": "Feature", "properties": {"osm_id": 847027789, "status": "affected", "confidence": "medium", "flooded_fraction": 1.0, "sampled": "centroid", "pixels": 0, "mean_probability": 0.9973}, "geometry": {"type": "Polygon", "coordinates": [[[85.1832025, 27.993415], [85.1832683, 27.9934061], [85.1832598, 27.9933572], [85.1831941, 27.9933661], [85.1832025, 27.993415]]]}}, {"type": "Feature", "properties": {"osm_id": 847027786, "status": "affected", "confidence": "medium", "flooded_fraction": 1.0, "sampled": "centroid", "pixels": 0, "mean_probability": 0.9955}, "geometry": {"type": "Polygon", "coordinates": [[[85.1832113, 27.9935441], [85.1834191, 27.9936423], [85.1834475, 27.9935956], [85.1832396, 27.9934973], [85.1832113, 27.9935441]]]}}, {"type": "Feature", "properties": {"osm_id": 860106246, "status": "affected", "confidence": "medium", "flooded_fraction": 1.0, "sampled": "centroid", "pixels": 0, "mean_probability": 0.8565}, "geometry": {"type": "Polygon", "coordinates": [[[85.1904566, 27.9751407], [85.1904921, 27.9751402], [85.1904914, 27.9751023], [85.1904559, 27.9751028], [85.1904566, 27.9751407]]]}}, {"type": "Feature", "properties": {"osm_id": 887070291, "status": "affected", "confidence": "medium", "flooded_fraction": 1.0, "sampled": "centroid", "pixels": 0, "mean_probability": 0.9226}, "geometry": {"type": "Polygon", "coordinates": [[[85.1830019, 28.0091888], [85.1830076, 28.0092186], [85.1831201, 28.0092016], [85.1831143, 28.0091718], [85.1830019, 28.0091888]]]}}, {"type": "Feature", "properties": {"osm_id": 886929738, "status": "affected", "confidence": "medium", "flooded_fraction": 1.0, "sampled": "centroid", "pixels": 0, "mean_probability": 0.516}, "geometry": {"type": "Polygon", "coordinates": [[[85.1967531, 27.906765], [85.1969091, 27.9068169], [85.1969416, 27.9067405], [85.1967856, 27.9066886], [85.1967531, 27.906765]]]}}, {"type": "Feature", "properties": {"osm_id": 342149423, "status": "affected", "confidence": "medium", "flooded_fraction": 1.0, "sampled": "centroid", "pixels": 0, "mean_probability": 0.644}, "geometry": {"type": "Polygon", "coordinates": [[[85.221728, 27.9046406], [85.221775, 27.9046416], [85.2217761, 27.9046035], [85.221729, 27.9046025], [85.221728, 27.9046406]]]}}, {"type": "Feature", "properties": {"osm_id": 341792375, "status": "affected", "confidence": "medium", "flooded_fraction": 1.0, "sampled": "centroid", "pixels": 0, "mean_probability": 0.7881}, "geometry": {"type": "Polygon", "coordinates": [[[85.2265511, 27.8977227], [85.2266526, 27.8977145], [85.226642, 27.8976119], [85.2265405, 27.8976201], [85.2265511, 27.8977227]]]}}, {"type": "Feature", "properties": {"osm_id": 860471227, "status": "affected", "confidence": "high", "flooded_fraction": 1.0, "sampled": "footprint", "pixels": 1, "mean_probability": 0.7881}, "geometry": {"type": "Polygon", "coordinates": [[[85.2028792, 28.0142341], [85.2028999, 28.0142446], [85.2029153, 28.0142209], [85.2028947, 28.0142104], [85.2028792, 28.0142341]]]}}, {"type": "Feature", "properties": {"osm_id": 890499933, "status": "affected", "confidence": "medium", "flooded_fraction": 1.0, "sampled": "centroid", "pixels": 0, "mean_probability": 0.5602}, "geometry": {"type": "Polygon", "coordinates": [[[85.2258939, 27.897661], [85.2259214, 27.8977493], [85.2260191, 27.8977255], [85.2259916, 27.8976372], [85.2258939, 27.897661]]]}}, {"type": "Feature", "properties": {"osm_id": 890541503, "status": "affected", "confidence": "high", "flooded_fraction": 1.0, "sampled": "footprint", "pixels": 1, "mean_probability": 0.5602}, "geometry": {"type": "Polygon", "coordinates": [[[85.2172096, 27.894872], [85.2172304, 27.8948572], [85.2171965, 27.89482], [85.2171757, 27.8948349], [85.2172096, 27.894872]]]}}, {"type": "Feature", "properties": {"osm_id": 342548574, "status": "affected", "confidence": "medium", "flooded_fraction": 1.0, "sampled": "centroid", "pixels": 0, "mean_probability": 0.7144}, "geometry": {"type": "Polygon", "coordinates": [[[85.2071773, 27.8999096], [85.2071898, 27.8998455], [85.2070665, 27.8998264], [85.2070537, 27.899891], [85.2071773, 27.8999096]]]}}, {"type": "Feature", "properties": {"osm_id": 342149349, "status": "affected", "confidence": "high", "flooded_fraction": 1.0, "sampled": "footprint", "pixels": 1, "mean_probability": 0.7144}, "geometry": {"type": "Polygon", "coordinates": [[[85.2131343, 27.901995], [85.2131101, 27.9021034], [85.2131932, 27.9021179], [85.2132175, 27.9020095], [85.2131343, 27.901995]]]}}, {"type": "Feature", "properties": {"osm_id": 342149417, "status": "affected", "confidence": "high", "flooded_fraction": 1.0, "sampled": "footprint", "pixels": 1, "mean_probability": 0.7124}, "geometry": {"type": "Polygon", "coordinates": [[[85.2133782, 27.9018245], [85.213453, 27.9018215], [85.2134489, 27.9017399], [85.2133741, 27.9017428], [85.2133782, 27.9018245]]]}}, {"type": "Feature", "properties": {"osm_id": 890512631, "status": "affected", "confidence": "medium", "flooded_fraction": 1.0, "sampled": "centroid", "pixels": 0, "mean_probability": 0.6875}, "geometry": {"type": "Polygon", "coordinates": [[[85.2156251, 27.9033346], [85.2157181, 27.9033387], [85.2157235, 27.9032439], [85.2156305, 27.9032398], [85.2156251, 27.9033346]]]}}, {"type": "Feature", "properties": {"osm_id": 341557391, "status": "affected", "confidence": "medium", "flooded_fraction": 1.0, "sampled": "centroid", "pixels": 0, "mean_probability": 0.5088}, "geometry": {"type": "Polygon", "coordinates": [[[85.3450813, 27.8642886], [85.3450181, 27.8643053], [85.3450383, 27.864365], [85.3451015, 27.8643483], [85.3450813, 27.8642886]]]}}, {"type": "Feature", "properties": {"osm_id": 342369638, "status": "affected", "confidence": "medium", "flooded_fraction": 1.0, "sampled": "centroid", "pixels": 0, "mean_probability": 0.5714}, "geometry": {"type": "Polygon", "coordinates": [[[85.2704093, 27.8724424], [85.2703671, 27.872354], [85.2704451, 27.8723249], [85.2704873, 27.8724133], [85.2704093, 27.8724424]]]}}, {"type": "Feature", "properties": {"osm_id": 342369779, "status": "affected", "confidence": "medium", "flooded_fraction": 1.0, "sampled": "centroid", "pixels": 0, "mean_probability": 0.5025}, "geometry": {"type": "Polygon", "coordinates": [[[85.2743378, 27.8700694], [85.2743275, 27.8700444], [85.2743066, 27.8700511], [85.2742722, 27.8699674], [85.2743693, 27.8699362], [85.274414, 27.8700449], [85.2743378, 27.8700694]]]}}, {"type": "Feature", "properties": {"osm_id": 341681967, "status": "affected", "confidence": "medium", "flooded_fraction": 1.0, "sampled": "centroid", "pixels": 0, "mean_probability": 0.5337}, "geometry": {"type": "Polygon", "coordinates": [[[85.2959379, 27.8641884], [85.2959783, 27.8641375], [85.2960636, 27.8641903], [85.2960232, 27.8642412], [85.2959379, 27.8641884]]]}}, {"type": "Feature", "properties": {"osm_id": 341626869, "status": "affected", "confidence": "medium", "flooded_fraction": 1.0, "sampled": "centroid", "pixels": 0, "mean_probability": 0.5343}, "geometry": {"type": "Polygon", "coordinates": [[[85.3038793, 27.8642255], [85.3039161, 27.8641738], [85.303865, 27.8641453], [85.3038282, 27.864197], [85.3038793, 27.8642255]]]}}, {"type": "Feature", "properties": {"osm_id": 890512708, "status": "affected", "confidence": "medium", "flooded_fraction": 1.0, "sampled": "centroid", "pixels": 0, "mean_probability": 0.6842}, "geometry": {"type": "Polygon", "coordinates": [[[85.2113007, 27.9090008], [85.2113422, 27.9089953], [85.2113288, 27.9089159], [85.2112873, 27.9089214], [85.2113007, 27.9090008]]]}}, {"type": "Feature", "properties": {"osm_id": 342548626, "status": "affected", "confidence": "medium", "flooded_fraction": 1.0, "sampled": "centroid", "pixels": 0, "mean_probability": 0.5931}, "geometry": {"type": "Polygon", "coordinates": [[[85.2067447, 27.8996404], [85.206794, 27.8996634], [85.2068521, 27.8995664], [85.2068028, 27.8995433], [85.2067447, 27.8996404]]]}}, {"type": "Feature", "properties": {"osm_id": 341462624, "status": "affected", "confidence": "medium", "flooded_fraction": 1.0, "sampled": "centroid", "pixels": 0, "mean_probability": 0.7629}, "geometry": {"type": "Polygon", "coordinates": [[[85.3457581, 27.9190369], [85.3458321, 27.9189921], [85.3457748, 27.9189183], [85.3457008, 27.9189631], [85.3457581, 27.9190369]]]}}, {"type": "Feature", "properties": {"osm_id": 886388184, "status": "affected", "confidence": "medium", "flooded_fraction": 1.0, "sampled": "centroid", "pixels": 0, "mean_probability": 0.9915}, "geometry": {"type": "Polygon", "coordinates": [[[85.1833536, 27.9697839], [85.1834263, 27.9698032], [85.1834698, 27.9696756], [85.1833971, 27.9696563], [85.1833536, 27.9697839]]]}}, {"type": "Feature", "properties": {"osm_id": 886388196, "status": "affected", "confidence": "medium", "flooded_fraction": 1.0, "sampled": "centroid", "pixels": 0, "mean_probability": 0.7425}, "geometry": {"type": "Polygon", "coordinates": [[[85.1838216, 27.9694802], [85.1839002, 27.9694828], [85.1839042, 27.9693883], [85.1838256, 27.9693857], [85.1838216, 27.9694802]]]}}, {"type": "Feature", "properties": {"osm_id": 341828727, "status": "affected", "confidence": "high", "flooded_fraction": 1.0, "sampled": "footprint", "pixels": 1, "mean_probability": 0.7425}, "geometry": {"type": "Polygon", "coordinates": [[[85.1798919, 28.0266326], [85.1798028, 28.0265764], [85.1798465, 28.0265224], [85.1799356, 28.0265786], [85.1798919, 28.0266326]]]}}, {"type": "Feature", "properties": {"osm_id": 846895907, "status": "affected", "confidence": "medium", "flooded_fraction": 1.0, "sampled": "centroid", "pixels": 0, "mean_probability": 0.9991}, "geometry": {"type": "Polygon", "coordinates": [[[85.1880741, 27.9742305], [85.1881215, 27.9742788], [85.1882422, 27.9741864], [85.1881948, 27.9741381], [85.1880741, 27.9742305]]]}}, {"type": "Feature", "properties": {"osm_id": 1041582641, "status": "affected", "confidence": "medium", "flooded_fraction": 1.0, "sampled": "centroid", "pixels": 0, "mean_probability": 0.6002}, "geometry": {"type": "Polygon", "coordinates": [[[85.2982951, 27.9175962], [85.2983094, 27.9176446], [85.2983828, 27.9176277], [85.2983686, 27.9175793], [85.2982951, 27.9175962]]]}}, {"type": "Feature", "properties": {"osm_id": 1041579395, "status": "affected", "confidence": "high", "flooded_fraction": 1.0, "sampled": "footprint", "pixels": 1, "mean_probability": 0.5376}, "geometry": {"type": "Polygon", "coordinates": [[[85.3098182, 27.9244229], [85.3098529, 27.9244913], [85.3099307, 27.9244605], [85.309896, 27.9243921], [85.3098182, 27.9244229]]]}}, {"type": "Feature", "properties": {"osm_id": 848313637, "status": "affected", "confidence": "medium", "flooded_fraction": 1.0, "sampled": "centroid", "pixels": 0, "mean_probability": 0.9034}, "geometry": {"type": "Polygon", "coordinates": [[[85.1847723, 28.0021315], [85.1847409, 28.0022016], [85.1848119, 28.0022265], [85.1848434, 28.0021564], [85.1847723, 28.0021315]]]}}, {"type": "Feature", "properties": {"osm_id": 889069176, "status": "affected", "confidence": "medium", "flooded_fraction": 1.0, "sampled": "centroid", "pixels": 0, "mean_probability": 0.9378}, "geometry": {"type": "Polygon", "coordinates": [[[85.1507848, 27.9237044], [85.1507605, 27.9236129], [85.1508283, 27.9235988], [85.1508526, 27.9236904], [85.1507848, 27.9237044]]]}}, {"type": "Feature", "properties": {"osm_id": 891929284, "status": "affected", "confidence": "medium", "flooded_fraction": 1.0, "sampled": "centroid", "pixels": 0, "mean_probability": 0.9869}, "geometry": {"type": "Polygon", "coordinates": [[[85.1502979, 27.923216], [85.15019, 27.923211], [85.1501873, 27.923256], [85.1502952, 27.923261], [85.1502979, 27.923216]]]}}, {"type": "Feature", "properties": {"osm_id": 341623259, "status": "affected", "confidence": "medium", "flooded_fraction": 1.0, "sampled": "centroid", "pixels": 0, "mean_probability": 0.8762}, "geometry": {"type": "Polygon", "coordinates": [[[85.1702604, 27.9604219], [85.1702358, 27.960397], [85.1702473, 27.9603882], [85.1702371, 27.9603779], [85.1702936, 27.9603342], [85.1703447, 27.9603857], [85.1702767, 27.9604383], [85.1702604, 27.9604219]]]}}, {"type": "Feature", "properties": {"osm_id": 891929273, "status": "affected", "confidence": "medium", "flooded_fraction": 1.0, "sampled": "centroid", "pixels": 0, "mean_probability": 0.8778}, "geometry": {"type": "Polygon", "coordinates": [[[85.1562651, 27.9387178], [85.1563276, 27.9387698], [85.1563609, 27.9387385], [85.1562984, 27.9386866], [85.1562651, 27.9387178]]]}}, {"type": "Feature", "properties": {"osm_id": 891929322, "status": "affected", "confidence": "medium", "flooded_fraction": 1.0, "sampled": "centroid", "pixels": 0, "mean_probability": 0.9646}, "geometry": {"type": "Polygon", "coordinates": [[[85.1508236, 27.9240176], [85.1508126, 27.923933], [85.1507559, 27.9239388], [85.1507669, 27.9240234], [85.1508236, 27.9240176]]]}}, {"type": "Feature", "properties": {"osm_id": 892156964, "status": "affected", "confidence": "medium", "flooded_fraction": 1.0, "sampled": "centroid", "pixels": 0, "mean_probability": 0.9962}, "geometry": {"type": "Polygon", "coordinates": [[[85.1606297, 27.947193], [85.1606608, 27.9472213], [85.160701, 27.9471869], [85.16067, 27.9471586], [85.1606297, 27.947193]]]}}, {"type": "Feature", "properties": {"osm_id": 342369720, "status": "affected", "confidence": "medium", "flooded_fraction": 1.0, "sampled": "centroid", "pixels": 0, "mean_probability": 0.672}, "geometry": {"type": "Polygon", "coordinates": [[[85.2712101, 27.8720209], [85.271184, 27.8719894], [85.2712324, 27.871958], [85.2712585, 27.8719895], [85.2712101, 27.8720209]]]}}, {"type": "Feature", "properties": {"osm_id": 342369746, "status": "affected", "confidence": "medium", "flooded_fraction": 1.0, "sampled": "centroid", "pixels": 0, "mean_probability": 0.7753}, "geometry": {"type": "Polygon", "coordinates": [[[85.2740183, 27.8703097], [85.2739731, 27.8702286], [85.2740504, 27.8701949], [85.2740851, 27.8702573], [85.2740539, 27.8702709], [85.2740644, 27.8702897], [85.2740183, 27.8703097]]]}}, {"type": "Feature", "properties": {"osm_id": 922502809, "status": "affected", "confidence": "high", "flooded_fraction": 1.0, "sampled": "footprint", "pixels": 1, "mean_probability": 0.7753}, "geometry": {"type": "Polygon", "coordinates": [[[85.2784315, 27.8680896], [85.2784019, 27.86802], [85.2784605, 27.8680006], [85.27849, 27.8680702], [85.2784315, 27.8680896]]]}}, {"type": "Feature", "properties": {"osm_id": 987441830, "status": "affected", "confidence": "medium", "flooded_fraction": 1.0, "sampled": "centroid", "pixels": 0, "mean_probability": 0.9776}, "geometry": {"type": "Polygon", "coordinates": [[[85.1852658, 27.9744638], [85.1853383, 27.9744934], [85.1853689, 27.9744349], [85.1852965, 27.9744053], [85.1852658, 27.9744638]]]}}, {"type": "Feature", "properties": {"osm_id": 854956598, "status": "affected", "confidence": "high", "flooded_fraction": 1.0, "sampled": "footprint", "pixels": 1, "mean_probability": 0.9776}, "geometry": {"type": "Polygon", "coordinates": [[[85.1732428, 27.9991167], [85.1732603, 27.9991167], [85.1732603, 27.999096], [85.1732428, 27.999096], [85.1732428, 27.9991167]]]}}, {"type": "Feature", "properties": {"osm_id": 891525239, "status": "affected", "confidence": "medium", "flooded_fraction": 1.0, "sampled": "centroid", "pixels": 0, "mean_probability": 0.6818}, "geometry": {"type": "Polygon", "coordinates": [[[85.3118554, 27.8590162], [85.3120013, 27.8590751], [85.3120228, 27.8590336], [85.3118768, 27.8589747], [85.3118554, 27.8590162]]]}}, {"type": "Feature", "properties": {"osm_id": 342168101, "status": "affected", "confidence": "medium", "flooded_fraction": 1.0, "sampled": "centroid", "pixels": 0, "mean_probability": 0.5218}, "geometry": {"type": "Polygon", "coordinates": [[[85.2329053, 27.8987462], [85.232886, 27.8987265], [85.2329237, 27.8986977], [85.232943, 27.8987174], [85.2329053, 27.8987462]]]}}, {"type": "Feature", "properties": {"osm_id": 341049790, "status": "affected", "confidence": "medium", "flooded_fraction": 1.0, "sampled": "centroid", "pixels": 0, "mean_probability": 0.9098}, "geometry": {"type": "Polygon", "coordinates": [[[85.1801353, 27.979748], [85.180208, 27.9797566], [85.1802213, 27.9796682], [85.1801486, 27.9796596], [85.1801353, 27.979748]]]}}, {"type": "Feature", "properties": {"osm_id": 342083430, "status": "affected", "confidence": "medium", "flooded_fraction": 1.0, "sampled": "centroid", "pixels": 0, "mean_probability": 0.6386}, "geometry": {"type": "Polygon", "coordinates": [[[85.2325584, 27.8983705], [85.2326542, 27.8983229], [85.2326013, 27.8982398], [85.2325055, 27.8982874], [85.2325584, 27.8983705]]]}}, {"type": "Feature", "properties": {"osm_id": 342083507, "status": "affected", "confidence": "medium", "flooded_fraction": 1.0, "sampled": "centroid", "pixels": 0, "mean_probability": 0.8072}, "geometry": {"type": "Polygon", "coordinates": [[[85.2321651, 27.8981159], [85.2322202, 27.8981828], [85.232286, 27.8981405], [85.2322309, 27.8980735], [85.2321651, 27.8981159]]]}}, {"type": "Feature", "properties": {"osm_id": 890563852, "status": "affected", "confidence": "medium", "flooded_fraction": 1.0, "sampled": "centroid", "pixels": 0, "mean_probability": 0.6215}, "geometry": {"type": "Polygon", "coordinates": [[[85.2367119, 27.8905878], [85.236817, 27.8905578], [85.2367902, 27.8904843], [85.2366851, 27.8905143], [85.2367119, 27.8905878]]]}}, {"type": "Feature", "properties": {"osm_id": 342078134, "status": "affected", "confidence": "high", "flooded_fraction": 1.0, "sampled": "footprint", "pixels": 1, "mean_probability": 0.6215}, "geometry": {"type": "Polygon", "coordinates": [[[85.2394701, 27.889558], [85.2396647, 27.8895655], [85.2396714, 27.8894298], [85.2394768, 27.8894223], [85.2394701, 27.889558]]]}}, {"type": "Feature", "properties": {"osm_id": 890559115, "status": "affected", "confidence": "medium", "flooded_fraction": 1.0, "sampled": "centroid", "pixels": 0, "mean_probability": 0.5714}, "geometry": {"type": "Polygon", "coordinates": [[[85.2485512, 27.8856401], [85.2485988, 27.8855942], [85.248496, 27.8855109], [85.2484484, 27.8855568], [85.2485512, 27.8856401]]]}}, {"type": "Feature", "properties": {"osm_id": 1041579433, "status": "affected", "confidence": "medium", "flooded_fraction": 1.0, "sampled": "centroid", "pixels": 0, "mean_probability": 0.5615}, "geometry": {"type": "Polygon", "coordinates": [[[85.3099091, 27.9252681], [85.309963, 27.9253198], [85.3100358, 27.9252605], [85.3099819, 27.9252088], [85.3099091, 27.9252681]]]}}, {"type": "Feature", "properties": {"osm_id": 886471615, "status": "affected", "confidence": "medium", "flooded_fraction": 1.0, "sampled": "centroid", "pixels": 0, "mean_probability": 0.9609}, "geometry": {"type": "Polygon", "coordinates": [[[85.1802422, 27.9791637], [85.1801969, 27.9791639], [85.1801966, 27.9791111], [85.1802419, 27.979111], [85.1802422, 27.9791637]]]}}, {"type": "Feature", "properties": {"osm_id": 886471635, "status": "affected", "confidence": "medium", "flooded_fraction": 1.0, "sampled": "centroid", "pixels": 0, "mean_probability": 0.9008}, "geometry": {"type": "Polygon", "coordinates": [[[85.1805194, 27.9789888], [85.1804765, 27.9789869], [85.1804841, 27.9789474], [85.1805203, 27.9789513], [85.1805194, 27.9789888]]]}}, {"type": "Feature", "properties": {"osm_id": 886471642, "status": "affected", "confidence": "medium", "flooded_fraction": 1.0, "sampled": "centroid", "pixels": 0, "mean_probability": 0.8701}, "geometry": {"type": "Polygon", "coordinates": [[[85.1796006, 27.9809542], [85.1795661, 27.980953], [85.1795696, 27.9809304], [85.1796037, 27.9809335], [85.1796006, 27.9809542]]]}}, {"type": "Feature", "properties": {"osm_id": 886471670, "status": "affected", "confidence": "medium", "flooded_fraction": 1.0, "sampled": "centroid", "pixels": 0, "mean_probability": 0.9903}, "geometry": {"type": "Polygon", "coordinates": [[[85.1819505, 27.986968], [85.1819298, 27.986968], [85.1819298, 27.9869536], [85.1819504, 27.9869536], [85.1819505, 27.986968]]]}}, {"type": "Feature", "properties": {"osm_id": 342141406, "status": "affected", "confidence": "medium", "flooded_fraction": 1.0, "sampled": "centroid", "pixels": 0, "mean_probability": 0.9726}, "geometry": {"type": "Polygon", "coordinates": [[[85.1642677, 27.9487163], [85.1643835, 27.9487021], [85.1643593, 27.9485484], [85.1642436, 27.9485626], [85.1642677, 27.9487163]]]}}, {"type": "Feature", "properties": {"osm_id": 341049690, "status": "affected", "confidence": "high", "flooded_fraction": 1.0, "sampled": "footprint", "pixels": 1, "mean_probability": 0.9726}, "geometry": {"type": "Polygon", "coordinates": [[[85.1718134, 27.9652009], [85.1717693, 27.9651833], [85.1717905, 27.9651417], [85.1718347, 27.9651592], [85.1718134, 27.9652009]]]}}, {"type": "Feature", "properties": {"osm_id": 891117002, "status": "affected", "confidence": "medium", "flooded_fraction": 1.0, "sampled": "centroid", "pixels": 0, "mean_probability": 0.6475}, "geometry": {"type": "Polygon", "coordinates": [[[85.2583708, 27.8797693], [85.2584405, 27.8798251], [85.2584943, 27.8797725], [85.2584246, 27.8797167], [85.2583708, 27.8797693]]]}}, {"type": "Feature", "properties": {"osm_id": 341661565, "status": "affected", "confidence": "medium", "flooded_fraction": 1.0, "sampled": "centroid", "pixels": 0, "mean_probability": 0.5066}, "geometry": {"type": "Polygon", "coordinates": [[[85.3450343, 27.8628919], [85.3450723, 27.8628704], [85.3450423, 27.862829], [85.3450044, 27.8628505], [85.3450343, 27.8628919]]]}}, {"type": "Feature", "properties": {"osm_id": 891565333, "status": "affected", "confidence": "high", "flooded_fraction": 1.0, "sampled": "footprint", "pixels": 1, "mean_probability": 0.5066}, "geometry": {"type": "Polygon", "coordinates": [[[85.3436409, 27.8652787], [85.3436891, 27.8652266], [85.3436522, 27.8651999], [85.343604, 27.865252], [85.3436409, 27.8652787]]]}}, {"type": "Feature", "properties": {"osm_id": 342277359, "status": "affected", "confidence": "medium", "flooded_fraction": 1.0, "sampled": "centroid", "pixels": 0, "mean_probability": 0.6601}, "geometry": {"type": "Polygon", "coordinates": [[[85.2858011, 27.914479], [85.2857905, 27.9145171], [85.2858667, 27.9145336], [85.2858772, 27.9144954], [85.2858011, 27.914479]]]}}, {"type": "Feature", "properties": {"osm_id": 341496168, "status": "affected", "confidence": "medium", "flooded_fraction": 1.0, "sampled": "centroid", "pixels": 0, "mean_probability": 0.6555}, "geometry": {"type": "Polygon", "coordinates": [[[85.2852221, 27.9108812], [85.2852439, 27.9108959], [85.2852611, 27.910876], [85.2852393, 27.9108613], [85.2852221, 27.9108812]]]}}, {"type": "Feature", "properties": {"osm_id": 890528507, "status": "affected", "confidence": "medium", "flooded_fraction": 1.0, "sampled": "centroid", "pixels": 0, "mean_probability": 0.7412}, "geometry": {"type": "Polygon", "coordinates": [[[85.2506487, 27.9143909], [85.25069, 27.9143892], [85.2506873, 27.9143379], [85.250646, 27.9143396], [85.2506487, 27.9143909]]]}}, {"type": "Feature", "properties": {"osm_id": 922502762, "status": "affected", "confidence": "medium", "flooded_fraction": 1.0, "sampled": "centroid", "pixels": 0, "mean_probability": 0.6041}, "geometry": {"type": "Polygon", "coordinates": [[[85.2701078, 27.8726448], [85.2700518, 27.8725388], [85.2701283, 27.8725072], [85.2701843, 27.8726132], [85.2701078, 27.8726448]]]}}, {"type": "Feature", "properties": {"osm_id": 922502739, "status": "affected", "confidence": "high", "flooded_fraction": 1.0, "sampled": "footprint", "pixels": 1, "mean_probability": 0.6041}, "geometry": {"type": "Polygon", "coordinates": [[[85.2660834, 27.8746008], [85.2660749, 27.8744853], [85.2662626, 27.8744745], [85.2662712, 27.8745899], [85.2660834, 27.8746008]]]}}, {"type": "Feature", "properties": {"osm_id": 342369793, "status": "affected", "confidence": "medium", "flooded_fraction": 1.0, "sampled": "centroid", "pixels": 0, "mean_probability": 0.7434}, "geometry": {"type": "Polygon", "coordinates": [[[85.274578, 27.869482], [85.274626, 27.8695103], [85.2746519, 27.869476], [85.2746384, 27.8694681], [85.2746464, 27.8694574], [85.2746118, 27.8694371], [85.2746013, 27.8694511], [85.274578, 27.869482]]]}}, {"type": "Feature", "properties": {"osm_id": 342369700, "status": "affected", "confidence": "high", "flooded_fraction": 1.0, "sampled": "footprint", "pixels": 1, "mean_probability": 0.7434}, "geometry": {"type": "Polygon", "coordinates": [[[85.274597, 27.8688166], [85.2745963, 27.8687231], [85.2746571, 27.8687228], [85.2746577, 27.8688163], [85.274597, 27.8688166]]]}}, {"type": "Feature", "properties": {"osm_id": 341589696, "status": "affected", "confidence": "high", "flooded_fraction": 1.0, "sampled": "footprint", "pixels": 1, "mean_probability": 0.5042}, "geometry": {"type": "Polygon", "coordinates": [[[85.2591494, 27.8666449], [85.2590791, 27.8666226], [85.2591063, 27.8665556], [85.2591766, 27.8665779], [85.2591494, 27.8666449]]]}}, {"type": "Feature", "properties": {"osm_id": 847027837, "status": "affected", "confidence": "medium", "flooded_fraction": 1.0, "sampled": "centroid", "pixels": 0, "mean_probability": 0.8943}, "geometry": {"type": "Polygon", "coordinates": [[[85.1825789, 27.9927122], [85.182615, 27.9927163], [85.1826217, 27.9926707], [85.1825856, 27.9926666], [85.1825789, 27.9927122]]]}}, {"type": "Feature", "properties": {"osm_id": 847027815, "status": "affected", "confidence": "medium", "flooded_fraction": 1.0, "sampled": "centroid", "pixels": 0, "mean_probability": 0.9825}, "geometry": {"type": "Polygon", "coordinates": [[[85.1830222, 27.9926624], [85.1830403, 27.9927838], [85.1831193, 27.9927746], [85.1831124, 27.9927288], [85.1830788, 27.9927327], [85.1830675, 27.9926571], [85.1830222, 27.9926624]]]}}, {"type": "Feature", "properties": {"osm_id": 886262235, "status": "affected", "confidence": "high", "flooded_fraction": 1.0, "sampled": "footprint", "pixels": 1, "mean_probability": 0.9825}, "geometry": {"type": "Polygon", "coordinates": [[[85.1782912, 27.9952443], [85.1783142, 27.9953109], [85.1783731, 27.995295], [85.1783501, 27.9952285], [85.1782912, 27.9952443]]]}}, {"type": "Feature", "properties": {"osm_id": 847027755, "status": "affected", "confidence": "medium", "flooded_fraction": 1.0, "sampled": "centroid", "pixels": 0, "mean_probability": 0.9438}, "geometry": {"type": "Polygon", "coordinates": [[[85.1832287, 27.9919851], [85.1832771, 27.9919708], [85.1832543, 27.9919104], [85.1832059, 27.9919247], [85.1832287, 27.9919851]]]}}, {"type": "Feature", "properties": {"osm_id": 341461996, "status": "affected", "confidence": "medium", "flooded_fraction": 1.0, "sampled": "centroid", "pixels": 0, "mean_probability": 0.9864}, "geometry": {"type": "Polygon", "coordinates": [[[85.1851696, 27.9720547], [85.1852533, 27.9720413], [85.1852359, 27.9719558], [85.1851522, 27.9719691], [85.1851696, 27.9720547]]]}}, {"type": "Feature", "properties": {"osm_id": 890564741, "status": "affected", "confidence": "medium", "flooded_fraction": 1.0, "sampled": "centroid", "pixels": 0, "mean_probability": 0.5849}, "geometry": {"type": "Polygon", "coordinates": [[[85.2432485, 27.8880031], [85.2433151, 27.8879833], [85.2432981, 27.8879388], [85.2432316, 27.8879586], [85.2432485, 27.8880031]]]}}, {"type": "Feature", "properties": {"osm_id": 342068769, "status": "affected", "confidence": "medium", "flooded_fraction": 1.0, "sampled": "centroid", "pixels": 0, "mean_probability": 0.9226}, "geometry": {"type": "Polygon", "coordinates": [[[85.1831805, 28.0091485], [85.1831805, 28.0091135], [85.1831397, 28.0091135], [85.1831397, 28.0091485], [85.1831805, 28.0091485]]]}}, {"type": "Feature", "properties": {"osm_id": 848313607, "status": "affected", "confidence": "medium", "flooded_fraction": 1.0, "sampled": "centroid", "pixels": 0, "mean_probability": 0.5583}, "geometry": {"type": "Polygon", "coordinates": [[[85.1844464, 28.0069424], [85.1844263, 28.0070324], [85.1844906, 28.0070436], [85.1845107, 28.0069536], [85.1844464, 28.0069424]]]}}, {"type": "Feature", "properties": {"osm_id": 848313608, "status": "affected", "confidence": "high", "flooded_fraction": 1.0, "sampled": "footprint", "pixels": 1, "mean_probability": 0.5583}, "geometry": {"type": "Polygon", "coordinates": [[[85.1843351, 28.0070312], [85.1843029, 28.0071378], [85.184401, 28.0071609], [85.1844332, 28.0070543], [85.1843351, 28.0070312]]]}}, {"type": "Feature", "properties": {"osm_id": 848313634, "status": "affected", "confidence": "medium", "flooded_fraction": 1.0, "sampled": "centroid", "pixels": 0, "mean_probability": 0.5528}, "geometry": {"type": "Polygon", "coordinates": [[[85.185864, 28.0037537], [85.1859082, 28.0038023], [85.1859859, 28.003747], [85.1859417, 28.0036985], [85.185864, 28.0037537]]]}}, {"type": "Feature", "properties": {"osm_id": 848313626, "status": "affected", "confidence": "high", "flooded_fraction": 1.0, "sampled": "footprint", "pixels": 1, "mean_probability": 0.5528}, "geometry": {"type": "Polygon", "coordinates": [[[85.1834708, 28.0036933], [85.1834849, 28.0037146], [85.1835115, 28.0037009], [85.1834974, 28.0036796], [85.1834708, 28.0036933]]]}}, {"type": "Feature", "properties": {"osm_id": 342169072, "status": "affected", "confidence": "medium", "flooded_fraction": 1.0, "sampled": "centroid", "pixels": 0, "mean_probability": 0.6979}, "geometry": {"type": "Polygon", "coordinates": [[[85.2332732, 27.8994577], [85.2333511, 27.8995167], [85.2333952, 27.8994711], [85.2333173, 27.8994121], [85.2332732, 27.8994577]]]}}, {"type": "Feature", "properties": {"osm_id": 887181687, "status": "affected", "confidence": "medium", "flooded_fraction": 1.0, "sampled": "centroid", "pixels": 0, "mean_probability": 0.6399}, "geometry": {"type": "Polygon", "coordinates": [[[85.2072948, 27.8996367], [85.2073726, 27.8996356], [85.2073712, 27.899562], [85.2072934, 27.8995632], [85.2072948, 27.8996367]]]}}, {"type": "Feature", "properties": {"osm_id": 887181676, "status": "affected", "confidence": "medium", "flooded_fraction": 1.0, "sampled": "centroid", "pixels": 0, "mean_probability": 0.5213}, "geometry": {"type": "Polygon", "coordinates": [[[85.2080881, 27.8991348], [85.2080867, 27.8991721], [85.2081428, 27.8991737], [85.2081441, 27.8991364], [85.2080881, 27.8991348]]]}}, {"type": "Feature", "properties": {"osm_id": 342149433, "status": "affected", "confidence": "medium", "flooded_fraction": 1.0, "sampled": "centroid", "pixels": 0, "mean_probability": 0.6671}, "geometry": {"type": "Polygon", "coordinates": [[[85.222041, 27.9054761], [85.2221138, 27.9054663], [85.2221045, 27.9054128], [85.2220318, 27.9054226], [85.222041, 27.9054761]]]}}, {"type": "Feature", "properties": {"osm_id": 342114302, "status": "affected", "confidence": "medium", "flooded_fraction": 1.0, "sampled": "centroid", "pixels": 0, "mean_probability": 0.6168}, "geometry": {"type": "Polygon", "coordinates": [[[85.2338219, 27.8997359], [85.2338982, 27.8998089], [85.2338466, 27.899851], [85.2337703, 27.899778], [85.2338219, 27.8997359]]]}}, {"type": "Feature", "properties": {"osm_id": 342168105, "status": "affected", "confidence": "medium", "flooded_fraction": 1.0, "sampled": "centroid", "pixels": 0, "mean_probability": 0.5089}, "geometry": {"type": "Polygon", "coordinates": [[[85.2325241, 27.8986805], [85.2325894, 27.8986552], [85.2325531, 27.898582], [85.2324878, 27.8986073], [85.2325241, 27.8986805]]]}}, {"type": "Feature", "properties": {"osm_id": 517919663, "status": "affected", "confidence": "high", "flooded_fraction": 1.0, "sampled": "footprint", "pixels": 1, "mean_probability": 0.5089}, "geometry": {"type": "Polygon", "coordinates": [[[85.2310369, 27.8913536], [85.2310901, 27.8913742], [85.2311073, 27.8913394], [85.2310541, 27.8913188], [85.2310369, 27.8913536]]]}}, {"type": "Feature", "properties": {"osm_id": 342548625, "status": "affected", "confidence": "medium", "flooded_fraction": 1.0, "sampled": "centroid", "pixels": 0, "mean_probability": 0.504}, "geometry": {"type": "Polygon", "coordinates": [[[85.2077081, 27.8998085], [85.2077361, 27.8997247], [85.2076933, 27.8997136], [85.2076653, 27.8997973], [85.2077081, 27.8998085]]]}}, {"type": "Feature", "properties": {"osm_id": 342548558, "status": "affected", "confidence": "medium", "flooded_fraction": 1.0, "sampled": "centroid", "pixels": 0, "mean_probability": 0.5893}, "geometry": {"type": "Polygon", "coordinates": [[[85.208072, 27.9000019], [85.2081681, 27.9000159], [85.2081787, 27.8998802], [85.2080947, 27.8998649], [85.208072, 27.9000019]]]}}, {"type": "Feature", "properties": {"osm_id": 342149376, "status": "affected", "confidence": "medium", "flooded_fraction": 1.0, "sampled": "centroid", "pixels": 0, "mean_probability": 0.5795}, "geometry": {"type": "Polygon", "coordinates": [[[85.2158471, 27.9031542], [85.2159865, 27.903194], [85.2160101, 27.9031295], [85.2158707, 27.9030897], [85.2158471, 27.9031542]]]}}, {"type": "Feature", "properties": {"osm_id": 886398156, "status": "affected", "confidence": "medium", "flooded_fraction": 1.0, "sampled": "centroid", "pixels": 0, "mean_probability": 0.9868}, "geometry": {"type": "Polygon", "coordinates": [[[85.185236, 27.9723257], [85.1852495, 27.9723548], [85.1852862, 27.9723416], [85.1852947, 27.9723599], [85.1853537, 27.9723386], [85.1853318, 27.9722911], [85.185236, 27.9723257]]]}}, {"type": "Feature", "properties": {"osm_id": 922502735, "status": "affected", "confidence": "medium", "flooded_fraction": 1.0, "sampled": "centroid", "pixels": 0, "mean_probability": 0.5299}, "geometry": {"type": "Polygon", "coordinates": [[[85.2640001, 27.8759331], [85.2640103, 27.8758767], [85.2640724, 27.8758537], [85.2641047, 27.8759218], [85.2640001, 27.8759331]]]}}, {"type": "Feature", "properties": {"osm_id": 342140273, "status": "affected", "confidence": "medium", "flooded_fraction": 1.0, "sampled": "centroid", "pixels": 0, "mean_probability": 0.638}, "geometry": {"type": "Polygon", "coordinates": [[[85.2644599, 27.8762136], [85.2644413, 27.8761433], [85.2645415, 27.8761226], [85.2645601, 27.8761928], [85.2644599, 27.8762136]]]}}, {"type": "Feature", "properties": {"osm_id": 891116950, "status": "affected", "confidence": "high", "flooded_fraction": 1.0, "sampled": "footprint", "pixels": 1, "mean_probability": 0.638}, "geometry": {"type": "Polygon", "coordinates": [[[85.260774, 27.8778702], [85.2608381, 27.8779413], [85.2609462, 27.8778653], [85.2608821, 27.8777942], [85.260774, 27.8778702]]]}}, {"type": "Feature", "properties": {"osm_id": 889087506, "status": "affected", "confidence": "medium", "flooded_fraction": 1.0, "sampled": "centroid", "pixels": 0, "mean_probability": 0.787}, "geometry": {"type": "Polygon", "coordinates": [[[85.2429306, 27.9047], [85.2429483, 27.9045854], [85.2430189, 27.9045939], [85.2430012, 27.9047085], [85.2429306, 27.9047]]]}}, {"type": "Feature", "properties": {"osm_id": 342173844, "status": "affected", "confidence": "medium", "flooded_fraction": 1.0, "sampled": "centroid", "pixels": 0, "mean_probability": 0.5482}, "geometry": {"type": "Polygon", "coordinates": [[[85.2377688, 27.9001998], [85.2377729, 27.9001167], [85.2378639, 27.9001202], [85.2378598, 27.9002033], [85.2377688, 27.9001998]]]}}, {"type": "Feature", "properties": {"osm_id": 890564842, "status": "affected", "confidence": "medium", "flooded_fraction": 1.0, "sampled": "centroid", "pixels": 0, "mean_probability": 0.5431}, "geometry": {"type": "Polygon", "coordinates": [[[85.2453785, 27.8894086], [85.2454586, 27.8893663], [85.2454182, 27.8893066], [85.2453381, 27.8893489], [85.2453785, 27.8894086]]]}}, {"type": "Feature", "properties": {"osm_id": 890976911, "status": "affected", "confidence": "medium", "flooded_fraction": 1.0, "sampled": "centroid", "pixels": 0, "mean_probability": 0.8099}, "geometry": {"type": "Polygon", "coordinates": [[[85.1577423, 27.9397729], [85.1577693, 27.9397424], [85.1577475, 27.9397274], [85.1577206, 27.9397579], [85.1577423, 27.9397729]]]}}, {"type": "Feature", "properties": {"osm_id": 341903672, "status": "affected", "confidence": "medium", "flooded_fraction": 1.0, "sampled": "centroid", "pixels": 0, "mean_probability": 0.6711}, "geometry": {"type": "Polygon", "coordinates": [[[85.1590192, 27.9505787], [85.1589847, 27.9505381], [85.1590246, 27.9505117], [85.1590591, 27.9505523], [85.1590192, 27.9505787]]]}}, {"type": "Feature", "properties": {"osm_id": 341049874, "status": "affected", "confidence": "medium", "flooded_fraction": 1.0, "sampled": "centroid", "pixels": 0, "mean_probability": 0.6942}, "geometry": {"type": "Polygon", "coordinates": [[[85.1716036, 27.9652917], [85.1716293, 27.965235], [85.171696, 27.9652585], [85.1716703, 27.9653153], [85.1716036, 27.9652917]]]}}, {"type": "Feature", "properties": {"osm_id": 341828732, "status": "affected", "confidence": "high", "flooded_fraction": 1.0, "sampled": "footprint", "pixels": 1, "mean_probability": 0.6942}, "geometry": {"type": "Polygon", "coordinates": [[[85.1804046, 28.0273922], [85.1803845, 28.0273301], [85.1804456, 28.0273147], [85.1804657, 28.0273768], [85.1804046, 28.0273922]]]}}, {"type": "Feature", "properties": {"osm_id": 1041582610, "status": "affected", "confidence": "medium", "flooded_fraction": 1.0, "sampled": "centroid", "pixels": 0, "mean_probability": 0.7091}, "geometry": {"type": "Polygon", "coordinates": [[[85.2983152, 27.9193844], [85.2983511, 27.9193873], [85.298354, 27.9193598], [85.2983182, 27.9193569], [85.2983152, 27.9193844]]]}}, {"type": "Feature", "properties": {"osm_id": 341654841, "status": "affected", "confidence": "medium", "flooded_fraction": 1.0, "sampled": "centroid", "pixels": 0, "mean_probability": 0.6761}, "geometry": {"type": "Polygon", "coordinates": [[[85.1522156, 27.9356899], [85.152296, 27.9357693], [85.1523529, 27.9357243], [85.1523337, 27.9357053], [85.1523774, 27.9356707], [85.1523377, 27.9356315], [85.1523102, 27.9356533], [85.1522887, 27.9356321], [85.1522156, 27.9356899]]]}}, {"type": "Feature", "properties": {"osm_id": 886398159, "status": "affected", "confidence": "medium", "flooded_fraction": 1.0, "sampled": "centroid", "pixels": 0, "mean_probability": 0.8434}, "geometry": {"type": "Polygon", "coordinates": [[[85.1858499, 27.9722285], [85.1858935, 27.9722533], [85.185923, 27.9722128], [85.1858794, 27.972188], [85.1858499, 27.9722285]]]}}, {"type": "Feature", "properties": {"osm_id": 890517478, "status": "affected", "confidence": "medium", "flooded_fraction": 1.0, "sampled": "centroid", "pixels": 0, "mean_probability": 0.7557}, "geometry": {"type": "Polygon", "coordinates": [[[85.2525061, 27.9158607], [85.252598, 27.9158426], [85.2525769, 27.9157588], [85.252485, 27.9157768], [85.2525061, 27.9158607]]]}}, {"type": "Feature", "properties": {"osm_id": 341049756, "status": "affected", "confidence": "medium", "flooded_fraction": 1.0, "sampled": "centroid", "pixels": 0, "mean_probability": 0.6977}, "geometry": {"type": "Polygon", "coordinates": [[[85.1721468, 27.9652545], [85.1720808, 27.965227], [85.1721186, 27.9651563], [85.1721846, 27.9651838], [85.1721468, 27.9652545]]]}}, {"type": "Feature", "properties": {"osm_id": 341461679, "status": "affected", "confidence": "medium", "flooded_fraction": 1.0, "sampled": "centroid", "pixels": 0, "mean_probability": 0.9948}, "geometry": {"type": "Polygon", "coordinates": [[[85.1851835, 27.9710683], [85.1851657, 27.9710273], [85.1852404, 27.9710019], [85.1852582, 27.9710429], [85.1851835, 27.9710683]]]}}, {"type": "Feature", "properties": {"osm_id": 846895895, "status": "affected", "confidence": "medium", "flooded_fraction": 1.0, "sampled": "centroid", "pixels": 0, "mean_probability": 0.9503}, "geometry": {"type": "Polygon", "coordinates": [[[85.1847938, 27.9745319], [85.1848729, 27.9745461], [85.1848822, 27.9745058], [85.184803, 27.9744916], [85.1847938, 27.9745319]]]}}, {"type": "Feature", "properties": {"osm_id": 886466494, "status": "affected", "confidence": "medium", "flooded_fraction": 1.0, "sampled": "centroid", "pixels": 0, "mean_probability": 0.9068}, "geometry": {"type": "Polygon", "coordinates": [[[85.1851889, 27.9706137], [85.1851904, 27.9706405], [85.1852224, 27.9706391], [85.185221, 27.9706124], [85.1851889, 27.9706137]]]}}, {"type": "Feature", "properties": {"osm_id": 912640593, "status": "affected", "confidence": "medium", "flooded_fraction": 1.0, "sampled": "centroid", "pixels": 0, "mean_probability": 0.9568}, "geometry": {"type": "Polygon", "coordinates": [[[85.1852176, 27.9709437], [85.1853316, 27.9709176], [85.1853224, 27.9708865], [85.1852084, 27.9709125], [85.1852176, 27.9709437]]]}}, {"type": "Feature", "properties": {"osm_id": 987441828, "status": "affected", "confidence": "medium", "flooded_fraction": 1.0, "sampled": "centroid", "pixels": 0, "mean_probability": 0.9904}, "geometry": {"type": "Polygon", "coordinates": [[[85.185473, 27.9737508], [85.1855669, 27.973765], [85.1855795, 27.9737002], [85.1854856, 27.973686], [85.185473, 27.9737508]]]}}, {"type": "Feature", "properties": {"osm_id": 886462058, "status": "affected", "confidence": "high", "flooded_fraction": 1.0, "sampled": "footprint", "pixels": 1, "mean_probability": 0.9904}, "geometry": {"type": "Polygon", "coordinates": [[[85.1734057, 27.9724158], [85.1733577, 27.9723909], [85.1733836, 27.9723519], [85.1734316, 27.9723768], [85.1734057, 27.9724158]]]}}, {"type": "Feature", "properties": {"osm_id": 341654819, "status": "affected", "confidence": "medium", "flooded_fraction": 1.0, "sampled": "centroid", "pixels": 0, "mean_probability": 0.961}, "geometry": {"type": "Polygon", "coordinates": [[[85.1527617, 27.93563], [85.152819, 27.935548], [85.1529566, 27.935623], [85.1529462, 27.9356379], [85.1528993, 27.935705], [85.1527617, 27.93563]]]}}, {"type": "Feature", "properties": {"osm_id": 890977247, "status": "affected", "confidence": "high", "flooded_fraction": 1.0, "sampled": "footprint", "pixels": 1, "mean_probability": 0.961}, "geometry": {"type": "Polygon", "coordinates": [[[85.16078, 27.9384436], [85.1608041, 27.9384969], [85.1608859, 27.938468], [85.1608618, 27.9384146], [85.16078, 27.9384436]]]}}, {"type": "Feature", "properties": {"osm_id": 341049770, "status": "affected", "confidence": "medium", "flooded_fraction": 1.0, "sampled": "centroid", "pixels": 0, "mean_probability": 0.9722}, "geometry": {"type": "Polygon", "coordinates": [[[85.1801001, 27.9793182], [85.180181, 27.9793194], [85.1801825, 27.9792403], [85.1801017, 27.979239], [85.1801001, 27.9793182]]]}}, {"type": "Feature", "properties": {"osm_id": 886471634, "status": "affected", "confidence": "medium", "flooded_fraction": 1.0, "sampled": "centroid", "pixels": 0, "mean_probability": 0.9008}, "geometry": {"type": "Polygon", "coordinates": [[[85.1804612, 27.9788642], [85.1804236, 27.9788619], [85.1804273, 27.978824], [85.1804635, 27.9788287], [85.1804612, 27.9788642]]]}}, {"type": "Feature", "properties": {"osm_id": 848313641, "status": "affected", "confidence": "medium", "flooded_fraction": 1.0, "sampled": "centroid", "pixels": 0, "mean_probability": 0.8618}, "geometry": {"type": "Polygon", "coordinates": [[[85.1850057, 28.0015856], [85.1849873, 28.0016387], [85.1850356, 28.0016517], [85.1850539, 28.0015987], [85.1850057, 28.0015856]]]}}, {"type": "Feature", "properties": {"osm_id": 260127795, "status": "affected", "confidence": "medium", "flooded_fraction": 1.0, "sampled": "centroid", "pixels": 0, "mean_probability": 0.9742}, "geometry": {"type": "Polygon", "coordinates": [[[85.1501314, 27.9256324], [85.1501518, 27.9255167], [85.1501124, 27.9255112], [85.15, 27.925495785981717], [85.15, 27.925614333110367], [85.1501314, 27.9256324]]]}}, {"type": "Feature", "properties": {"osm_id": 341730964, "status": "affected", "confidence": "high", "flooded_fraction": 1.0, "sampled": "footprint", "pixels": 1, "mean_probability": 0.9742}, "geometry": {"type": "Polygon", "coordinates": [[[85.1501111, 27.9227223], [85.1501665, 27.9226734], [85.1501078, 27.9226215], [85.1500524, 27.9226704], [85.1501111, 27.9227223]]]}}, {"type": "Feature", "properties": {"osm_id": 892160621, "status": "affected", "confidence": "high", "flooded_fraction": 1.0, "sampled": "footprint", "pixels": 1, "mean_probability": 0.9685}, "geometry": {"type": "Polygon", "coordinates": [[[85.1521178, 27.9230709], [85.1521874, 27.9230627], [85.1521834, 27.923036], [85.1521137, 27.9230442], [85.1521178, 27.9230709]]]}}, {"type": "Feature", "properties": {"osm_id": 886361376, "status": "affected", "confidence": "medium", "flooded_fraction": 1.0, "sampled": "centroid", "pixels": 0, "mean_probability": 0.9868}, "geometry": {"type": "Polygon", "coordinates": [[[85.1788157, 27.9672875], [85.1788574, 27.9672374], [85.1791136, 27.9674035], [85.179072, 27.9674536], [85.1788157, 27.9672875]]]}}, {"type": "Feature", "properties": {"osm_id": 886391953, "status": "affected", "confidence": "medium", "flooded_fraction": 1.0, "sampled": "centroid", "pixels": 0, "mean_probability": 0.8148}, "geometry": {"type": "Polygon", "coordinates": [[[85.1726048, 27.9651524], [85.1726829, 27.9651747], [85.1727461, 27.9650021], [85.172668, 27.9649798], [85.1726048, 27.9651524]]]}}, {"type": "Feature", "properties": {"osm_id": 341522540, "status": "affected", "confidence": "high", "flooded_fraction": 1.0, "sampled": "footprint", "pixels": 1, "mean_probability": 0.8148}, "geometry": {"type": "Polygon", "coordinates": [[[85.1851357, 28.0377634], [85.1852354, 28.0377841], [85.1852643, 28.0376754], [85.1851646, 28.0376547], [85.1851357, 28.0377634]]]}}, {"type": "Feature", "properties": {"osm_id": 886398148, "status": "affected", "confidence": "medium", "flooded_fraction": 1.0, "sampled": "centroid", "pixels": 0, "mean_probability": 0.9602}, "geometry": {"type": "Polygon", "coordinates": [[[85.1853551, 27.9712294], [85.1853688, 27.9712626], [85.1854757, 27.9712283], [85.185462, 27.971195], [85.1853551, 27.9712294]]]}}, {"type": "Feature", "properties": {"osm_id": 886398167, "status": "affected", "confidence": "medium", "flooded_fraction": 1.0, "sampled": "centroid", "pixels": 0, "mean_probability": 0.9954}, "geometry": {"type": "Polygon", "coordinates": [[[85.1856496, 27.9736454], [85.1856479, 27.9736821], [85.1857234, 27.9736848], [85.185725, 27.973648], [85.1856496, 27.9736454]]]}}, {"type": "Feature", "properties": {"osm_id": 341462104, "status": "affected", "confidence": "medium", "flooded_fraction": 1.0, "sampled": "centroid", "pixels": 0, "mean_probability": 0.9991}, "geometry": {"type": "Polygon", "coordinates": [[[85.1857561, 27.9736303], [85.1857566, 27.973697], [85.1858617, 27.9736964], [85.1858611, 27.9736297], [85.1857561, 27.9736303]]]}}, {"type": "Feature", "properties": {"osm_id": 341462120, "status": "affected", "confidence": "medium", "flooded_fraction": 1.0, "sampled": "centroid", "pixels": 0, "mean_probability": 0.9997}, "geometry": {"type": "Polygon", "coordinates": [[[85.1863744, 27.9739696], [85.1864492, 27.9740108], [85.1863898, 27.974095], [85.186315, 27.9740538], [85.1863458, 27.9740103], [85.1863744, 27.9739696]]]}}, {"type": "Feature", "properties": {"osm_id": 886471627, "status": "affected", "confidence": "medium", "flooded_fraction": 1.0, "sampled": "centroid", "pixels": 0, "mean_probability": 0.9408}, "geometry": {"type": "Polygon", "coordinates": [[[85.1800598, 27.9801958], [85.1800063, 27.9801937], [85.1800084, 27.980152], [85.1800619, 27.980154], [85.1800598, 27.9801958]]]}}, {"type": "Feature", "properties": {"osm_id": 923909195, "status": "affected", "confidence": "high", "flooded_fraction": 1.0, "sampled": "footprint", "pixels": 1, "mean_probability": 0.9408}, "geometry": {"type": "Polygon", "coordinates": [[[85.1796468, 27.982627], [85.1796108, 27.982622], [85.179613, 27.9826097], [85.179649, 27.9826148], [85.1796468, 27.982627]]]}}, {"type": "Feature", "properties": {"osm_id": 891929266, "status": "affected", "confidence": "medium", "flooded_fraction": 1.0, "sampled": "centroid", "pixels": 0, "mean_probability": 0.5895}, "geometry": {"type": "Polygon", "coordinates": [[[85.1545743, 27.9378938], [85.1546323, 27.9379407], [85.1546541, 27.9379197], [85.1545961, 27.9378728], [85.1545743, 27.9378938]]]}}, {"type": "Feature", "properties": {"osm_id": 892131875, "status": "affected", "confidence": "medium", "flooded_fraction": 1.0, "sampled": "centroid", "pixels": 0, "mean_probability": 0.5021}, "geometry": {"type": "Polygon", "coordinates": [[[85.1629579, 27.9547665], [85.1630384, 27.9547144], [85.1629615, 27.9546219], [85.1628811, 27.954674], [85.1629579, 27.9547665]]]}}, {"type": "Feature", "properties": {"osm_id": 341462121, "status": "affected", "confidence": "high", "flooded_fraction": 1.0, "sampled": "footprint", "pixels": 1, "mean_probability": 0.5021}, "geometry": {"type": "Polygon", "coordinates": [[[85.1860242, 27.9739837], [85.1860503, 27.973942], [85.1859529, 27.9738946], [85.1859269, 27.9739363], [85.1860242, 27.9739837]]]}}, {"type": "Feature", "properties": {"osm_id": 341049764, "status": "affected", "confidence": "medium", "flooded_fraction": 1.0, "sampled": "centroid", "pixels": 0, "mean_probability": 0.9095}, "geometry": {"type": "Polygon", "coordinates": [[[85.1726212, 27.9646098], [85.1725727, 27.9645793], [85.1726194, 27.9645213], [85.1726679, 27.9645518], [85.1726212, 27.9646098]]]}}, {"type": "Feature", "properties": {"osm_id": 890977304, "status": "affected", "confidence": "medium", "flooded_fraction": 1.0, "sampled": "centroid", "pixels": 0, "mean_probability": 0.7498}, "geometry": {"type": "Polygon", "coordinates": [[[85.1523511, 27.9304097], [85.1523866, 27.9304232], [85.1523947, 27.9304066], [85.1523592, 27.9303931], [85.1523511, 27.9304097]]]}}, {"type": "Feature", "properties": {"osm_id": 341462130, "status": "affected", "confidence": "medium", "flooded_fraction": 1.0, "sampled": "centroid", "pixels": 0, "mean_probability": 0.9904}, "geometry": {"type": "Polygon", "coordinates": [[[85.1856229, 27.9736273], [85.1856215, 27.9736569], [85.1855133, 27.9736527], [85.1855148, 27.973623], [85.1856229, 27.9736273]]]}}, {"type": "Feature", "properties": {"osm_id": 886398162, "status": "affected", "confidence": "medium", "flooded_fraction": 1.0, "sampled": "centroid", "pixels": 0, "mean_probability": 0.9651}, "geometry": {"type": "Polygon", "coordinates": [[[85.1854704, 27.9730441], [85.1854783, 27.9730738], [85.185565, 27.9730557], [85.1855571, 27.973026], [85.1854704, 27.9730441]]]}}, {"type": "Feature", "properties": {"osm_id": 848313640, "status": "affected", "confidence": "medium", "flooded_fraction": 1.0, "sampled": "centroid", "pixels": 0, "mean_probability": 0.574}, "geometry": {"type": "Polygon", "coordinates": [[[85.1850834, 28.0018592], [85.1850778, 28.001896], [85.1851073, 28.0018996], [85.185113, 28.0018627], [85.1850834, 28.0018592]]]}}, {"type": "Feature", "properties": {"osm_id": 341587311, "status": "affected", "confidence": "medium", "flooded_fraction": 1.0, "sampled": "centroid", "pixels": 0, "mean_probability": 0.8762}, "geometry": {"type": "Polygon", "coordinates": [[[85.1701821, 27.9603827], [85.1702374, 27.9603422], [85.1702128, 27.9603173], [85.1701906, 27.9602955], [85.1701371, 27.9603348], [85.1701821, 27.9603827]]]}}, {"type": "Feature", "properties": {"osm_id": 888538433, "status": "affected", "confidence": "medium", "flooded_fraction": 1.0, "sampled": "centroid", "pixels": 0, "mean_probability": 0.8423}, "geometry": {"type": "Polygon", "coordinates": [[[85.1502588, 27.9224328], [85.150229, 27.9223937], [85.1502936, 27.9223553], [85.1502609, 27.9223123], [85.1503074, 27.9222847], [85.1503519, 27.9223126], [85.1503964, 27.922301], [85.150412, 27.9223479], [85.1504375, 27.9223479], [85.1504452, 27.9223704], [85.1503741, 27.9224127], [85.1503487, 27.9223793], [85.1502588, 27.9224328]]]}}, {"type": "Feature", "properties": {"osm_id": 892160629, "status": "affected", "confidence": "high", "flooded_fraction": 1.0, "sampled": "footprint", "pixels": 1, "mean_probability": 0.8423}, "geometry": {"type": "Polygon", "coordinates": [[[85.152268, 27.9227794], [85.1523779, 27.9227794], [85.1523779, 27.9227213], [85.152268, 27.9227213], [85.152268, 27.9227794]]]}}, {"type": "Feature", "properties": {"osm_id": 341623037, "status": "affected", "confidence": "medium", "flooded_fraction": 1.0, "sampled": "centroid", "pixels": 0, "mean_probability": 0.9781}, "geometry": {"type": "Polygon", "coordinates": [[[85.1788439, 27.9810493], [85.178856, 27.9810174], [85.17891, 27.9810333], [85.178898, 27.9810652], [85.1788439, 27.9810493]]]}}, {"type": "Feature", "properties": {"osm_id": 886471664, "status": "affected", "confidence": "medium", "flooded_fraction": 1.0, "sampled": "centroid", "pixels": 0, "mean_probability": 0.782}, "geometry": {"type": "Polygon", "coordinates": [[[85.1814549, 27.9855537], [85.1814556, 27.9855795], [85.1815642, 27.9855773], [85.1815617, 27.9854809], [85.1814628, 27.9854829], [85.181464, 27.985531], [85.1815074, 27.9855302], [85.1815079, 27.9855526], [85.1814549, 27.9855537]]]}}, {"type": "Feature", "properties": {"osm_id": 341461828, "status": "affected", "confidence": "medium", "flooded_fraction": 1.0, "sampled": "centroid", "pixels": 0, "mean_probability": 0.687}, "geometry": {"type": "Polygon", "coordinates": [[[85.1842075, 27.9738215], [85.1842056, 27.9738439], [85.1842459, 27.9738464], [85.1842477, 27.973824], [85.1842075, 27.9738215]]]}}, {"type": "Feature", "properties": {"osm_id": 846895891, "status": "affected", "confidence": "medium", "flooded_fraction": 1.0, "sampled": "centroid", "pixels": 0, "mean_probability": 0.6589}, "geometry": {"type": "Polygon", "coordinates": [[[85.1825069, 27.9761305], [85.1827645, 27.9762502], [85.1827868, 27.9762129], [85.1825868, 27.9761199], [85.1826627, 27.9759925], [85.1828777, 27.9760925], [85.182903, 27.97605], [85.1826305, 27.9759233], [85.1825069, 27.9761305]]]}}, {"type": "Feature", "properties": {"osm_id": 886277383, "status": "affected", "confidence": "high", "flooded_fraction": 1.0, "sampled": "footprint", "pixels": 1, "mean_probability": 0.5624}, "geometry": {"type": "Polygon", "coordinates": [[[85.1735266, 27.9634257], [85.1735562, 27.963457], [85.1735076, 27.9634928], [85.1734781, 27.9634615], [85.1735266, 27.9634257]]]}}, {"type": "Feature", "properties": {"osm_id": 342150599, "status": "affected", "confidence": "medium", "flooded_fraction": 1.0, "sampled": "centroid", "pixels": 0, "mean_probability": 0.5709}, "geometry": {"type": "Polygon", "coordinates": [[[85.1612149, 27.9474102], [85.1612664, 27.9474591], [85.1612231, 27.9474947], [85.1611716, 27.9474458], [85.1612149, 27.9474102]]]}}, {"type": "Feature", "properties": {"osm_id": 891929267, "status": "affected", "confidence": "medium", "flooded_fraction": 1.0, "sampled": "centroid", "pixels": 0, "mean_probability": 0.7707}, "geometry": {"type": "Polygon", "coordinates": [[[85.1546283, 27.9377561], [85.154681, 27.9377987], [85.1546992, 27.9377812], [85.1546465, 27.9377386], [85.1546283, 27.9377561]]]}}, {"type": "Feature", "properties": {"osm_id": 341462013, "status": "affected", "confidence": "medium", "flooded_fraction": 1.0, "sampled": "centroid", "pixels": 0, "mean_probability": 0.9621}, "geometry": {"type": "Polygon", "coordinates": [[[85.1855228, 27.9739574], [85.1855301, 27.973871], [85.1855658, 27.9738734], [85.1855585, 27.9739597], [85.1855228, 27.9739574]]]}}, {"type": "Feature", "properties": {"osm_id": 886398147, "status": "affected", "confidence": "medium", "flooded_fraction": 1.0, "sampled": "centroid", "pixels": 0, "mean_probability": 0.992}, "geometry": {"type": "Polygon", "coordinates": [[[85.1852993, 27.9712981], [85.1853155, 27.9713418], [85.1853839, 27.9713221], [85.1853677, 27.9712784], [85.1852993, 27.9712981]]]}}, {"type": "Feature", "properties": {"osm_id": 341049722, "status": "affected", "confidence": "medium", "flooded_fraction": 1.0, "sampled": "centroid", "pixels": 0, "mean_probability": 0.8183}, "geometry": {"type": "Polygon", "coordinates": [[[85.1792468, 27.9800168], [85.1792622, 27.9799706], [85.1793568, 27.9799952], [85.1793414, 27.9800414], [85.1792468, 27.9800168]]]}}, {"type": "Feature", "properties": {"osm_id": 341049844, "status": "affected", "confidence": "medium", "flooded_fraction": 1.0, "sampled": "centroid", "pixels": 0, "mean_probability": 0.9118}, "geometry": {"type": "Polygon", "coordinates": [[[85.1791545, 27.9802781], [85.1791819, 27.9802163], [85.1792842, 27.9802516], [85.1792569, 27.9803135], [85.1791545, 27.9802781]]]}}, {"type": "Feature", "properties": {"osm_id": 341555884, "status": "affected", "confidence": "medium", "flooded_fraction": 1.0, "sampled": "centroid", "pixels": 0, "mean_probability": 0.9216}, "geometry": {"type": "Polygon", "coordinates": [[[85.1806299, 27.9788553], [85.1807023, 27.9788731], [85.1807279, 27.9787993], [85.1806446, 27.97879], [85.1806299, 27.9788553]]]}}, {"type": "Feature", "properties": {"osm_id": 886471625, "status": "affected", "confidence": "medium", "flooded_fraction": 1.0, "sampled": "centroid", "pixels": 0, "mean_probability": 0.9443}, "geometry": {"type": "Polygon", "coordinates": [[[85.1799594, 27.9800599], [85.1799115, 27.9800588], [85.1799126, 27.9800218], [85.1799605, 27.9800229], [85.1799594, 27.9800599]]]}}, {"type": "Feature", "properties": {"osm_id": 342150283, "status": "affected", "confidence": "medium", "flooded_fraction": 1.0, "sampled": "centroid", "pixels": 0, "mean_probability": 0.6603}, "geometry": {"type": "Polygon", "coordinates": [[[85.1603091, 27.9459997], [85.1602822, 27.9460139], [85.1602608, 27.9459831], [85.160289, 27.9459689], [85.1603091, 27.9459997]]]}}, {"type": "Feature", "properties": {"osm_id": 341211217, "status": "affected", "confidence": "medium", "flooded_fraction": 1.0, "sampled": "centroid", "pixels": 0, "mean_probability": 0.6081}, "geometry": {"type": "Polygon", "coordinates": [[[85.1655438, 27.8974503], [85.1654517, 27.8973972], [85.1654978, 27.8973268], [85.1655951, 27.8973706], [85.1655438, 27.8974503]]]}}, {"type": "Feature", "properties": {"osm_id": 847027783, "status": "affected", "confidence": "medium", "flooded_fraction": 1.0, "sampled": "centroid", "pixels": 0, "mean_probability": 0.9698}, "geometry": {"type": "Polygon", "coordinates": [[[85.1838242, 27.9935435], [85.1838959, 27.9935263], [85.1838586, 27.9934048], [85.1837869, 27.993422], [85.1838242, 27.9935435]]]}}, {"type": "Feature", "properties": {"osm_id": 854887288, "status": "affected", "confidence": "high", "flooded_fraction": 1.0, "sampled": "footprint", "pixels": 1, "mean_probability": 0.9698}, "geometry": {"type": "Polygon", "coordinates": [[[85.1841239, 27.9923365], [85.1841481, 27.9923553], [85.1841776, 27.9923257], [85.1841534, 27.9923069], [85.1841239, 27.9923365]]]}}, {"type": "Feature", "properties": {"osm_id": 847027790, "status": "affected", "confidence": "medium", "flooded_fraction": 1.0, "sampled": "centroid", "pixels": 0, "mean_probability": 0.9955}, "geometry": {"type": "Polygon", "coordinates": [[[85.183279, 27.993447], [85.1833247, 27.9934456], [85.1833227, 27.9933917], [85.183277, 27.9933931], [85.183279, 27.993447]]]}}, {"type": "Feature", "properties": {"osm_id": 860106245, "status": "affected", "confidence": "medium", "flooded_fraction": 1.0, "sampled": "centroid", "pixels": 0, "mean_probability": 0.7935}, "geometry": {"type": "Polygon", "coordinates": [[[85.190643, 27.9752236], [85.1906657, 27.975223], [85.1906651, 27.9752011], [85.1906423, 27.9752017], [85.190643, 27.9752236]]]}}, {"type": "Feature", "properties": {"osm_id": 341557406, "status": "affected", "confidence": "medium", "flooded_fraction": 1.0, "sampled": "centroid", "pixels": 0, "mean_probability": 0.5867}, "geometry": {"type": "Polygon", "coordinates": [[[85.3447264, 27.8634084], [85.34487, 27.8633082], [85.3448353, 27.8632693], [85.3446917, 27.8633696], [85.3447264, 27.8634084]]]}}, {"type": "Feature", "properties": {"osm_id": 341854985, "status": "affected", "confidence": "medium", "flooded_fraction": 1.0, "sampled": "centroid", "pixels": 0, "mean_probability": 0.5016}, "geometry": {"type": "Polygon", "coordinates": [[[85.2789052, 27.8725753], [85.2790123, 27.8725574], [85.2789851, 27.8724299], [85.278878, 27.8724477], [85.2789052, 27.8725753]]]}}, {"type": "Feature", "properties": {"osm_id": 342369708, "status": "affected", "confidence": "medium", "flooded_fraction": 1.0, "sampled": "centroid", "pixels": 0, "mean_probability": 0.82}, "geometry": {"type": "Polygon", "coordinates": [[[85.2710232, 27.872134], [85.2709835, 27.8720861], [85.2710459, 27.8720457], [85.2710856, 27.8720936], [85.2710232, 27.872134]]]}}, {"type": "Feature", "properties": {"osm_id": 891551031, "status": "affected", "confidence": "medium", "flooded_fraction": 1.0, "sampled": "centroid", "pixels": 0, "mean_probability": 0.8638}, "geometry": {"type": "Polygon", "coordinates": [[[85.298856, 27.8608865], [85.2989051, 27.8608581], [85.2988501, 27.860784], [85.2988011, 27.8608124], [85.298856, 27.8608865]]]}}, {"type": "Feature", "properties": {"osm_id": 1041574559, "status": "affected", "confidence": "medium", "flooded_fraction": 1.0, "sampled": "centroid", "pixels": 0, "mean_probability": 0.5486}, "geometry": {"type": "Polygon", "coordinates": [[[85.325245, 27.9221715], [85.3252851, 27.9221974], [85.325316, 27.9221601], [85.3252758, 27.9221341], [85.325245, 27.9221715]]]}}, {"type": "Feature", "properties": {"osm_id": 1041574532, "status": "affected", "confidence": "high", "flooded_fraction": 1.0, "sampled": "footprint", "pixels": 1, "mean_probability": 0.5486}, "geometry": {"type": "Polygon", "coordinates": [[[85.3295908, 27.9235887], [85.3296376, 27.9236611], [85.3297174, 27.9236208], [85.3296706, 27.9235484], [85.3295908, 27.9235887]]]}}, {"type": "Feature", "properties": {"osm_id": 1041574362, "status": "affected", "confidence": "high", "flooded_fraction": 1.0, "sampled": "footprint", "pixels": 1, "mean_probability": 0.5462}, "geometry": {"type": "Polygon", "coordinates": [[[85.3226271, 27.9211755], [85.3226557, 27.9212093], [85.3227033, 27.9211779], [85.3226747, 27.9211441], [85.3226271, 27.9211755]]]}}, {"type": "Feature", "properties": {"osm_id": 340557044, "status": "affected", "confidence": "high", "flooded_fraction": 1.0, "sampled": "footprint", "pixels": 1, "mean_probability": 0.5068}, "geometry": {"type": "Polygon", "coordinates": [[[85.2907687, 27.9209166], [85.2907411, 27.9208735], [85.2906699, 27.9208967], [85.2906948, 27.9209458], [85.2907687, 27.9209166]]]}}, {"type": "Feature", "properties": {"osm_id": 888801256, "status": "affected", "confidence": "medium", "flooded_fraction": 1.0, "sampled": "centroid", "pixels": 0, "mean_probability": 0.6351}, "geometry": {"type": "Polygon", "coordinates": [[[85.2855275, 27.9142531], [85.2855744, 27.9142539], [85.2855754, 27.9142077], [85.2855284, 27.9142069], [85.2855275, 27.9142531]]]}}, {"type": "Feature", "properties": {"osm_id": 342277367, "status": "affected", "confidence": "medium", "flooded_fraction": 1.0, "sampled": "centroid", "pixels": 0, "mean_probability": 0.7002}, "geometry": {"type": "Polygon", "coordinates": [[[85.2854759, 27.9143776], [85.2856784, 27.9144221], [85.2856938, 27.9143677], [85.2854912, 27.9143232], [85.2854759, 27.9143776]]]}}, {"type": "Feature", "properties": {"osm_id": 341496206, "status": "affected", "confidence": "medium", "flooded_fraction": 1.0, "sampled": "centroid", "pixels": 0, "mean_probability": 0.5993}, "geometry": {"type": "Polygon", "coordinates": [[[85.2846225, 27.9105582], [85.2846501, 27.9105835], [85.2846817, 27.9105565], [85.2846541, 27.9105312], [85.2846225, 27.9105582]]]}}, {"type": "Feature", "properties": {"osm_id": 342289593, "status": "affected", "confidence": "medium", "flooded_fraction": 1.0, "sampled": "centroid", "pixels": 0, "mean_probability": 0.6318}, "geometry": {"type": "Polygon", "coordinates": [[[85.2434409, 27.8883215], [85.2433631, 27.8882019], [85.2432588, 27.888255], [85.2433366, 27.8883745], [85.2434409, 27.8883215]]]}}, {"type": "Feature", "properties": {"osm_id": 342083302, "status": "affected", "confidence": "medium", "flooded_fraction": 1.0, "sampled": "centroid", "pixels": 0, "mean_probability": 0.586}, "geometry": {"type": "Polygon", "coordinates": [[[85.2391696, 27.9039042], [85.2391613, 27.903977], [85.239281, 27.9039875], [85.2392893, 27.9039148], [85.2391696, 27.9039042]]]}}, {"type": "Feature", "properties": {"osm_id": 921771505, "status": "affected", "confidence": "medium", "flooded_fraction": 1.0, "sampled": "centroid", "pixels": 0, "mean_probability": 0.625}, "geometry": {"type": "Polygon", "coordinates": [[[85.2220651, 27.9057986], [85.2220659, 27.9058494], [85.2221611, 27.9058482], [85.2221603, 27.9057974], [85.2220651, 27.9057986]]]}}, {"type": "Feature", "properties": {"osm_id": 342392749, "status": "affected", "confidence": "medium", "flooded_fraction": 1.0, "sampled": "centroid", "pixels": 0, "mean_probability": 0.7814}, "geometry": {"type": "Polygon", "coordinates": [[[85.2211882, 27.896326], [85.2211613, 27.8962522], [85.2210141, 27.896294], [85.221041, 27.8963678], [85.2211882, 27.896326]]]}}, {"type": "Feature", "properties": {"osm_id": 342392758, "status": "affected", "confidence": "high", "flooded_fraction": 1.0, "sampled": "footprint", "pixels": 1, "mean_probability": 0.7814}, "geometry": {"type": "Polygon", "coordinates": [[[85.2240162, 27.8951808], [85.2239286, 27.8951465], [85.223895, 27.8952135], [85.2239827, 27.8952478], [85.2240162, 27.8951808]]]}}, {"type": "Feature", "properties": {"osm_id": 890499901, "status": "affected", "confidence": "medium", "flooded_fraction": 1.0, "sampled": "centroid", "pixels": 0, "mean_probability": 0.5238}, "geometry": {"type": "Polygon", "coordinates": [[[85.2275623, 27.8983365], [85.2276025, 27.8983385], [85.2276065, 27.8982751], [85.2275663, 27.8982731], [85.2275623, 27.8983365]]]}}, {"type": "Feature", "properties": {"osm_id": 342548562, "status": "affected", "confidence": "medium", "flooded_fraction": 1.0, "sampled": "centroid", "pixels": 0, "mean_probability": 0.8498}, "geometry": {"type": "Polygon", "coordinates": [[[85.2073067, 27.8992597], [85.2073582, 27.8992569], [85.2073518, 27.8991637], [85.2073003, 27.8991665], [85.2073067, 27.8992597]]]}}, {"type": "Feature", "properties": {"osm_id": 342548577, "status": "affected", "confidence": "medium", "flooded_fraction": 1.0, "sampled": "centroid", "pixels": 0, "mean_probability": 0.5834}, "geometry": {"type": "Polygon", "coordinates": [[[85.2075547, 27.8991072], [85.2075547, 27.8991623], [85.2077208, 27.8991665], [85.2077214, 27.8991143], [85.2075547, 27.8991072]]]}}, {"type": "Feature", "properties": {"osm_id": 342505512, "status": "affected", "confidence": "high", "flooded_fraction": 1.0, "sampled": "footprint", "pixels": 1, "mean_probability": 0.5834}, "geometry": {"type": "Polygon", "coordinates": [[[85.2031437, 27.9007192], [85.2032982, 27.9007415], [85.2033158, 27.900646], [85.2031613, 27.9006237], [85.2031437, 27.9007192]]]}}, {"type": "Feature", "properties": {"osm_id": 890788015, "status": "affected", "confidence": "medium", "flooded_fraction": 1.0, "sampled": "centroid", "pixels": 0, "mean_probability": 0.5187}, "geometry": {"type": "Polygon", "coordinates": [[[85.29654, 27.9195123], [85.2966506, 27.9195352], [85.2966653, 27.9194795], [85.2965547, 27.9194566], [85.29654, 27.9195123]]]}}, {"type": "Feature", "properties": {"osm_id": 859950239, "status": "affected", "confidence": "medium", "flooded_fraction": 1.0, "sampled": "centroid", "pixels": 0, "mean_probability": 0.6323}, "geometry": {"type": "Polygon", "coordinates": [[[85.1596832, 27.9564114], [85.1596926, 27.956464], [85.1597236, 27.9564597], [85.1597192, 27.9564348], [85.1597639, 27.9564285], [85.1597589, 27.9564008], [85.1596832, 27.9564114]]]}}, {"type": "Feature", "properties": {"osm_id": 890559112, "status": "affected", "confidence": "medium", "flooded_fraction": 1.0, "sampled": "centroid", "pixels": 0, "mean_probability": 0.5448}, "geometry": {"type": "Polygon", "coordinates": [[[85.2487987, 27.8854412], [85.2488355, 27.8854149], [85.2487981, 27.885374], [85.2487613, 27.8854004], [85.2487987, 27.8854412]]]}}, {"type": "Feature", "properties": {"osm_id": 341694790, "status": "affected", "confidence": "medium", "flooded_fraction": 1.0, "sampled": "centroid", "pixels": 0, "mean_probability": 0.5952}, "geometry": {"type": "Polygon", "coordinates": [[[85.2536752, 27.8816719], [85.2535654, 27.8815715], [85.2536998, 27.8814566], [85.2538096, 27.881557], [85.2536752, 27.8816719]]]}}, {"type": "Feature", "properties": {"osm_id": 891116967, "status": "affected", "confidence": "high", "flooded_fraction": 1.0, "sampled": "footprint", "pixels": 1, "mean_probability": 0.5952}, "geometry": {"type": "Polygon", "coordinates": [[[85.2575219, 27.8811753], [85.2574636, 27.8812204], [85.2574964, 27.8812535], [85.2575547, 27.8812084], [85.2575219, 27.8811753]]]}}, {"type": "Feature", "properties": {"osm_id": 891117001, "status": "affected", "confidence": "medium", "flooded_fraction": 1.0, "sampled": "centroid", "pixels": 0, "mean_probability": 0.5225}, "geometry": {"type": "Polygon", "coordinates": [[[85.2584271, 27.8796994], [85.2584821, 27.8797397], [85.2585059, 27.8797144], [85.2584509, 27.879674], [85.2584271, 27.8796994]]]}}, {"type": "Feature", "properties": {"osm_id": 342442108, "status": "affected", "confidence": "medium", "flooded_fraction": 1.0, "sampled": "centroid", "pixels": 0, "mean_probability": 0.5368}, "geometry": {"type": "Polygon", "coordinates": [[[85.286196, 27.9098292], [85.2861349, 27.9097865], [85.2860393, 27.9098934], [85.2861005, 27.9099361], [85.286196, 27.9098292]]]}}, {"type": "Feature", "properties": {"osm_id": 342083445, "status": "affected", "confidence": "medium", "flooded_fraction": 1.0, "sampled": "centroid", "pixels": 0, "mean_probability": 0.6953}, "geometry": {"type": "Polygon", "coordinates": [[[85.2525369, 27.9159903], [85.2524315, 27.9158708], [85.2523011, 27.9159605], [85.2524065, 27.9160801], [85.2525369, 27.9159903]]]}}, {"type": "Feature", "properties": {"osm_id": 891123435, "status": "affected", "confidence": "high", "flooded_fraction": 1.0, "sampled": "footprint", "pixels": 1, "mean_probability": 0.6953}, "geometry": {"type": "Polygon", "coordinates": [[[85.2650508, 27.9163999], [85.2651135, 27.916397], [85.2651094, 27.9163277], [85.2650468, 27.9163305], [85.2650508, 27.9163999]]]}}, {"type": "Feature", "properties": {"osm_id": 341636500, "status": "affected", "confidence": "medium", "flooded_fraction": 1.0, "sampled": "centroid", "pixels": 0, "mean_probability": 0.5023}, "geometry": {"type": "Polygon", "coordinates": [[[85.2115389, 27.9086077], [85.2115164, 27.9085412], [85.211601, 27.9085188], [85.2116236, 27.9085853], [85.2115389, 27.9086077]]]}}, {"type": "Feature", "properties": {"osm_id": 342169066, "status": "affected", "confidence": "medium", "flooded_fraction": 1.0, "sampled": "centroid", "pixels": 0, "mean_probability": 0.6332}, "geometry": {"type": "Polygon", "coordinates": [[[85.2323257, 27.8984557], [85.2323795, 27.8984864], [85.2324234, 27.8984263], [85.2323696, 27.8983956], [85.2323257, 27.8984557]]]}}, {"type": "Feature", "properties": {"osm_id": 889075153, "status": "affected", "confidence": "medium", "flooded_fraction": 1.0, "sampled": "centroid", "pixels": 0, "mean_probability": 0.606}, "geometry": {"type": "Polygon", "coordinates": [[[85.231958, 27.8982589], [85.231909, 27.8981928], [85.2319965, 27.8981422], [85.2320455, 27.8982083], [85.231958, 27.8982589]]]}}, {"type": "Feature", "properties": {"osm_id": 342083291, "status": "affected", "confidence": "medium", "flooded_fraction": 1.0, "sampled": "centroid", "pixels": 0, "mean_probability": 0.8719}, "geometry": {"type": "Polygon", "coordinates": [[[85.2320957, 27.8980017], [85.2321756, 27.8981025], [85.2322354, 27.8980655], [85.2321556, 27.8979647], [85.2320957, 27.8980017]]]}}, {"type": "Feature", "properties": {"osm_id": 890499942, "status": "affected", "confidence": "medium", "flooded_fraction": 1.0, "sampled": "centroid", "pixels": 0, "mean_probability": 0.8945}, "geometry": {"type": "Polygon", "coordinates": [[[85.2265377, 27.8974689], [85.2265638, 27.8975146], [85.2266059, 27.8974958], [85.2265797, 27.8974501], [85.2265377, 27.8974689]]]}}, {"type": "Feature", "properties": {"osm_id": 342548583, "status": "affected", "confidence": "medium", "flooded_fraction": 1.0, "sampled": "centroid", "pixels": 0, "mean_probability": 0.5401}, "geometry": {"type": "Polygon", "coordinates": [[[85.2064623, 27.899913], [85.2065137, 27.8999103], [85.2065107, 27.8997399], [85.2064587, 27.8997443], [85.2064623, 27.899913]]]}}, {"type": "Feature", "properties": {"osm_id": 342548642, "status": "affected", "confidence": "medium", "flooded_fraction": 1.0, "sampled": "centroid", "pixels": 0, "mean_probability": 0.6399}, "geometry": {"type": "Polygon", "coordinates": [[[85.2072646, 27.8996744], [85.2072485, 27.899755], [85.2073583, 27.8997721], [85.2073744, 27.8996916], [85.2072646, 27.8996744]]]}}, {"type": "Feature", "properties": {"osm_id": 342149429, "status": "affected", "confidence": "high", "flooded_fraction": 1.0, "sampled": "footprint", "pixels": 1, "mean_probability": 0.6399}, "geometry": {"type": "Polygon", "coordinates": [[[85.2131373, 27.9018682], [85.2132171, 27.9018708], [85.2132202, 27.9017964], [85.2131404, 27.9017938], [85.2131373, 27.9018682]]]}}, {"type": "Feature", "properties": {"osm_id": 342149389, "status": "affected", "confidence": "high", "flooded_fraction": 1.0, "sampled": "footprint", "pixels": 1, "mean_probability": 0.5851}, "geometry": {"type": "Polygon", "coordinates": [[[85.2119654, 27.9013887], [85.2120214, 27.9013895], [85.2120221, 27.9013497], [85.2119661, 27.9013489], [85.2119654, 27.9013887]]]}}, {"type": "Feature", "properties": {"osm_id": 890512626, "status": "affected", "confidence": "medium", "flooded_fraction": 1.0, "sampled": "centroid", "pixels": 0, "mean_probability": 0.6076}, "geometry": {"type": "Polygon", "coordinates": [[[85.2108273, 27.9020884], [85.2108441, 27.9021198], [85.2109278, 27.9020849], [85.210911, 27.9020535], [85.2108273, 27.9020884]]]}}, {"type": "Feature", "properties": {"osm_id": 342228428, "status": "affected", "confidence": "medium", "flooded_fraction": 1.0, "sampled": "centroid", "pixels": 0, "mean_probability": 0.5857}, "geometry": {"type": "Polygon", "coordinates": [[[85.1978668, 27.9036281], [85.1979188, 27.903609], [85.1978451, 27.9034526], [85.1977931, 27.9034718], [85.1978668, 27.9036281]]]}}, {"type": "Feature", "properties": {"osm_id": 848313667, "status": "affected", "confidence": "medium", "flooded_fraction": 1.0, "sampled": "centroid", "pixels": 0, "mean_probability": 0.7696}, "geometry": {"type": "Polygon", "coordinates": [[[85.184779, 27.9963908], [85.1848662, 27.9966052], [85.1849452, 27.9965801], [85.184858, 27.9963658], [85.184779, 27.9963908]]]}}, {"type": "Feature", "properties": {"osm_id": 847027827, "status": "affected", "confidence": "high", "flooded_fraction": 1.0, "sampled": "footprint", "pixels": 1, "mean_probability": 0.7696}, "geometry": {"type": "Polygon", "coordinates": [[[85.1828418, 27.9922852], [85.18288, 27.9923184], [85.1829222, 27.9922805], [85.182884, 27.9922474], [85.1828418, 27.9922852]]]}}, {"type": "Feature", "properties": {"osm_id": 859950237, "status": "affected", "confidence": "medium", "flooded_fraction": 1.0, "sampled": "centroid", "pixels": 0, "mean_probability": 0.6498}, "geometry": {"type": "Polygon", "coordinates": [[[85.1599257, 27.9566341], [85.1599589, 27.9566259], [85.1599421, 27.9565726], [85.1599089, 27.9565807], [85.1599257, 27.9566341]]]}}, {"type": "Feature", "properties": {"osm_id": 890977344, "status": "affected", "confidence": "medium", "flooded_fraction": 1.0, "sampled": "centroid", "pixels": 0, "mean_probability": 0.5373}, "geometry": {"type": "Polygon", "coordinates": [[[85.1509792, 27.9292953], [85.1510182, 27.9292924], [85.1510145, 27.9292547], [85.1509755, 27.9292577], [85.1509792, 27.9292953]]]}}, {"type": "Feature", "properties": {"osm_id": 847027728, "status": "affected", "confidence": "medium", "flooded_fraction": 1.0, "sampled": "centroid", "pixels": 0, "mean_probability": 0.9954}, "geometry": {"type": "Polygon", "coordinates": [[[85.1839757, 27.9940533], [85.1840331, 27.9940388], [85.184017, 27.993989], [85.1839596, 27.9940035], [85.1839757, 27.9940533]]]}}, {"type": "Feature", "properties": {"osm_id": 847027796, "status": "affected", "confidence": "medium", "flooded_fraction": 1.0, "sampled": "centroid", "pixels": 0, "mean_probability": 0.9951}, "geometry": {"type": "Polygon", "coordinates": [[[85.1831737, 27.9931272], [85.1832572, 27.9931122], [85.1832398, 27.9930365], [85.1831563, 27.9930514], [85.1831737, 27.9931272]]]}}, {"type": "Feature", "properties": {"osm_id": 847027811, "status": "affected", "confidence": "medium", "flooded_fraction": 1.0, "sampled": "centroid", "pixels": 0, "mean_probability": 0.8945}, "geometry": {"type": "Polygon", "coordinates": [[[85.1829377, 27.9930325], [85.1829909, 27.9930262], [85.1829735, 27.9929113], [85.1829202, 27.9929176], [85.1829377, 27.9930325]]]}}, {"type": "Feature", "properties": {"osm_id": 847027794, "status": "affected", "confidence": "medium", "flooded_fraction": 1.0, "sampled": "centroid", "pixels": 0, "mean_probability": 0.9951}, "geometry": {"type": "Polygon", "coordinates": [[[85.183173, 27.9932072], [85.1832488, 27.9931965], [85.1832403, 27.9931495], [85.1831646, 27.9931602], [85.183173, 27.9932072]]]}}, {"type": "Feature", "properties": {"osm_id": 847027759, "status": "affected", "confidence": "medium", "flooded_fraction": 1.0, "sampled": "centroid", "pixels": 0, "mean_probability": 0.9317}, "geometry": {"type": "Polygon", "coordinates": [[[85.1833682, 27.9920277], [85.183401, 27.9921112], [85.1834701, 27.99209], [85.1834373, 27.9920065], [85.1833682, 27.9920277]]]}}, {"type": "Feature", "properties": {"osm_id": 846895901, "status": "affected", "confidence": "medium", "flooded_fraction": 1.0, "sampled": "centroid", "pixels": 0, "mean_probability": 0.9977}, "geometry": {"type": "Polygon", "coordinates": [[[85.1874465, 27.9738858], [85.1875112, 27.973913], [85.1875514, 27.9738384], [85.1874867, 27.9738112], [85.1874465, 27.9738858]]]}}, {"type": "Feature", "properties": {"osm_id": 341449357, "status": "affected", "confidence": "medium", "flooded_fraction": 1.0, "sampled": "centroid", "pixels": 0, "mean_probability": 0.6232}, "geometry": {"type": "Polygon", "coordinates": [[[85.3303748, 27.8635896], [85.330417, 27.8636222], [85.3304367, 27.8636022], [85.3303945, 27.8635696], [85.3303748, 27.8635896]]]}}, {"type": "Feature", "properties": {"osm_id": 922502753, "status": "affected", "confidence": "medium", "flooded_fraction": 1.0, "sampled": "centroid", "pixels": 0, "mean_probability": 0.5173}, "geometry": {"type": "Polygon", "coordinates": [[[85.2695366, 27.8735098], [85.2695004, 27.8733974], [85.2694489, 27.8734104], [85.2694907, 27.8735402], [85.2695366, 27.8735098]]]}}, {"type": "Feature", "properties": {"osm_id": 342369579, "status": "affected", "confidence": "medium", "flooded_fraction": 1.0, "sampled": "centroid", "pixels": 0, "mean_probability": 0.6526}, "geometry": {"type": "Polygon", "coordinates": [[[85.2688549, 27.8734078], [85.2688331, 27.873368], [85.2688927, 27.8733424], [85.2689146, 27.8733823], [85.2688549, 27.8734078]]]}}, {"type": "Feature", "properties": {"osm_id": 922502787, "status": "affected", "confidence": "medium", "flooded_fraction": 1.0, "sampled": "centroid", "pixels": 0, "mean_probability": 0.5236}, "geometry": {"type": "Polygon", "coordinates": [[[85.2727634, 27.8685002], [85.2727245, 27.8684383], [85.2728934, 27.8683555], [85.2729322, 27.8684174], [85.2727634, 27.8685002]]]}}, {"type": "Feature", "properties": {"osm_id": 343952135, "status": "affected", "confidence": "high", "flooded_fraction": 1.0, "sampled": "footprint", "pixels": 1, "mean_probability": 0.5236}, "geometry": {"type": "Polygon", "coordinates": [[[85.2682656, 27.8684082], [85.2683584, 27.8683821], [85.2683365, 27.8683214], [85.2682438, 27.8683474], [85.2682656, 27.8684082]]]}}, {"type": "Feature", "properties": {"osm_id": 342225656, "status": "affected", "confidence": "medium", "flooded_fraction": 1.0, "sampled": "centroid", "pixels": 0, "mean_probability": 0.7274}, "geometry": {"type": "Polygon", "coordinates": [[[85.274746, 27.8683536], [85.2746846, 27.8682752], [85.274584, 27.8683367], [85.2746453, 27.8684151], [85.274746, 27.8683536]]]}}, {"type": "Feature", "properties": {"osm_id": 341796170, "status": "affected", "confidence": "medium", "flooded_fraction": 1.0, "sampled": "centroid", "pixels": 0, "mean_probability": 0.5351}, "geometry": {"type": "Polygon", "coordinates": [[[85.2906527, 27.8597183], [85.2907241, 27.859703], [85.2907094, 27.8596491], [85.2906379, 27.8596644], [85.2906527, 27.8597183]]]}}, {"type": "Feature", "properties": {"osm_id": 341626894, "status": "affected", "confidence": "medium", "flooded_fraction": 1.0, "sampled": "centroid", "pixels": 0, "mean_probability": 0.9392}, "geometry": {"type": "Polygon", "coordinates": [[[85.3051585, 27.8628466], [85.3052357, 27.8628813], [85.3052594, 27.86284], [85.3052351, 27.8628292], [85.3052514, 27.8628001], [85.3051977, 27.8627766], [85.3051585, 27.8628466]]]}}, {"type": "Feature", "properties": {"osm_id": 891393527, "status": "affected", "confidence": "medium", "flooded_fraction": 1.0, "sampled": "centroid", "pixels": 0, "mean_probability": 0.5819}, "geometry": {"type": "Polygon", "coordinates": [[[85.3243504, 27.8539805], [85.3244023, 27.853988], [85.3244171, 27.8539086], [85.3243652, 27.8539011], [85.3243504, 27.8539805]]]}}, {"type": "Feature", "properties": {"osm_id": 342548596, "status": "affected", "confidence": "medium", "flooded_fraction": 1.0, "sampled": "centroid", "pixels": 0, "mean_probability": 0.5931}, "geometry": {"type": "Polygon", "coordinates": [[[85.2067792, 27.8996575], [85.206843, 27.8997069], [85.2069184, 27.8996308], [85.2068545, 27.8995814], [85.2067792, 27.8996575]]]}}, {"type": "Feature", "properties": {"osm_id": 342548494, "status": "affected", "confidence": "medium", "flooded_fraction": 1.0, "sampled": "centroid", "pixels": 0, "mean_probability": 0.6471}, "geometry": {"type": "Polygon", "coordinates": [[[85.2070042, 27.8994182], [85.2071162, 27.8994201], [85.2071187, 27.8993075], [85.2070067, 27.8993056], [85.2070042, 27.8994182]]]}}, {"type": "Feature", "properties": {"osm_id": 890512628, "status": "affected", "confidence": "high", "flooded_fraction": 1.0, "sampled": "footprint", "pixels": 1, "mean_probability": 0.6471}, "geometry": {"type": "Polygon", "coordinates": [[[85.2104364, 27.9021986], [85.2104625, 27.9022407], [85.2105061, 27.9022195], [85.2104799, 27.9021774], [85.2104364, 27.9021986]]]}}, {"type": "Feature", "properties": {"osm_id": 342228431, "status": "affected", "confidence": "medium", "flooded_fraction": 1.0, "sampled": "centroid", "pixels": 0, "mean_probability": 0.588}, "geometry": {"type": "Polygon", "coordinates": [[[85.1959002, 27.9055006], [85.1959491, 27.9054857], [85.1959381, 27.9054578], [85.1958893, 27.9054727], [85.1959002, 27.9055006]]]}}, {"type": "Feature", "properties": {"osm_id": 342072809, "status": "affected", "confidence": "medium", "flooded_fraction": 1.0, "sampled": "centroid", "pixels": 0, "mean_probability": 0.574}, "geometry": {"type": "Polygon", "coordinates": [[[85.1594359, 27.8933806], [85.1595167, 27.8933701], [85.159506, 27.893306], [85.1594252, 27.8933166], [85.1594359, 27.8933806]]]}}, {"type": "Feature", "properties": {"osm_id": 341698557, "status": "affected", "confidence": "medium", "flooded_fraction": 1.0, "sampled": "centroid", "pixels": 0, "mean_probability": 0.6929}, "geometry": {"type": "Polygon", "coordinates": [[[85.1553573, 27.9383501], [85.1553951, 27.938308], [85.1554509, 27.9383472], [85.1554131, 27.9383893], [85.1553573, 27.9383501]]]}}, {"type": "Feature", "properties": {"osm_id": 886471689, "status": "affected", "confidence": "high", "flooded_fraction": 1.0, "sampled": "footprint", "pixels": 1, "mean_probability": 0.6929}, "geometry": {"type": "Polygon", "coordinates": [[[85.1728189, 27.9898778], [85.1728008, 27.9898411], [85.1728706, 27.9898038], [85.1728934, 27.9898394], [85.1728189, 27.9898778]]]}}, {"type": "Feature", "properties": {"osm_id": 886388194, "status": "affected", "confidence": "medium", "flooded_fraction": 1.0, "sampled": "centroid", "pixels": 0, "mean_probability": 0.7184}, "geometry": {"type": "Polygon", "coordinates": [[[85.1837013, 27.9695312], [85.183789, 27.9695286], [85.1837857, 27.9694441], [85.1836981, 27.9694467], [85.1837013, 27.9695312]]]}}, {"type": "Feature", "properties": {"osm_id": 892156963, "status": "affected", "confidence": "medium", "flooded_fraction": 1.0, "sampled": "centroid", "pixels": 0, "mean_probability": 0.6947}, "geometry": {"type": "Polygon", "coordinates": [[[85.1600692, 27.9463104], [85.1601151, 27.9463753], [85.1601935, 27.9463321], [85.1601476, 27.9462671], [85.1600692, 27.9463104]]]}}, {"type": "Feature", "properties": {"osm_id": 341049795, "status": "affected", "confidence": "medium", "flooded_fraction": 1.0, "sampled": "centroid", "pixels": 0, "mean_probability": 0.5313}, "geometry": {"type": "Polygon", "coordinates": [[[85.1704361, 27.9649321], [85.1704043, 27.9648981], [85.1704955, 27.9648314], [85.1705274, 27.9648654], [85.1704361, 27.9649321]]]}}, {"type": "Feature", "properties": {"osm_id": 341049864, "status": "affected", "confidence": "high", "flooded_fraction": 1.0, "sampled": "footprint", "pixels": 1, "mean_probability": 0.5313}, "geometry": {"type": "Polygon", "coordinates": [[[85.1712837, 27.9648772], [85.1713092, 27.9648357], [85.171251, 27.9648079], [85.1712255, 27.9648494], [85.1712837, 27.9648772]]]}}, {"type": "Feature", "properties": {"osm_id": 886387008, "status": "affected", "confidence": "medium", "flooded_fraction": 1.0, "sampled": "centroid", "pixels": 0, "mean_probability": 0.8416}, "geometry": {"type": "Polygon", "coordinates": [[[85.1724051, 27.9647281], [85.1724375, 27.9647445], [85.1724791, 27.9646587], [85.1724436, 27.9646424], [85.1724051, 27.9647281]]]}}, {"type": "Feature", "properties": {"osm_id": 341956139, "status": "affected", "confidence": "medium", "flooded_fraction": 1.0, "sampled": "centroid", "pixels": 0, "mean_probability": 0.9792}, "geometry": {"type": "Polygon", "coordinates": [[[85.1500469, 27.9229291], [85.1501496, 27.9228407], [85.1500828, 27.9227801], [85.15, 27.922851370886068], [85.15, 27.92288655299402], [85.1500469, 27.9229291]]]}}, {"type": "Feature", "properties": {"osm_id": 892160622, "status": "affected", "confidence": "high", "flooded_fraction": 1.0, "sampled": "footprint", "pixels": 1, "mean_probability": 0.9792}, "geometry": {"type": "Polygon", "coordinates": [[[85.1521794, 27.9227865], [85.152253, 27.9227889], [85.1522543, 27.9227575], [85.1521808, 27.9227551], [85.1521794, 27.9227865]]]}}, {"type": "Feature", "properties": {"osm_id": 341587404, "status": "affected", "confidence": "medium", "flooded_fraction": 1.0, "sampled": "centroid", "pixels": 0, "mean_probability": 0.8084}, "geometry": {"type": "Polygon", "coordinates": [[[85.1694491, 27.9640553], [85.1694305, 27.9640407], [85.1694486, 27.9640228], [85.1694672, 27.9640374], [85.1694491, 27.9640553]]]}}, {"type": "Feature", "properties": {"osm_id": 886398143, "status": "affected", "confidence": "medium", "flooded_fraction": 1.0, "sampled": "centroid", "pixels": 0, "mean_probability": 0.997}, "geometry": {"type": "Polygon", "coordinates": [[[85.1851057, 27.9709872], [85.1851242, 27.9710318], [85.185224, 27.9709996], [85.1852055, 27.970955], [85.1851057, 27.9709872]]]}}, {"type": "Feature", "properties": {"osm_id": 886466490, "status": "affected", "confidence": "medium", "flooded_fraction": 1.0, "sampled": "centroid", "pixels": 0, "mean_probability": 0.7269}, "geometry": {"type": "Polygon", "coordinates": [[[85.1850177, 27.9704521], [85.18503, 27.9705071], [85.1851079, 27.9704935], [85.1850956, 27.9704385], [85.1850177, 27.9704521]]]}}, {"type": "Feature", "properties": {"osm_id": 886466492, "status": "affected", "confidence": "high", "flooded_fraction": 1.0, "sampled": "footprint", "pixels": 1, "mean_probability": 0.7269}, "geometry": {"type": "Polygon", "coordinates": [[[85.1844262, 27.9705465], [85.1844316, 27.9705793], [85.1844545, 27.9705764], [85.1844492, 27.9705436], [85.1844262, 27.9705465]]]}}, {"type": "Feature", "properties": {"osm_id": 890977372, "status": "affected", "confidence": "medium", "flooded_fraction": 1.0, "sampled": "centroid", "pixels": 0, "mean_probability": 0.597}, "geometry": {"type": "Polygon", "coordinates": [[[85.1510569, 27.927858], [85.1511767, 27.9279052], [85.1512195, 27.9278203], [85.1510997, 27.9277732], [85.1510569, 27.927858]]]}}, {"type": "Feature", "properties": {"osm_id": 341462067, "status": "affected", "confidence": "medium", "flooded_fraction": 1.0, "sampled": "centroid", "pixels": 0, "mean_probability": 0.7357}, "geometry": {"type": "Polygon", "coordinates": [[[85.1855471, 27.9732064], [85.185627, 27.9731815], [85.1856084, 27.973135], [85.1855285, 27.9731599], [85.1855471, 27.9732064]]]}}, {"type": "Feature", "properties": {"osm_id": 341555885, "status": "affected", "confidence": "medium", "flooded_fraction": 1.0, "sampled": "centroid", "pixels": 0, "mean_probability": 0.6448}, "geometry": {"type": "Polygon", "coordinates": [[[85.1806251, 27.9791691], [85.1807577, 27.9791781], [85.1807621, 27.9791283], [85.1807338, 27.9791264], [85.1807007, 27.9791167], [85.1806375, 27.9791191], [85.1806283, 27.9791321], [85.1806251, 27.9791691]]]}}, {"type": "Feature", "properties": {"osm_id": 886277353, "status": "affected", "confidence": "medium", "flooded_fraction": 1.0, "sampled": "centroid", "pixels": 0, "mean_probability": 0.6352}, "geometry": {"type": "Polygon", "coordinates": [[[85.1701629, 27.959472], [85.1701536, 27.9594416], [85.1702111, 27.9594279], [85.1702204, 27.9594583], [85.1701629, 27.959472]]]}}, {"type": "Feature", "properties": {"osm_id": 891414471, "status": "affected", "confidence": "medium", "flooded_fraction": 1.0, "sampled": "centroid", "pixels": 0, "mean_probability": 0.5451}, "geometry": {"type": "Polygon", "coordinates": [[[85.2365081, 27.8725746], [85.2365108, 27.8726339], [85.2365983, 27.8726308], [85.2365956, 27.8725715], [85.2365081, 27.8725746]]]}}, {"type": "Feature", "properties": {"osm_id": 342083251, "status": "affected", "confidence": "medium", "flooded_fraction": 1.0, "sampled": "centroid", "pixels": 0, "mean_probability": 0.5557}, "geometry": {"type": "Polygon", "coordinates": [[[85.2431613, 27.9046287], [85.243275, 27.9046287], [85.243275, 27.9045335], [85.2431613, 27.9045335], [85.2431613, 27.9046287]]]}}, {"type": "Feature", "properties": {"osm_id": 889087508, "status": "affected", "confidence": "medium", "flooded_fraction": 1.0, "sampled": "centroid", "pixels": 0, "mean_probability": 0.5618}, "geometry": {"type": "Polygon", "coordinates": [[[85.243908, 27.9043545], [85.2439159, 27.9042987], [85.243965, 27.9043124], [85.2439606, 27.9043624], [85.243908, 27.9043545]]]}}, {"type": "Feature", "properties": {"osm_id": 889083805, "status": "affected", "confidence": "medium", "flooded_fraction": 1.0, "sampled": "centroid", "pixels": 0, "mean_probability": 0.624}, "geometry": {"type": "Polygon", "coordinates": [[[85.2373655, 27.9033489], [85.2373706, 27.9033039], [85.2374732, 27.9033131], [85.2374824, 27.9033594], [85.2373655, 27.9033489]]]}}, {"type": "Feature", "properties": {"osm_id": 342149416, "status": "affected", "confidence": "medium", "flooded_fraction": 1.0, "sampled": "centroid", "pixels": 0, "mean_probability": 0.5885}, "geometry": {"type": "Polygon", "coordinates": [[[85.2213505, 27.9053724], [85.2214265, 27.9053608], [85.2214149, 27.9053012], [85.2213389, 27.9053127], [85.2213505, 27.9053724]]]}}, {"type": "Feature", "properties": {"osm_id": 342149404, "status": "affected", "confidence": "medium", "flooded_fraction": 1.0, "sampled": "centroid", "pixels": 0, "mean_probability": 0.6671}, "geometry": {"type": "Polygon", "coordinates": [[[85.2221765, 27.9054525], [85.2222515, 27.9054525], [85.2222515, 27.9053945], [85.2221765, 27.9053945], [85.2221765, 27.9054525]]]}}, {"type": "Feature", "properties": {"osm_id": 890499828, "status": "affected", "confidence": "medium", "flooded_fraction": 1.0, "sampled": "centroid", "pixels": 0, "mean_probability": 0.6044}, "geometry": {"type": "Polygon", "coordinates": [[[85.231143, 27.9021298], [85.2311828, 27.9021508], [85.2312183, 27.902098], [85.2311786, 27.9020771], [85.231143, 27.9021298]]]}}, {"type": "Feature", "properties": {"osm_id": 890499877, "status": "affected", "confidence": "medium", "flooded_fraction": 1.0, "sampled": "centroid", "pixels": 0, "mean_probability": 0.5997}, "geometry": {"type": "Polygon", "coordinates": [[[85.2307085, 27.8989606], [85.2307814, 27.8990042], [85.2308096, 27.8989675], [85.2307367, 27.8989238], [85.2307085, 27.8989606]]]}}, {"type": "Feature", "properties": {"osm_id": 890499943, "status": "affected", "confidence": "medium", "flooded_fraction": 1.0, "sampled": "centroid", "pixels": 0, "mean_probability": 0.7551}, "geometry": {"type": "Polygon", "coordinates": [[[85.2261561, 27.8978992], [85.2261588, 27.8978032], [85.2262513, 27.8978091], [85.2262527, 27.8978992], [85.2261561, 27.8978992]]]}}, {"type": "Feature", "properties": {"osm_id": 342368627, "status": "affected", "confidence": "high", "flooded_fraction": 1.0, "sampled": "footprint", "pixels": 1, "mean_probability": 0.7551}, "geometry": {"type": "Polygon", "coordinates": [[[85.224927, 27.8855564], [85.224979, 27.88551], [85.225024, 27.8855495], [85.224972, 27.8855958], [85.224927, 27.8855564]]]}}, {"type": "Feature", "properties": {"osm_id": 342289592, "status": "affected", "confidence": "medium", "flooded_fraction": 1.0, "sampled": "centroid", "pixels": 0, "mean_probability": 0.5849}, "geometry": {"type": "Polygon", "coordinates": [[[85.2432211, 27.8881242], [85.2433936, 27.8880308], [85.2433595, 27.8879817], [85.243187, 27.8880751], [85.2432211, 27.8881242]]]}}, {"type": "Feature", "properties": {"osm_id": 886391893, "status": "affected", "confidence": "medium", "flooded_fraction": 1.0, "sampled": "centroid", "pixels": 0, "mean_probability": 0.9958}, "geometry": {"type": "Polygon", "coordinates": [[[85.1796354, 27.9683745], [85.1796703, 27.9684338], [85.1797246, 27.968409], [85.1796897, 27.9683496], [85.1796354, 27.9683745]]]}}, {"type": "Feature", "properties": {"osm_id": 886277361, "status": "affected", "confidence": "medium", "flooded_fraction": 1.0, "sampled": "centroid", "pixels": 0, "mean_probability": 0.8944}, "geometry": {"type": "Polygon", "coordinates": [[[85.1696781, 27.9607821], [85.1696874, 27.9608234], [85.1697552, 27.9608131], [85.1697505, 27.9607801], [85.1696781, 27.9607821]]]}}, {"type": "Feature", "properties": {"osm_id": 341697715, "status": "affected", "confidence": "medium", "flooded_fraction": 1.0, "sampled": "centroid", "pixels": 0, "mean_probability": 0.6603}, "geometry": {"type": "Polygon", "coordinates": [[[85.1601446, 27.9460381], [85.1601865, 27.9459993], [85.1602123, 27.946021], [85.1601703, 27.9460598], [85.1601446, 27.9460381]]]}}, {"type": "Feature", "properties": {"osm_id": 886277358, "status": "affected", "confidence": "medium", "flooded_fraction": 1.0, "sampled": "centroid", "pixels": 0, "mean_probability": 0.7207}, "geometry": {"type": "Polygon", "coordinates": [[[85.1703987, 27.9599526], [85.1704572, 27.9600187], [85.1705353, 27.9599649], [85.1704769, 27.9598987], [85.1703987, 27.9599526]]]}}, {"type": "Feature", "properties": {"osm_id": 341654600, "status": "affected", "confidence": "medium", "flooded_fraction": 1.0, "sampled": "centroid", "pixels": 0, "mean_probability": 0.9802}, "geometry": {"type": "Polygon", "coordinates": [[[85.1502068, 27.9233517], [85.1501976, 27.9232646], [85.15, 27.923280885009735], [85.15, 27.92336874321869], [85.1502068, 27.9233517]]]}}, {"type": "Feature", "properties": {"osm_id": 888538434, "status": "affected", "confidence": "medium", "flooded_fraction": 1.0, "sampled": "centroid", "pixels": 0, "mean_probability": 0.8616}, "geometry": {"type": "Polygon", "coordinates": [[[85.150516, 27.9225185], [85.1504813, 27.9224698], [85.1505117, 27.9224529], [85.1505341, 27.9224845], [85.1505651, 27.9224674], [85.1505677, 27.9224899], [85.150516, 27.9225185]]]}}, {"type": "Feature", "properties": {"osm_id": 892160571, "status": "affected", "confidence": "high", "flooded_fraction": 1.0, "sampled": "footprint", "pixels": 1, "mean_probability": 0.8616}, "geometry": {"type": "Polygon", "coordinates": [[[85.1608182, 27.9273681], [85.1608516, 27.9274092], [85.1608862, 27.9273872], [85.1608527, 27.9273461], [85.1608182, 27.9273681]]]}}, {"type": "Feature", "properties": {"osm_id": 340932539, "status": "affected", "confidence": "medium", "flooded_fraction": 1.0, "sampled": "centroid", "pixels": 0, "mean_probability": 0.9987}, "geometry": {"type": "Polygon", "coordinates": [[[85.1671105, 27.9584213], [85.1671487, 27.9583985], [85.1671128, 27.9583516], [85.1670746, 27.9583743], [85.1671105, 27.9584213]]]}}, {"type": "Feature", "properties": {"osm_id": 341587465, "status": "affected", "confidence": "medium", "flooded_fraction": 1.0, "sampled": "centroid", "pixels": 0, "mean_probability": 0.9031}, "geometry": {"type": "Polygon", "coordinates": [[[85.1718777, 27.9618973], [85.1718433, 27.961865], [85.1718723, 27.9618409], [85.1718903, 27.9618578], [85.1719075, 27.9618435], [85.1719239, 27.9618589], [85.1718777, 27.9618973]]]}}, {"type": "Feature", "properties": {"osm_id": 341622667, "status": "affected", "confidence": "high", "flooded_fraction": 1.0, "sampled": "footprint", "pixels": 1, "mean_probability": 0.9031}, "geometry": {"type": "Polygon", "coordinates": [[[85.176837, 27.9693666], [85.1769054, 27.9693344], [85.1768629, 27.9692639], [85.1767945, 27.9692961], [85.176837, 27.9693666]]]}}, {"type": "Feature", "properties": {"osm_id": 346560102, "status": "affected", "confidence": "medium", "flooded_fraction": 1.0, "sampled": "centroid", "pixels": 0, "mean_probability": 0.9555}, "geometry": {"type": "Polygon", "coordinates": [[[85.1806328, 27.9691716], [85.1806732, 27.9691179], [85.1807424, 27.9691585], [85.180702, 27.9692122], [85.1806328, 27.9691716]]]}}, {"type": "Feature", "properties": {"osm_id": 886361378, "status": "affected", "confidence": "medium", "flooded_fraction": 1.0, "sampled": "centroid", "pixels": 0, "mean_probability": 0.972}, "geometry": {"type": "Polygon", "coordinates": [[[85.1788756, 27.967187], [85.1789091, 27.967199], [85.1789356, 27.9671416], [85.1789021, 27.9671295], [85.1788756, 27.967187]]]}}, {"type": "Feature", "properties": {"osm_id": 886361483, "status": "affected", "confidence": "medium", "flooded_fraction": 1.0, "sampled": "centroid", "pixels": 0, "mean_probability": 0.9469}, "geometry": {"type": "Polygon", "coordinates": [[[85.1791987, 27.9674536], [85.1792646, 27.9674922], [85.1793142, 27.967426], [85.1792483, 27.9673874], [85.1791987, 27.9674536]]]}}, {"type": "Feature", "properties": {"osm_id": 886398150, "status": "affected", "confidence": "medium", "flooded_fraction": 1.0, "sampled": "centroid", "pixels": 0, "mean_probability": 0.9971}, "geometry": {"type": "Polygon", "coordinates": [[[85.1853707, 27.9715051], [85.1853954, 27.9715659], [85.1854367, 27.9715528], [85.185412, 27.971492], [85.1853707, 27.9715051]]]}}, {"type": "Feature", "properties": {"osm_id": 886471633, "status": "affected", "confidence": "medium", "flooded_fraction": 1.0, "sampled": "centroid", "pixels": 0, "mean_probability": 0.8214}, "geometry": {"type": "Polygon", "coordinates": [[[85.1806103, 27.9789141], [85.1805663, 27.9789138], [85.1805689, 27.9788749], [85.180608, 27.9788759], [85.1806103, 27.9789141]]]}}, {"type": "Feature", "properties": {"osm_id": 341049691, "status": "affected", "confidence": "medium", "flooded_fraction": 1.0, "sampled": "centroid", "pixels": 0, "mean_probability": 0.8725}, "geometry": {"type": "Polygon", "coordinates": [[[85.1791934, 27.9800718], [85.1792068, 27.9800268], [85.1793047, 27.9800494], [85.1792913, 27.9800944], [85.1791934, 27.9800718]]]}}, {"type": "Feature", "properties": {"osm_id": 341622968, "status": "affected", "confidence": "medium", "flooded_fraction": 1.0, "sampled": "centroid", "pixels": 0, "mean_probability": 0.9443}, "geometry": {"type": "Polygon", "coordinates": [[[85.1799738, 27.9800565], [85.1800852, 27.9800586], [85.1800865, 27.980003], [85.1799751, 27.980001], [85.1799738, 27.9800565]]]}}, {"type": "Feature", "properties": {"osm_id": 845558309, "status": "affected", "confidence": "high", "flooded_fraction": 1.0, "sampled": "footprint", "pixels": 1, "mean_probability": 0.9443}, "geometry": {"type": "Polygon", "coordinates": [[[85.1827298, 27.9772348], [85.1827484, 27.977168], [85.1828149, 27.9771825], [85.1827963, 27.9772492], [85.1827298, 27.9772348]]]}}, {"type": "Feature", "properties": {"osm_id": 846895825, "status": "affected", "confidence": "medium", "flooded_fraction": 1.0, "sampled": "centroid", "pixels": 0, "mean_probability": 0.881}, "geometry": {"type": "Polygon", "coordinates": [[[85.1823878, 27.9890405], [85.1824361, 27.9890405], [85.1824361, 27.9889966], [85.1823878, 27.9889966], [85.1823878, 27.9890405]]]}}, {"type": "Feature", "properties": {"osm_id": 886471623, "status": "affected", "confidence": "medium", "flooded_fraction": 1.0, "sampled": "centroid", "pixels": 0, "mean_probability": 0.9098}, "geometry": {"type": "Polygon", "coordinates": [[[85.1802217, 27.9796359], [85.180147, 27.9796331], [85.1801504, 27.9795613], [85.1802252, 27.9795641], [85.1802217, 27.9796359]]]}}, {"type": "Feature", "properties": {"osm_id": 342369647, "status": "affected", "confidence": "medium", "flooded_fraction": 1.0, "sampled": "centroid", "pixels": 0, "mean_probability": 0.78}, "geometry": {"type": "Polygon", "coordinates": [[[85.2752281, 27.8681343], [85.2752336, 27.8680509], [85.2753391, 27.8680563], [85.2753336, 27.8681397], [85.2752281, 27.8681343]]]}}, {"type": "Feature", "properties": {"osm_id": 891551030, "status": "affected", "confidence": "medium", "flooded_fraction": 1.0, "sampled": "centroid", "pixels": 0, "mean_probability": 0.8325}, "geometry": {"type": "Polygon", "coordinates": [[[85.2992128, 27.8608777], [85.2993449, 27.8608717], [85.2993417, 27.8608166], [85.2992096, 27.8608225], [85.2992128, 27.8608777]]]}}, {"type": "Feature", "properties": {"osm_id": 430920657, "status": "affected", "confidence": "high", "flooded_fraction": 1.0, "sampled": "footprint", "pixels": 1, "mean_probability": 0.8325}, "geometry": {"type": "Polygon", "coordinates": [[[85.2999822, 27.8601658], [85.2999493, 27.8602307], [85.2999813, 27.8602434], [85.3000143, 27.8601785], [85.2999822, 27.8601658]]]}}, {"type": "Feature", "properties": {"osm_id": 341636863, "status": "affected", "confidence": "medium", "flooded_fraction": 1.0, "sampled": "centroid", "pixels": 0, "mean_probability": 0.5244}, "geometry": {"type": "Polygon", "coordinates": [[[85.3114742, 27.8605589], [85.3113736, 27.8606175], [85.3113965, 27.8606482], [85.3114972, 27.8605896], [85.3114742, 27.8605589]]]}}, {"type": "Feature", "properties": {"osm_id": 342068806, "status": "affected", "confidence": "medium", "flooded_fraction": 1.0, "sampled": "centroid", "pixels": 0, "mean_probability": 0.7626}, "geometry": {"type": "Polygon", "coordinates": [[[85.1832368, 28.0092973], [85.1833014, 28.0093], [85.1833044, 28.0092439], [85.1832398, 28.0092413], [85.1832368, 28.0092973]]]}}, {"type": "Feature", "properties": {"osm_id": 891929268, "status": "affected", "confidence": "medium", "flooded_fraction": 1.0, "sampled": "centroid", "pixels": 0, "mean_probability": 0.891}, "geometry": {"type": "Polygon", "coordinates": [[[85.1555067, 27.9383731], [85.1555456, 27.9384045], [85.1555733, 27.9383777], [85.1555345, 27.9383463], [85.1555067, 27.9383731]]]}}, {"type": "Feature", "properties": {"osm_id": 1041466916, "status": "affected", "confidence": "medium", "flooded_fraction": 1.0, "sampled": "centroid", "pixels": 0, "mean_probability": 0.5462}, "geometry": {"type": "Polygon", "coordinates": [[[85.3404973, 27.9215185], [85.3405344, 27.9215448], [85.3406022, 27.9214702], [85.3405651, 27.9214439], [85.3404973, 27.9215185]]]}}, {"type": "Feature", "properties": {"osm_id": 346560104, "status": "affected", "confidence": "medium", "flooded_fraction": 1.0, "sampled": "centroid", "pixels": 0, "mean_probability": 0.9484}, "geometry": {"type": "Polygon", "coordinates": [[[85.1841763, 27.9698287], [85.1843037, 27.9697908], [85.1842763, 27.9697189], [85.1841489, 27.9697568], [85.1841763, 27.9698287]]]}}, {"type": "Feature", "properties": {"osm_id": 886388187, "status": "affected", "confidence": "high", "flooded_fraction": 1.0, "sampled": "footprint", "pixels": 1, "mean_probability": 0.9484}, "geometry": {"type": "Polygon", "coordinates": [[[85.1837324, 27.969769], [85.183801, 27.9697805], [85.1838148, 27.9697163], [85.1837462, 27.9697048], [85.1837324, 27.969769]]]}}, {"type": "Feature", "properties": {"osm_id": 1041579505, "status": "affected", "confidence": "medium", "flooded_fraction": 1.0, "sampled": "centroid", "pixels": 0, "mean_probability": 0.5844}, "geometry": {"type": "Polygon", "coordinates": [[[85.3104204, 27.9247085], [85.3104694, 27.924793], [85.3105767, 27.9247444], [85.3105277, 27.9246599], [85.3104204, 27.9247085]]]}}, {"type": "Feature", "properties": {"osm_id": 341461902, "status": "affected", "confidence": "medium", "flooded_fraction": 1.0, "sampled": "centroid", "pixels": 0, "mean_probability": 0.9971}, "geometry": {"type": "Polygon", "coordinates": [[[85.1856695, 27.974639], [85.1856534, 27.9746885], [85.1857381, 27.9747101], [85.1857543, 27.9746606], [85.1856695, 27.974639]]]}}, {"type": "Feature", "properties": {"osm_id": 430746879, "status": "affected", "confidence": "medium", "flooded_fraction": 1.0, "sampled": "centroid", "pixels": 0, "mean_probability": 0.9568}, "geometry": {"type": "Polygon", "coordinates": [[[85.1701125, 27.9634567], [85.1701326, 27.9634306], [85.1701071, 27.9634164], [85.170087, 27.9634093], [85.1700696, 27.9634413], [85.1701125, 27.9634567]]]}}, {"type": "Feature", "properties": {"osm_id": 342032753, "status": "affected", "confidence": "medium", "flooded_fraction": 1.0, "sampled": "centroid", "pixels": 0, "mean_probability": 0.7391}, "geometry": {"type": "Polygon", "coordinates": [[[85.1529168, 27.9331954], [85.1529731, 27.9332203], [85.1529933, 27.9331847], [85.152937, 27.9331598], [85.1529168, 27.9331954]]]}}, {"type": "Feature", "properties": {"osm_id": 341636484, "status": "affected", "confidence": "medium", "flooded_fraction": 1.0, "sampled": "centroid", "pixels": 0, "mean_probability": 0.5595}, "geometry": {"type": "Polygon", "coordinates": [[[85.2119561, 27.9105783], [85.2119575, 27.9106682], [85.2118625, 27.9106694], [85.2118611, 27.9105795], [85.2119561, 27.9105783]]]}}, {"type": "Feature", "properties": {"osm_id": 858426197, "status": "affected", "confidence": "high", "flooded_fraction": 1.0, "sampled": "footprint", "pixels": 1, "mean_probability": 0.5595}, "geometry": {"type": "Polygon", "coordinates": [[[85.2646418, 28.0206457], [85.2647571, 28.0207428], [85.2648082, 28.0206955], [85.2646928, 28.0205985], [85.2646418, 28.0206457]]]}}, {"type": "Feature", "properties": {"osm_id": 890977171, "status": "affected", "confidence": "medium", "flooded_fraction": 1.0, "sampled": "centroid", "pixels": 0, "mean_probability": 0.5077}, "geometry": {"type": "Polygon", "coordinates": [[[85.1592202, 27.9548204], [85.159267, 27.9548548], [85.159291, 27.9548293], [85.1592442, 27.9547949], [85.1592202, 27.9548204]]]}}, {"type": "Feature", "properties": {"osm_id": 341462008, "status": "affected", "confidence": "medium", "flooded_fraction": 1.0, "sampled": "centroid", "pixels": 0, "mean_probability": 0.9982}, "geometry": {"type": "Polygon", "coordinates": [[[85.1856508, 27.973918], [85.1856557, 27.973877], [85.185708, 27.973882], [85.1857031, 27.9739229], [85.1856508, 27.973918]]]}}, {"type": "Feature", "properties": {"osm_id": 987441829, "status": "affected", "confidence": "medium", "flooded_fraction": 1.0, "sampled": "centroid", "pixels": 0, "mean_probability": 0.9998}, "geometry": {"type": "Polygon", "coordinates": [[[85.1860604, 27.9739498], [85.1861791, 27.9740137], [85.1862256, 27.9739464], [85.1862122, 27.9739392], [85.1862247, 27.9739212], [85.1861194, 27.9738644], [85.1860604, 27.9739498]]]}}, {"type": "Feature", "properties": {"osm_id": 341771039, "status": "affected", "confidence": "high", "flooded_fraction": 1.0, "sampled": "footprint", "pixels": 1, "mean_probability": 0.9998}, "geometry": {"type": "Polygon", "coordinates": [[[85.1740395, 27.9990017], [85.1740469, 27.9989001], [85.1741349, 27.9989052], [85.174131, 27.9989583], [85.1741065, 27.9989569], [85.174103, 27.9990053], [85.1740395, 27.9990017]]]}}, {"type": "Feature", "properties": {"osm_id": 886946587, "status": "affected", "confidence": "medium", "flooded_fraction": 1.0, "sampled": "centroid", "pixels": 0, "mean_probability": 0.553}, "geometry": {"type": "Polygon", "coordinates": [[[85.2099086, 27.9090719], [85.2099426, 27.9090739], [85.209946, 27.9090295], [85.209912, 27.9090275], [85.2099086, 27.9090719]]]}}, {"type": "Feature", "properties": {"osm_id": 886946571, "status": "affected", "confidence": "high", "flooded_fraction": 1.0, "sampled": "footprint", "pixels": 1, "mean_probability": 0.553}, "geometry": {"type": "Polygon", "coordinates": [[[85.2094745, 27.9083096], [85.2096167, 27.9083074], [85.2096157, 27.9082567], [85.2094734, 27.9082589], [85.2094745, 27.9083096]]]}}, {"type": "Feature", "properties": {"osm_id": 890512709, "status": "affected", "confidence": "medium", "flooded_fraction": 1.0, "sampled": "centroid", "pixels": 0, "mean_probability": 0.5942}, "geometry": {"type": "Polygon", "coordinates": [[[85.211125, 27.9090079], [85.2111559, 27.9090695], [85.2112662, 27.9090264], [85.2112354, 27.9089648], [85.211125, 27.9090079]]]}}, {"type": "Feature", "properties": {"osm_id": 890512720, "status": "affected", "confidence": "high", "flooded_fraction": 1.0, "sampled": "footprint", "pixels": 1, "mean_probability": 0.5942}, "geometry": {"type": "Polygon", "coordinates": [[[85.2114925, 27.9100034], [85.2115339, 27.9100738], [85.2116009, 27.910043], [85.2115595, 27.9099726], [85.2114925, 27.9100034]]]}}, {"type": "Feature", "properties": {"osm_id": 342083301, "status": "affected", "confidence": "medium", "flooded_fraction": 1.0, "sampled": "centroid", "pixels": 0, "mean_probability": 0.5425}, "geometry": {"type": "Polygon", "coordinates": [[[85.2414557, 27.9038196], [85.2418115, 27.9039012], [85.2418356, 27.9038253], [85.2414762, 27.9037353], [85.2414557, 27.9038196]]]}}, {"type": "Feature", "properties": {"osm_id": 890526767, "status": "affected", "confidence": "high", "flooded_fraction": 1.0, "sampled": "footprint", "pixels": 1, "mean_probability": 0.5201}, "geometry": {"type": "Polygon", "coordinates": [[[85.2346326, 27.9032303], [85.2347165, 27.903264], [85.2347513, 27.9031965], [85.2346673, 27.9031628], [85.2346326, 27.9032303]]]}}, {"type": "Feature", "properties": {"osm_id": 342149369, "status": "affected", "confidence": "medium", "flooded_fraction": 1.0, "sampled": "centroid", "pixels": 0, "mean_probability": 0.8315}, "geometry": {"type": "Polygon", "coordinates": [[[85.2225326, 27.9061262], [85.2226455, 27.9061225], [85.2226424, 27.9060491], [85.2225295, 27.9060528], [85.2225326, 27.9061262]]]}}, {"type": "Feature", "properties": {"osm_id": 890499911, "status": "affected", "confidence": "medium", "flooded_fraction": 1.0, "sampled": "centroid", "pixels": 0, "mean_probability": 0.78}, "geometry": {"type": "Polygon", "coordinates": [[[85.2264029, 27.8987579], [85.2264109, 27.8986755], [85.2263065, 27.8986675], [85.2262984, 27.8987499], [85.2264029, 27.8987579]]]}}, {"type": "Feature", "properties": {"osm_id": 890524943, "status": "affected", "confidence": "medium", "flooded_fraction": 1.0, "sampled": "centroid", "pixels": 0, "mean_probability": 0.6881}, "geometry": {"type": "Polygon", "coordinates": [[[85.2397288, 27.9012205], [85.2397968, 27.9012211], [85.2397978, 27.9011352], [85.2397298, 27.9011346], [85.2397288, 27.9012205]]]}}, {"type": "Feature", "properties": {"osm_id": 342083357, "status": "affected", "confidence": "medium", "flooded_fraction": 1.0, "sampled": "centroid", "pixels": 0, "mean_probability": 0.5281}, "geometry": {"type": "Polygon", "coordinates": [[[85.2331175, 27.8975525], [85.2331508, 27.8976788], [85.2332376, 27.897661], [85.2332044, 27.8975346], [85.2331175, 27.8975525]]]}}, {"type": "Feature", "properties": {"osm_id": 890499927, "status": "affected", "confidence": "medium", "flooded_fraction": 1.0, "sampled": "centroid", "pixels": 0, "mean_probability": 0.5253}, "geometry": {"type": "Polygon", "coordinates": [[[85.2258202, 27.8979371], [85.2258685, 27.8979384], [85.2258712, 27.8978626], [85.2258229, 27.8978613], [85.2258202, 27.8979371]]]}}, {"type": "Feature", "properties": {"osm_id": 886471616, "status": "affected", "confidence": "medium", "flooded_fraction": 1.0, "sampled": "centroid", "pixels": 0, "mean_probability": 0.9878}, "geometry": {"type": "Polygon", "coordinates": [[[85.1800197, 27.9791969], [85.1799427, 27.9791977], [85.1799463, 27.9791227], [85.1800206, 27.979125], [85.1800197, 27.9791969]]]}}, {"type": "Feature", "properties": {"osm_id": 886471668, "status": "affected", "confidence": "medium", "flooded_fraction": 1.0, "sampled": "centroid", "pixels": 0, "mean_probability": 0.8852}, "geometry": {"type": "Polygon", "coordinates": [[[85.1820233, 27.9870266], [85.1819969, 27.9870242], [85.182003, 27.9869712], [85.1820293, 27.9869735], [85.1820233, 27.9870266]]]}}, {"type": "Feature", "properties": {"osm_id": 887181688, "status": "affected", "confidence": "medium", "flooded_fraction": 1.0, "sampled": "centroid", "pixels": 0, "mean_probability": 0.7054}, "geometry": {"type": "Polygon", "coordinates": [[[85.207032, 27.8991769], [85.2071206, 27.8991475], [85.2070872, 27.8990688], [85.2069986, 27.8990981], [85.207032, 27.8991769]]]}}, {"type": "Feature", "properties": {"osm_id": 342548604, "status": "affected", "confidence": "high", "flooded_fraction": 1.0, "sampled": "footprint", "pixels": 1, "mean_probability": 0.7054}, "geometry": {"type": "Polygon", "coordinates": [[[85.2071932, 27.8990672], [85.2071991, 27.8991017], [85.2072702, 27.8990922], [85.2072643, 27.8990577], [85.2071932, 27.8990672]]]}}, {"type": "Feature", "properties": {"osm_id": 342228551, "status": "affected", "confidence": "medium", "flooded_fraction": 1.0, "sampled": "centroid", "pixels": 0, "mean_probability": 0.5016}, "geometry": {"type": "Polygon", "coordinates": [[[85.1985724, 27.9033973], [85.1987494, 27.9034997], [85.1987823, 27.9034552], [85.1986054, 27.9033528], [85.1985724, 27.9033973]]]}}, {"type": "Feature", "properties": {"osm_id": 342228409, "status": "affected", "confidence": "high", "flooded_fraction": 1.0, "sampled": "footprint", "pixels": 1, "mean_probability": 0.5016}, "geometry": {"type": "Polygon", "coordinates": [[[85.1985342, 27.9036796], [85.1985716, 27.9036355], [85.1984621, 27.9035629], [85.1984247, 27.903607], [85.1985342, 27.9036796]]]}}, {"type": "Feature", "properties": {"osm_id": 342505569, "status": "affected", "confidence": "high", "flooded_fraction": 1.0, "sampled": "footprint", "pixels": 1, "mean_probability": 0.5818}, "geometry": {"type": "Polygon", "coordinates": [[[85.1935158, 27.904289], [85.1935695, 27.9042697], [85.1935517, 27.9042308], [85.1934979, 27.9042501], [85.1935158, 27.904289]]]}}, {"type": "Feature", "properties": {"osm_id": 1041582615, "status": "affected", "confidence": "medium", "flooded_fraction": 1.0, "sampled": "centroid", "pixels": 0, "mean_probability": 0.5401}, "geometry": {"type": "Polygon", "coordinates": [[[85.2981718, 27.9195432], [85.2982256, 27.9195463], [85.2982324, 27.9194578], [85.2981785, 27.9194546], [85.2981718, 27.9195432]]]}}, {"type": "Feature", "properties": {"osm_id": 891124376, "status": "affected", "confidence": "medium", "flooded_fraction": 1.0, "sampled": "centroid", "pixels": 0, "mean_probability": 0.5027}, "geometry": {"type": "Polygon", "coordinates": [[[85.287163, 27.9154572], [85.2872394, 27.9154588], [85.2872408, 27.9154102], [85.2871643, 27.9154086], [85.287163, 27.9154572]]]}}, {"type": "Feature", "properties": {"osm_id": 342442110, "status": "affected", "confidence": "medium", "flooded_fraction": 1.0, "sampled": "centroid", "pixels": 0, "mean_probability": 0.5159}, "geometry": {"type": "Polygon", "coordinates": [[[85.2838703, 27.9079278], [85.2839104, 27.9078681], [85.2838326, 27.9078272], [85.2837925, 27.9078869], [85.2838703, 27.9079278]]]}}, {"type": "Feature", "properties": {"osm_id": 890528513, "status": "affected", "confidence": "medium", "flooded_fraction": 1.0, "sampled": "centroid", "pixels": 0, "mean_probability": 0.6076}, "geometry": {"type": "Polygon", "coordinates": [[[85.2500761, 27.9148907], [85.2501359, 27.914902], [85.2501499, 27.914844], [85.2500901, 27.9148326], [85.2500761, 27.9148907]]]}}, {"type": "Feature", "properties": {"osm_id": 847027780, "status": "affected", "confidence": "medium", "flooded_fraction": 1.0, "sampled": "centroid", "pixels": 0, "mean_probability": 0.9824}, "geometry": {"type": "Polygon", "coordinates": [[[85.1836391, 27.9931201], [85.1837236, 27.9931071], [85.1837136, 27.9930567], [85.1836291, 27.9930697], [85.1836391, 27.9931201]]]}}, {"type": "Feature", "properties": {"osm_id": 847027791, "status": "affected", "confidence": "medium", "flooded_fraction": 1.0, "sampled": "centroid", "pixels": 0, "mean_probability": 0.9575}, "geometry": {"type": "Polygon", "coordinates": [[[85.1831127, 27.9935091], [85.1831759, 27.9935022], [85.1831686, 27.9934495], [85.1831053, 27.9934564], [85.1831127, 27.9935091]]]}}, {"type": "Feature", "properties": {"osm_id": 341462040, "status": "affected", "confidence": "medium", "flooded_fraction": 1.0, "sampled": "centroid", "pixels": 0, "mean_probability": 0.9919}, "geometry": {"type": "Polygon", "coordinates": [[[85.1851945, 27.9726534], [85.1853079, 27.9726244], [85.185285, 27.9725545], [85.1851716, 27.9725834], [85.1851945, 27.9726534]]]}}, {"type": "Feature", "properties": {"osm_id": 859950245, "status": "affected", "confidence": "medium", "flooded_fraction": 1.0, "sampled": "centroid", "pixels": 0, "mean_probability": 0.7589}, "geometry": {"type": "Polygon", "coordinates": [[[85.1594429, 27.9562751], [85.1594442, 27.9562964], [85.1595153, 27.9562928], [85.1595139, 27.9562716], [85.1594429, 27.9562751]]]}}, {"type": "Feature", "properties": {"osm_id": 860665511, "status": "affected", "confidence": "high", "flooded_fraction": 1.0, "sampled": "footprint", "pixels": 1, "mean_probability": 0.7589}, "geometry": {"type": "Polygon", "coordinates": [[[85.1624483, 27.9566903], [85.1624925, 27.9566926], [85.1624952, 27.9566523], [85.162451, 27.95665], [85.1624483, 27.9566903]]]}}, {"type": "Feature", "properties": {"osm_id": 891116996, "status": "affected", "confidence": "medium", "flooded_fraction": 1.0, "sampled": "centroid", "pixels": 0, "mean_probability": 0.6884}, "geometry": {"type": "Polygon", "coordinates": [[[85.2580972, 27.8794291], [85.258164, 27.8795178], [85.2582365, 27.8794751], [85.2581696, 27.8793864], [85.2580972, 27.8794291]]]}}, {"type": "Feature", "properties": {"osm_id": 341854970, "status": "affected", "confidence": "medium", "flooded_fraction": 1.0, "sampled": "centroid", "pixels": 0, "mean_probability": 0.5974}, "geometry": {"type": "Polygon", "coordinates": [[[85.2792348, 27.8724553], [85.2792964, 27.8724451], [85.2792771, 27.8723547], [85.2792155, 27.872365], [85.2792348, 27.8724553]]]}}, {"type": "Feature", "properties": {"osm_id": 887393383, "status": "affected", "confidence": "medium", "flooded_fraction": 1.0, "sampled": "centroid", "pixels": 0, "mean_probability": 0.5128}, "geometry": {"type": "Polygon", "coordinates": [[[85.2097745, 27.9092242], [85.2099216, 27.9092801], [85.2099525, 27.9092167], [85.2098054, 27.9091608], [85.2097745, 27.9092242]]]}}, {"type": "Feature", "properties": {"osm_id": 342548594, "status": "affected", "confidence": "high", "flooded_fraction": 1.0, "sampled": "footprint", "pixels": 1, "mean_probability": 0.5128}, "geometry": {"type": "Polygon", "coordinates": [[[85.2092556, 27.9087598], [85.2092419, 27.9087944], [85.2092849, 27.9088077], [85.2092987, 27.9087731], [85.2092556, 27.9087598]]]}}, {"type": "Feature", "properties": {"osm_id": 342210437, "status": "affected", "confidence": "medium", "flooded_fraction": 1.0, "sampled": "centroid", "pixels": 0, "mean_probability": 0.6266}, "geometry": {"type": "Polygon", "coordinates": [[[85.2377275, 27.9028332], [85.237819, 27.902844], [85.2378393, 27.9027308], [85.2377499, 27.9027165], [85.2377275, 27.9028332]]]}}, {"type": "Feature", "properties": {"osm_id": 889083803, "status": "affected", "confidence": "high", "flooded_fraction": 1.0, "sampled": "footprint", "pixels": 1, "mean_probability": 0.6266}, "geometry": {"type": "Polygon", "coordinates": [[[85.2375006, 27.9037707], [85.237524, 27.9036849], [85.2376375, 27.9037091], [85.2376141, 27.9037948], [85.2375006, 27.9037707]]]}}, {"type": "Feature", "properties": {"osm_id": 890512670, "status": "affected", "confidence": "medium", "flooded_fraction": 1.0, "sampled": "centroid", "pixels": 0, "mean_probability": 0.5819}, "geometry": {"type": "Polygon", "coordinates": [[[85.2211444, 27.9050021], [85.2211733, 27.9050418], [85.2212108, 27.9050205], [85.221182, 27.9049808], [85.2211444, 27.9050021]]]}}, {"type": "Feature", "properties": {"osm_id": 342078086, "status": "affected", "confidence": "medium", "flooded_fraction": 1.0, "sampled": "centroid", "pixels": 0, "mean_probability": 0.6073}, "geometry": {"type": "Polygon", "coordinates": [[[85.2347419, 27.8966608], [85.2349281, 27.8966384], [85.2349111, 27.8965282], [85.2347249, 27.8965507], [85.2347419, 27.8966608]]]}}, {"type": "Feature", "properties": {"osm_id": 342363754, "status": "affected", "confidence": "high", "flooded_fraction": 1.0, "sampled": "footprint", "pixels": 1, "mean_probability": 0.6073}, "geometry": {"type": "Polygon", "coordinates": [[[85.2317381, 27.8940281], [85.2318012, 27.8939746], [85.231849, 27.8940187], [85.2317859, 27.8940722], [85.2317381, 27.8940281]]]}}, {"type": "Feature", "properties": {"osm_id": 890499934, "status": "affected", "confidence": "medium", "flooded_fraction": 1.0, "sampled": "centroid", "pixels": 0, "mean_probability": 0.807}, "geometry": {"type": "Polygon", "coordinates": [[[85.2261132, 27.8976651], [85.2261239, 27.8976995], [85.2261911, 27.8976831], [85.2261803, 27.8976487], [85.2261132, 27.8976651]]]}}, {"type": "Feature", "properties": {"osm_id": 891489448, "status": "affected", "confidence": "medium", "flooded_fraction": 1.0, "sampled": "centroid", "pixels": 0, "mean_probability": 0.5662}, "geometry": {"type": "Polygon", "coordinates": [[[85.3497657, 27.8629027], [85.3499225, 27.8629423], [85.3499359, 27.8629008], [85.3497791, 27.8628612], [85.3497657, 27.8629027]]]}}, {"type": "Feature", "properties": {"osm_id": 303976919, "status": "affected", "confidence": "medium", "flooded_fraction": 1.0, "sampled": "centroid", "pixels": 0, "mean_probability": 0.7456}, "geometry": {"type": "Polygon", "coordinates": [[[85.3311863, 27.8639285], [85.3312535, 27.8639349], [85.3312581, 27.8638976], [85.3311908, 27.8638912], [85.3311863, 27.8639285]]]}}, {"type": "Feature", "properties": {"osm_id": 890499814, "status": "affected", "confidence": "medium", "flooded_fraction": 1.0, "sampled": "centroid", "pixels": 0, "mean_probability": 0.6433}, "geometry": {"type": "Polygon", "coordinates": [[[85.2316882, 27.9023041], [85.231757, 27.902335], [85.2317771, 27.9023], [85.2317083, 27.9022691], [85.2316882, 27.9023041]]]}}, {"type": "Feature", "properties": {"osm_id": 890499879, "status": "affected", "confidence": "medium", "flooded_fraction": 1.0, "sampled": "centroid", "pixels": 0, "mean_probability": 0.5997}, "geometry": {"type": "Polygon", "coordinates": [[[85.2305771, 27.8989778], [85.2306734, 27.8990242], [85.2307056, 27.8989721], [85.2306093, 27.8989256], [85.2305771, 27.8989778]]]}}, {"type": "Feature", "properties": {"osm_id": 342083272, "status": "affected", "confidence": "high", "flooded_fraction": 1.0, "sampled": "footprint", "pixels": 1, "mean_probability": 0.5997}, "geometry": {"type": "Polygon", "coordinates": [[[85.2378332, 27.8988882], [85.2378304, 27.8990044], [85.2379538, 27.8990067], [85.2379565, 27.8988905], [85.2378332, 27.8988882]]]}}, {"type": "Feature", "properties": {"osm_id": 889083797, "status": "affected", "confidence": "medium", "flooded_fraction": 1.0, "sampled": "centroid", "pixels": 0, "mean_probability": 0.6206}, "geometry": {"type": "Polygon", "coordinates": [[[85.2380041, 27.9000721], [85.2380102, 27.9000134], [85.2380961, 27.9000203], [85.2380901, 27.900079], [85.2380041, 27.9000721]]]}}, {"type": "Feature", "properties": {"osm_id": 890524648, "status": "affected", "confidence": "medium", "flooded_fraction": 1.0, "sampled": "centroid", "pixels": 0, "mean_probability": 0.6442}, "geometry": {"type": "Polygon", "coordinates": [[[85.2378003, 27.8999849], [85.2378876, 27.899986], [85.2378884, 27.8999363], [85.2378011, 27.8999352], [85.2378003, 27.8999849]]]}}, {"type": "Feature", "properties": {"osm_id": 891551026, "status": "affected", "confidence": "high", "flooded_fraction": 1.0, "sampled": "footprint", "pixels": 1, "mean_probability": 0.6607}, "geometry": {"type": "Polygon", "coordinates": [[[85.3030356, 27.8631399], [85.3031181, 27.8630669], [85.3030641, 27.8630192], [85.3029816, 27.8630921], [85.3030356, 27.8631399]]]}}, {"type": "Feature", "properties": {"osm_id": 303976990, "status": "affected", "confidence": "medium", "flooded_fraction": 1.0, "sampled": "centroid", "pixels": 0, "mean_probability": 0.7344}, "geometry": {"type": "Polygon", "coordinates": [[[85.3114851, 27.8605296], [85.3115603, 27.8604878], [85.311527, 27.860441], [85.3114518, 27.8604828], [85.3114851, 27.8605296]]]}}, {"type": "Feature", "properties": {"osm_id": 847027732, "status": "affected", "confidence": "medium", "flooded_fraction": 1.0, "sampled": "centroid", "pixels": 0, "mean_probability": 0.9984}, "geometry": {"type": "Polygon", "coordinates": [[[85.1837102, 27.9938366], [85.1837595, 27.993842], [85.1837743, 27.9937378], [85.1837249, 27.9937323], [85.1837102, 27.9938366]]]}}, {"type": "Feature", "properties": {"osm_id": 847027751, "status": "affected", "confidence": "medium", "flooded_fraction": 1.0, "sampled": "centroid", "pixels": 0, "mean_probability": 0.9823}, "geometry": {"type": "Polygon", "coordinates": [[[85.183106, 27.9921449], [85.1831864, 27.992169], [85.1832219, 27.9920767], [85.1831415, 27.9920526], [85.183106, 27.9921449]]]}}, {"type": "Feature", "properties": {"osm_id": 847027746, "status": "affected", "confidence": "medium", "flooded_fraction": 1.0, "sampled": "centroid", "pixels": 0, "mean_probability": 0.9438}, "geometry": {"type": "Polygon", "coordinates": [[[85.1831596, 27.991808], [85.1831844, 27.991849], [85.1832159, 27.9918342], [85.1831911, 27.9917932], [85.1831596, 27.991808]]]}}, {"type": "Feature", "properties": {"osm_id": 847027757, "status": "affected", "confidence": "medium", "flooded_fraction": 1.0, "sampled": "centroid", "pixels": 0, "mean_probability": 0.9438}, "geometry": {"type": "Polygon", "coordinates": [[[85.1831308, 27.9918879], [85.1831574, 27.9919369], [85.1832707, 27.9918889], [85.1832441, 27.99184], [85.1831308, 27.9918879]]]}}, {"type": "Feature", "properties": {"osm_id": 859950240, "status": "affected", "confidence": "medium", "flooded_fraction": 1.0, "sampled": "centroid", "pixels": 0, "mean_probability": 0.6426}, "geometry": {"type": "Polygon", "coordinates": [[[85.1596447, 27.9563397], [85.1596499, 27.956357], [85.1596902, 27.9563475], [85.1596849, 27.9563302], [85.1596447, 27.9563397]]]}}, {"type": "Feature", "properties": {"osm_id": 886471675, "status": "affected", "confidence": "medium", "flooded_fraction": 1.0, "sampled": "centroid", "pixels": 0, "mean_probability": 0.9465}, "geometry": {"type": "Polygon", "coordinates": [[[85.1842395, 27.9940265], [85.1841943, 27.9940246], [85.1841967, 27.9939795], [85.184242, 27.9939814], [85.1842395, 27.9940265]]]}}, {"type": "Feature", "properties": {"osm_id": 847027777, "status": "affected", "confidence": "medium", "flooded_fraction": 1.0, "sampled": "centroid", "pixels": 0, "mean_probability": 0.5753}, "geometry": {"type": "Polygon", "coordinates": [[[85.1836471, 27.992978], [85.1837048, 27.9929676], [85.1836914, 27.9929096], [85.1836337, 27.9929199], [85.1836471, 27.992978]]]}}, {"type": "Feature", "properties": {"osm_id": 847027778, "status": "affected", "confidence": "high", "flooded_fraction": 1.0, "sampled": "footprint", "pixels": 1, "mean_probability": 0.5753}, "geometry": {"type": "Polygon", "coordinates": [[[85.1835814, 27.9929987], [85.1836424, 27.9929855], [85.1835888, 27.9927925], [85.1835278, 27.9928057], [85.1835814, 27.9929987]]]}}, {"type": "Feature", "properties": {"osm_id": 847027836, "status": "affected", "confidence": "medium", "flooded_fraction": 1.0, "sampled": "centroid", "pixels": 0, "mean_probability": 0.9658}, "geometry": {"type": "Polygon", "coordinates": [[[85.1826158, 27.9925665], [85.1826706, 27.9925637], [85.1826619, 27.9924287], [85.1826071, 27.9924315], [85.1826158, 27.9925665]]]}}, {"type": "Feature", "properties": {"osm_id": 847027753, "status": "affected", "confidence": "medium", "flooded_fraction": 1.0, "sampled": "centroid", "pixels": 0, "mean_probability": 0.9823}, "geometry": {"type": "Polygon", "coordinates": [[[85.1832461, 27.9920922], [85.1833259, 27.9920774], [85.1833143, 27.9920285], [85.1832345, 27.9920433], [85.1832461, 27.9920922]]]}}, {"type": "Feature", "properties": {"osm_id": 341836753, "status": "affected", "confidence": "high", "flooded_fraction": 1.0, "sampled": "footprint", "pixels": 1, "mean_probability": 0.9823}, "geometry": {"type": "Polygon", "coordinates": [[[85.3179829, 27.8892988], [85.3179126, 27.8892489], [85.3179648, 27.8891914], [85.3180352, 27.8892413], [85.3179829, 27.8892988]]]}}, {"type": "Feature", "properties": {"osm_id": 1041466889, "status": "affected", "confidence": "medium", "flooded_fraction": 1.0, "sampled": "centroid", "pixels": 0, "mean_probability": 0.5961}, "geometry": {"type": "Polygon", "coordinates": [[[85.3375348, 27.9238115], [85.3375979, 27.923831], [85.3376159, 27.9237857], [85.3375529, 27.9237661], [85.3375348, 27.9238115]]]}}, {"type": "Feature", "properties": {"osm_id": 1041466884, "status": "affected", "confidence": "medium", "flooded_fraction": 1.0, "sampled": "centroid", "pixels": 0, "mean_probability": 0.5737}, "geometry": {"type": "Polygon", "coordinates": [[[85.3370742, 27.9235389], [85.3371426, 27.9235555], [85.3371672, 27.9234761], [85.3370988, 27.9234595], [85.3370742, 27.9235389]]]}}, {"type": "Feature", "properties": {"osm_id": 1041466883, "status": "affected", "confidence": "medium", "flooded_fraction": 1.0, "sampled": "centroid", "pixels": 0, "mean_probability": 0.5737}, "geometry": {"type": "Polygon", "coordinates": [[[85.3371593, 27.9235851], [85.3371944, 27.923587], [85.3371971, 27.9235473], [85.337162, 27.9235454], [85.3371593, 27.9235851]]]}}, {"type": "Feature", "properties": {"osm_id": 1041582614, "status": "affected", "confidence": "medium", "flooded_fraction": 1.0, "sampled": "centroid", "pixels": 0, "mean_probability": 0.6997}, "geometry": {"type": "Polygon", "coordinates": [[[85.2982509, 27.9196119], [85.2983377, 27.9196119], [85.2983377, 27.9194984], [85.2982509, 27.9194984], [85.2982509, 27.9196119]]]}}, {"type": "Feature", "properties": {"osm_id": 891119287, "status": "affected", "confidence": "medium", "flooded_fraction": 1.0, "sampled": "centroid", "pixels": 0, "mean_probability": 0.6798}, "geometry": {"type": "Polygon", "coordinates": [[[85.2960639, 27.9163756], [85.2960954, 27.9163823], [85.2961121, 27.9163211], [85.2960806, 27.9163143], [85.2960639, 27.9163756]]]}}, {"type": "Feature", "properties": {"osm_id": 340558292, "status": "affected", "confidence": "medium", "flooded_fraction": 1.0, "sampled": "centroid", "pixels": 0, "mean_probability": 0.5068}, "geometry": {"type": "Polygon", "coordinates": [[[85.2928412, 27.9202858], [85.2928418, 27.9202145], [85.2929434, 27.9202152], [85.2929428, 27.9202865], [85.2928412, 27.9202858]]]}}, {"type": "Feature", "properties": {"osm_id": 341496164, "status": "affected", "confidence": "medium", "flooded_fraction": 1.0, "sampled": "centroid", "pixels": 0, "mean_probability": 0.5302}, "geometry": {"type": "Polygon", "coordinates": [[[85.2870314, 27.915685], [85.2871195, 27.915683], [85.287118, 27.9156327], [85.2870299, 27.9156347], [85.2870314, 27.915685]]]}}, {"type": "Feature", "properties": {"osm_id": 1041579429, "status": "affected", "confidence": "medium", "flooded_fraction": 1.0, "sampled": "centroid", "pixels": 0, "mean_probability": 0.8566}, "geometry": {"type": "Polygon", "coordinates": [[[85.3103859, 27.9249718], [85.3104039, 27.9249955], [85.3104452, 27.9249709], [85.3104271, 27.9249472], [85.3103859, 27.9249718]]]}}, {"type": "Feature", "properties": {"osm_id": 891551056, "status": "affected", "confidence": "medium", "flooded_fraction": 1.0, "sampled": "centroid", "pixels": 0, "mean_probability": 0.6354}, "geometry": {"type": "Polygon", "coordinates": [[[85.2978972, 27.8645081], [85.2978951, 27.8644227], [85.297798, 27.8644245], [85.2978, 27.8645098], [85.2978972, 27.8645081]]]}}, {"type": "Feature", "properties": {"osm_id": 341620894, "status": "affected", "confidence": "high", "flooded_fraction": 1.0, "sampled": "footprint", "pixels": 1, "mean_probability": 0.6354}, "geometry": {"type": "Polygon", "coordinates": [[[85.3053855, 27.8668427], [85.3054208, 27.8668473], [85.3054288, 27.8667993], [85.3053935, 27.8667947], [85.3053855, 27.8668427]]]}}, {"type": "Feature", "properties": {"osm_id": 890977362, "status": "affected", "confidence": "medium", "flooded_fraction": 1.0, "sampled": "centroid", "pixels": 0, "mean_probability": 0.5373}, "geometry": {"type": "Polygon", "coordinates": [[[85.1508544, 27.9294008], [85.1508989, 27.9293989], [85.1508962, 27.9293491], [85.1508518, 27.929351], [85.1508544, 27.9294008]]]}}, {"type": "Feature", "properties": {"osm_id": 343086157, "status": "affected", "confidence": "medium", "flooded_fraction": 1.0, "sampled": "centroid", "pixels": 0, "mean_probability": 0.6416}, "geometry": {"type": "Polygon", "coordinates": [[[85.2484794, 27.8858143], [85.2485708, 27.8858816], [85.2486305, 27.8858183], [85.2485391, 27.885751], [85.2484794, 27.8858143]]]}}, {"type": "Feature", "properties": {"osm_id": 890558299, "status": "affected", "confidence": "high", "flooded_fraction": 1.0, "sampled": "footprint", "pixels": 1, "mean_probability": 0.6416}, "geometry": {"type": "Polygon", "coordinates": [[[85.2466562, 27.884792], [85.2467376, 27.8848517], [85.2468039, 27.8847812], [85.2467226, 27.8847214], [85.2466562, 27.884792]]]}}, {"type": "Feature", "properties": {"osm_id": 341661596, "status": "affected", "confidence": "medium", "flooded_fraction": 1.0, "sampled": "centroid", "pixels": 0, "mean_probability": 0.8281}, "geometry": {"type": "Polygon", "coordinates": [[[85.3449009, 27.8635274], [85.3449282, 27.86351], [85.3449072, 27.8634844], [85.3448799, 27.8635018], [85.3449009, 27.8635274]]]}}, {"type": "Feature", "properties": {"osm_id": 891116999, "status": "affected", "confidence": "medium", "flooded_fraction": 1.0, "sampled": "centroid", "pixels": 0, "mean_probability": 0.5225}, "geometry": {"type": "Polygon", "coordinates": [[[85.2585639, 27.8797077], [85.2586243, 27.8797776], [85.2586961, 27.8797292], [85.2586358, 27.8796592], [85.2585639, 27.8797077]]]}}, {"type": "Feature", "properties": {"osm_id": 341964275, "status": "affected", "confidence": "medium", "flooded_fraction": 1.0, "sampled": "centroid", "pixels": 0, "mean_probability": 0.673}, "geometry": {"type": "Polygon", "coordinates": [[[85.2812503, 27.8735136], [85.2812425, 27.8735862], [85.2813041, 27.8735914], [85.2813119, 27.8735188], [85.2812503, 27.8735136]]]}}, {"type": "Feature", "properties": {"osm_id": 342369594, "status": "affected", "confidence": "medium", "flooded_fraction": 1.0, "sampled": "centroid", "pixels": 0, "mean_probability": 0.5109}, "geometry": {"type": "Polygon", "coordinates": [[[85.2730306, 27.8687056], [85.273002, 27.8686516], [85.2730382, 27.8686366], [85.2730668, 27.8686906], [85.2730306, 27.8687056]]]}}, {"type": "Feature", "properties": {"osm_id": 342442099, "status": "affected", "confidence": "medium", "flooded_fraction": 1.0, "sampled": "centroid", "pixels": 0, "mean_probability": 0.7805}, "geometry": {"type": "Polygon", "coordinates": [[[85.2862154, 27.9092606], [85.2861761, 27.9093779], [85.2862567, 27.909399], [85.286296, 27.9092817], [85.2862154, 27.9092606]]]}}, {"type": "Feature", "properties": {"osm_id": 888801284, "status": "affected", "confidence": "medium", "flooded_fraction": 1.0, "sampled": "centroid", "pixels": 0, "mean_probability": 0.6492}, "geometry": {"type": "Polygon", "coordinates": [[[85.2847724, 27.9114753], [85.2848383, 27.9114513], [85.2848024, 27.9113743], [85.2847365, 27.9113982], [85.2847724, 27.9114753]]]}}, {"type": "Feature", "properties": {"osm_id": 342548545, "status": "affected", "confidence": "medium", "flooded_fraction": 1.0, "sampled": "centroid", "pixels": 0, "mean_probability": 0.7511}, "geometry": {"type": "Polygon", "coordinates": [[[85.2067372, 27.8998323], [85.2068036, 27.8998428], [85.2068173, 27.8997761], [85.2067509, 27.8997653], [85.2067372, 27.8998323]]]}}, {"type": "Feature", "properties": {"osm_id": 342228588, "status": "affected", "confidence": "medium", "flooded_fraction": 1.0, "sampled": "centroid", "pixels": 0, "mean_probability": 0.5319}, "geometry": {"type": "Polygon", "coordinates": [[[85.1954871, 27.9051937], [85.1953994, 27.9052204], [85.1954401, 27.9053245], [85.1955278, 27.9052977], [85.1954871, 27.9051937]]]}}, {"type": "Feature", "properties": {"osm_id": 886929746, "status": "affected", "confidence": "high", "flooded_fraction": 1.0, "sampled": "footprint", "pixels": 1, "mean_probability": 0.5319}, "geometry": {"type": "Polygon", "coordinates": [[[85.1951645, 27.9059609], [85.195246, 27.9059599], [85.1952447, 27.9058781], [85.1951632, 27.9058791], [85.1951645, 27.9059609]]]}}, {"type": "Feature", "properties": {"osm_id": 887054231, "status": "affected", "confidence": "medium", "flooded_fraction": 1.0, "sampled": "centroid", "pixels": 0, "mean_probability": 0.9429}, "geometry": {"type": "Polygon", "coordinates": [[[85.1843928, 27.9959326], [85.1844223, 27.9959326], [85.1844223, 27.9958805], [85.1843928, 27.9958805], [85.1843928, 27.9959326]]]}}, {"type": "Feature", "properties": {"osm_id": 847027782, "status": "affected", "confidence": "medium", "flooded_fraction": 1.0, "sampled": "centroid", "pixels": 0, "mean_probability": 0.9994}, "geometry": {"type": "Polygon", "coordinates": [[[85.1836947, 27.9931935], [85.1837544, 27.9932906], [85.1838042, 27.9932668], [85.1837445, 27.9931697], [85.1836947, 27.9931935]]]}}, {"type": "Feature", "properties": {"osm_id": 854887284, "status": "affected", "confidence": "medium", "flooded_fraction": 1.0, "sampled": "centroid", "pixels": 0, "mean_probability": 0.5753}, "geometry": {"type": "Polygon", "coordinates": [[[85.1837926, 27.9930029], [85.1837732, 27.9929537], [85.1837284, 27.9929675], [85.1837479, 27.9930167], [85.1837926, 27.9930029]]]}}, {"type": "Feature", "properties": {"osm_id": 847027805, "status": "affected", "confidence": "medium", "flooded_fraction": 1.0, "sampled": "centroid", "pixels": 0, "mean_probability": 0.9869}, "geometry": {"type": "Polygon", "coordinates": [[[85.1829444, 27.9932089], [85.1830033, 27.9932048], [85.1829886, 27.9930414], [85.1829296, 27.9930455], [85.1829444, 27.9932089]]]}}, {"type": "Feature", "properties": {"osm_id": 847027798, "status": "affected", "confidence": "medium", "flooded_fraction": 1.0, "sampled": "centroid", "pixels": 0, "mean_probability": 0.9869}, "geometry": {"type": "Polygon", "coordinates": [[[85.1830798, 27.9931935], [85.1831265, 27.9931852], [85.1831077, 27.9931035], [85.1830611, 27.9931118], [85.1830798, 27.9931935]]]}}, {"type": "Feature", "properties": {"osm_id": 847027812, "status": "affected", "confidence": "medium", "flooded_fraction": 1.0, "sampled": "centroid", "pixels": 0, "mean_probability": 0.9825}, "geometry": {"type": "Polygon", "coordinates": [[[85.1831241, 27.9927199], [85.1831436, 27.9927903], [85.1831765, 27.9927832], [85.183157, 27.9927127], [85.1831241, 27.9927199]]]}}, {"type": "Feature", "properties": {"osm_id": 847027822, "status": "affected", "confidence": "medium", "flooded_fraction": 1.0, "sampled": "centroid", "pixels": 0, "mean_probability": 0.9689}, "geometry": {"type": "Polygon", "coordinates": [[[85.1826614, 27.9927062], [85.1827969, 27.9926956], [85.1827903, 27.9926303], [85.1826548, 27.9926409], [85.1826614, 27.9927062]]]}}, {"type": "Feature", "properties": {"osm_id": 847027764, "status": "affected", "confidence": "medium", "flooded_fraction": 1.0, "sampled": "centroid", "pixels": 0, "mean_probability": 0.9801}, "geometry": {"type": "Polygon", "coordinates": [[[85.1834721, 27.9923516], [85.1835297, 27.992347], [85.1835217, 27.9922671], [85.1834641, 27.9922716], [85.1834721, 27.9923516]]]}}, {"type": "Feature", "properties": {"osm_id": 341461794, "status": "affected", "confidence": "medium", "flooded_fraction": 1.0, "sampled": "centroid", "pixels": 0, "mean_probability": 0.9454}, "geometry": {"type": "Polygon", "coordinates": [[[85.1857798, 27.9749464], [85.185831, 27.9750046], [85.1858955, 27.9749604], [85.1858443, 27.9749022], [85.1857798, 27.9749464]]]}}, {"type": "Feature", "properties": {"osm_id": 341461894, "status": "affected", "confidence": "medium", "flooded_fraction": 1.0, "sampled": "centroid", "pixels": 0, "mean_probability": 0.9904}, "geometry": {"type": "Polygon", "coordinates": [[[85.1854088, 27.9736934], [85.1854544, 27.9736952], [85.1854526, 27.9737313], [85.185407, 27.9737295], [85.1854088, 27.9736934]]]}}, {"type": "Feature", "properties": {"osm_id": 987441831, "status": "affected", "confidence": "medium", "flooded_fraction": 1.0, "sampled": "centroid", "pixels": 0, "mean_probability": 0.9583}, "geometry": {"type": "Polygon", "coordinates": [[[85.1852082, 27.9745443], [85.1853057, 27.9745808], [85.1853352, 27.9745192], [85.1852377, 27.9744827], [85.1852082, 27.9745443]]]}}, {"type": "Feature", "properties": {"osm_id": 341049872, "status": "affected", "confidence": "medium", "flooded_fraction": 1.0, "sampled": "centroid", "pixels": 0, "mean_probability": 0.674}, "geometry": {"type": "Polygon", "coordinates": [[[85.1703869, 27.9655817], [85.1702616, 27.9655392], [85.1702931, 27.9654669], [85.1704183, 27.9655095], [85.1703869, 27.9655817]]]}}, {"type": "Feature", "properties": {"osm_id": 341698546, "status": "affected", "confidence": "medium", "flooded_fraction": 1.0, "sampled": "centroid", "pixels": 0, "mean_probability": 0.7912}, "geometry": {"type": "Polygon", "coordinates": [[[85.15732, 27.9408023], [85.1573276, 27.9407154], [85.1574188, 27.9407216], [85.1574112, 27.9408085], [85.15732, 27.9408023]]]}}, {"type": "Feature", "properties": {"osm_id": 890976916, "status": "affected", "confidence": "medium", "flooded_fraction": 1.0, "sampled": "centroid", "pixels": 0, "mean_probability": 0.6077}, "geometry": {"type": "Polygon", "coordinates": [[[85.1579422, 27.940075], [85.1579838, 27.9400405], [85.1577321, 27.9398036], [85.1576905, 27.9398381], [85.1579422, 27.940075]]]}}, {"type": "Feature", "properties": {"osm_id": 890977151, "status": "affected", "confidence": "high", "flooded_fraction": 1.0, "sampled": "footprint", "pixels": 1, "mean_probability": 0.6077}, "geometry": {"type": "Polygon", "coordinates": [[[85.154812, 27.9495647], [85.154812, 27.9495991], [85.1548523, 27.9495991], [85.1548523, 27.9495647], [85.154812, 27.9495647]]]}}, {"type": "Feature", "properties": {"osm_id": 890499929, "status": "affected", "confidence": "medium", "flooded_fraction": 1.0, "sampled": "centroid", "pixels": 0, "mean_probability": 0.5484}, "geometry": {"type": "Polygon", "coordinates": [[[85.2258839, 27.8979353], [85.2259999, 27.8979423], [85.2260066, 27.8978552], [85.2258906, 27.8978482], [85.2258839, 27.8979353]]]}}, {"type": "Feature", "properties": {"osm_id": 890499909, "status": "affected", "confidence": "high", "flooded_fraction": 1.0, "sampled": "footprint", "pixels": 1, "mean_probability": 0.5484}, "geometry": {"type": "Polygon", "coordinates": [[[85.2259033, 27.899037], [85.2258785, 27.8989558], [85.2258223, 27.8989692], [85.2258471, 27.8990504], [85.2259033, 27.899037]]]}}, {"type": "Feature", "properties": {"osm_id": 346560101, "status": "affected", "confidence": "medium", "flooded_fraction": 1.0, "sampled": "centroid", "pixels": 0, "mean_probability": 0.7261}, "geometry": {"type": "Polygon", "coordinates": [[[85.1847095, 27.9698517], [85.1848057, 27.9698042], [85.1848622, 27.9698935], [85.1847659, 27.969941], [85.1847095, 27.9698517]]]}}, {"type": "Feature", "properties": {"osm_id": 341587237, "status": "affected", "confidence": "medium", "flooded_fraction": 1.0, "sampled": "centroid", "pixels": 0, "mean_probability": 0.78}, "geometry": {"type": "Polygon", "coordinates": [[[85.1700962, 27.9602956], [85.1702003, 27.9602193], [85.1701142, 27.9601277], [85.1700705, 27.9601597], [85.1700763, 27.9601659], [85.1700543, 27.960182], [85.1700874, 27.9602172], [85.170075, 27.9602263], [85.1700656, 27.9602163], [85.1700396, 27.9602353], [85.1700962, 27.9602956]]]}}, {"type": "Feature", "properties": {"osm_id": 341697683, "status": "affected", "confidence": "medium", "flooded_fraction": 1.0, "sampled": "centroid", "pixels": 0, "mean_probability": 0.804}, "geometry": {"type": "Polygon", "coordinates": [[[85.1645931, 27.9546884], [85.1645907, 27.9546514], [85.1646394, 27.9546492], [85.1646853, 27.9546467], [85.1646877, 27.9546837], [85.1645931, 27.9546884]]]}}, {"type": "Feature", "properties": {"osm_id": 341587450, "status": "affected", "confidence": "medium", "flooded_fraction": 1.0, "sampled": "centroid", "pixels": 0, "mean_probability": 0.9497}, "geometry": {"type": "Polygon", "coordinates": [[[85.1730305, 27.9629931], [85.172982, 27.9629356], [85.1730528, 27.962889], [85.1731013, 27.9629465], [85.1730305, 27.9629931]]]}}, {"type": "Feature", "properties": {"osm_id": 341623098, "status": "affected", "confidence": "high", "flooded_fraction": 1.0, "sampled": "footprint", "pixels": 1, "mean_probability": 0.9497}, "geometry": {"type": "Polygon", "coordinates": [[[85.1753259, 27.9673689], [85.1752861, 27.9673446], [85.1753216, 27.9672992], [85.1753614, 27.9673234], [85.1753259, 27.9673689]]]}}, {"type": "Feature", "properties": {"osm_id": 341461685, "status": "affected", "confidence": "medium", "flooded_fraction": 1.0, "sampled": "centroid", "pixels": 0, "mean_probability": 0.9651}, "geometry": {"type": "Polygon", "coordinates": [[[85.1854004, 27.973026], [85.1854591, 27.9730237], [85.1854549, 27.9729383], [85.1853962, 27.9729406], [85.1854004, 27.973026]]]}}, {"type": "Feature", "properties": {"osm_id": 341049699, "status": "affected", "confidence": "medium", "flooded_fraction": 1.0, "sampled": "centroid", "pixels": 0, "mean_probability": 0.9905}, "geometry": {"type": "Polygon", "coordinates": [[[85.1787759, 27.9812835], [85.178778, 27.9812386], [85.1788892, 27.9812425], [85.1788872, 27.9812874], [85.1787759, 27.9812835]]]}}, {"type": "Feature", "properties": {"osm_id": 341461715, "status": "affected", "confidence": "high", "flooded_fraction": 1.0, "sampled": "footprint", "pixels": 1, "mean_probability": 0.9905}, "geometry": {"type": "Polygon", "coordinates": [[[85.1814299, 27.9748069], [85.1814527, 27.974803], [85.1814466, 27.9747752], [85.1814238, 27.9747791], [85.1814299, 27.9748069]]]}}, {"type": "Feature", "properties": {"osm_id": 886277355, "status": "affected", "confidence": "medium", "flooded_fraction": 1.0, "sampled": "centroid", "pixels": 0, "mean_probability": 0.6352}, "geometry": {"type": "Polygon", "coordinates": [[[85.1702034, 27.9595456], [85.1702356, 27.959525], [85.1702591, 27.9595536], [85.1702269, 27.9595742], [85.1702034, 27.9595456]]]}}, {"type": "Feature", "properties": {"osm_id": 1040538307, "status": "affected", "confidence": "medium", "flooded_fraction": 1.0, "sampled": "centroid", "pixels": 0, "mean_probability": 0.6271}, "geometry": {"type": "Polygon", "coordinates": [[[85.337455, 27.9222817], [85.3374951, 27.9222861], [85.3375004, 27.9222482], [85.3374604, 27.9222438], [85.337455, 27.9222817]]]}}, {"type": "Feature", "properties": {"osm_id": 886946586, "status": "affected", "confidence": "medium", "flooded_fraction": 1.0, "sampled": "centroid", "pixels": 0, "mean_probability": 0.553}, "geometry": {"type": "Polygon", "coordinates": [[[85.2098999, 27.9090044], [85.210014, 27.9090036], [85.2100133, 27.908926], [85.2098992, 27.9089267], [85.2098999, 27.9090044]]]}}, {"type": "Feature", "properties": {"osm_id": 890512700, "status": "affected", "confidence": "medium", "flooded_fraction": 1.0, "sampled": "centroid", "pixels": 0, "mean_probability": 0.5023}, "geometry": {"type": "Polygon", "coordinates": [[[85.2114817, 27.908445], [85.211549, 27.9084384], [85.2115396, 27.9083637], [85.2114724, 27.9083703], [85.2114817, 27.908445]]]}}, {"type": "Feature", "properties": {"osm_id": 342149361, "status": "affected", "confidence": "medium", "flooded_fraction": 1.0, "sampled": "centroid", "pixels": 0, "mean_probability": 0.6729}, "geometry": {"type": "Polygon", "coordinates": [[[85.2207983, 27.9051803], [85.2209173, 27.9052174], [85.220964, 27.9051007], [85.220845, 27.9050635], [85.2207983, 27.9051803]]]}}, {"type": "Feature", "properties": {"osm_id": 889075147, "status": "affected", "confidence": "medium", "flooded_fraction": 1.0, "sampled": "centroid", "pixels": 0, "mean_probability": 0.6548}, "geometry": {"type": "Polygon", "coordinates": [[[85.2331651, 27.8995555], [85.2331329, 27.8994997], [85.2332071, 27.8994662], [85.2332394, 27.8995219], [85.2331651, 27.8995555]]]}}, {"type": "Feature", "properties": {"osm_id": 890524647, "status": "affected", "confidence": "medium", "flooded_fraction": 1.0, "sampled": "centroid", "pixels": 0, "mean_probability": 0.6442}, "geometry": {"type": "Polygon", "coordinates": [[[85.2378529, 27.9000853], [85.2378928, 27.9000859], [85.2378935, 27.9000471], [85.2378535, 27.9000466], [85.2378529, 27.9000853]]]}}, {"type": "Feature", "properties": {"osm_id": 342083205, "status": "affected", "confidence": "medium", "flooded_fraction": 1.0, "sampled": "centroid", "pixels": 0, "mean_probability": 0.632}, "geometry": {"type": "Polygon", "coordinates": [[[85.2378097, 27.8998504], [85.2378875, 27.8998452], [85.23788, 27.8997585], [85.2378022, 27.8997638], [85.2378097, 27.8998504]]]}}, {"type": "Feature", "properties": {"osm_id": 890566628, "status": "affected", "confidence": "medium", "flooded_fraction": 1.0, "sampled": "centroid", "pixels": 0, "mean_probability": 0.5635}, "geometry": {"type": "Polygon", "coordinates": [[[85.2345236, 27.8966716], [85.234562, 27.896668], [85.2345595, 27.8966467], [85.2345211, 27.8966502], [85.2345236, 27.8966716]]]}}, {"type": "Feature", "properties": {"osm_id": 890512609, "status": "affected", "confidence": "medium", "flooded_fraction": 1.0, "sampled": "centroid", "pixels": 0, "mean_probability": 0.5524}, "geometry": {"type": "Polygon", "coordinates": [[[85.2124561, 27.9008966], [85.2124621, 27.9009618], [85.2125349, 27.9009565], [85.2125289, 27.9008914], [85.2124561, 27.9008966]]]}}, {"type": "Feature", "properties": {"osm_id": 341862416, "status": "affected", "confidence": "medium", "flooded_fraction": 1.0, "sampled": "centroid", "pixels": 0, "mean_probability": 0.7124}, "geometry": {"type": "Polygon", "coordinates": [[[85.2132191, 27.9020958], [85.2132424, 27.9019994], [85.2133204, 27.90202], [85.2132892, 27.9021096], [85.2132191, 27.9020958]]]}}, {"type": "Feature", "properties": {"osm_id": 887393337, "status": "affected", "confidence": "high", "flooded_fraction": 1.0, "sampled": "footprint", "pixels": 1, "mean_probability": 0.6342}, "geometry": {"type": "Polygon", "coordinates": [[[85.1915073, 27.9033737], [85.1915113, 27.9034159], [85.1915547, 27.9034128], [85.1915507, 27.9033705], [85.1915073, 27.9033737]]]}}, {"type": "Feature", "properties": {"osm_id": 887070290, "status": "affected", "confidence": "medium", "flooded_fraction": 1.0, "sampled": "centroid", "pixels": 0, "mean_probability": 0.9226}, "geometry": {"type": "Polygon", "coordinates": [[[85.1829927, 28.0091301], [85.1830039, 28.0091768], [85.1831039, 28.0091582], [85.1831154, 28.009156], [85.1831043, 28.0091093], [85.1829927, 28.0091301]]]}}, {"type": "Feature", "properties": {"osm_id": 342068780, "status": "affected", "confidence": "high", "flooded_fraction": 1.0, "sampled": "footprint", "pixels": 1, "mean_probability": 0.9226}, "geometry": {"type": "Polygon", "coordinates": [[[85.1832001, 28.0091661], [85.1832518, 28.0091649], [85.1832504, 28.0091141], [85.1831987, 28.0091153], [85.1832001, 28.0091661]]]}}, {"type": "Feature", "properties": {"osm_id": 342369719, "status": "affected", "confidence": "medium", "flooded_fraction": 1.0, "sampled": "centroid", "pixels": 0, "mean_probability": 0.6574}, "geometry": {"type": "Polygon", "coordinates": [[[85.2727509, 27.8715161], [85.2727489, 27.8714353], [85.272839, 27.8714337], [85.272841, 27.8715145], [85.2727509, 27.8715161]]]}}, {"type": "Feature", "properties": {"osm_id": 342369756, "status": "affected", "confidence": "high", "flooded_fraction": 1.0, "sampled": "footprint", "pixels": 1, "mean_probability": 0.6574}, "geometry": {"type": "Polygon", "coordinates": [[[85.2715537, 27.8715637], [85.2715554, 27.8715089], [85.2715841, 27.8715096], [85.2715834, 27.871531], [85.2716058, 27.8715315], [85.2716047, 27.871565], [85.2715537, 27.8715637]]]}}, {"type": "Feature", "properties": {"osm_id": 891116946, "status": "affected", "confidence": "medium", "flooded_fraction": 1.0, "sampled": "centroid", "pixels": 0, "mean_probability": 0.6382}, "geometry": {"type": "Polygon", "coordinates": [[[85.2642234, 27.8778477], [85.2642598, 27.8778881], [85.264323, 27.8778436], [85.2642866, 27.8778032], [85.2642234, 27.8778477]]]}}, {"type": "Feature", "properties": {"osm_id": 341796215, "status": "affected", "confidence": "medium", "flooded_fraction": 1.0, "sampled": "centroid", "pixels": 0, "mean_probability": 0.8276}, "geometry": {"type": "Polygon", "coordinates": [[[85.290009, 27.8622974], [85.2900586, 27.8623003], [85.2900616, 27.8622596], [85.290012, 27.8622568], [85.290009, 27.8622974]]]}}, {"type": "Feature", "properties": {"osm_id": 341620822, "status": "affected", "confidence": "medium", "flooded_fraction": 1.0, "sampled": "centroid", "pixels": 0, "mean_probability": 0.8167}, "geometry": {"type": "Polygon", "coordinates": [[[85.2991568, 27.8661164], [85.2992544, 27.8661207], [85.299258, 27.8660559], [85.2991604, 27.8660517], [85.2991568, 27.8661164]]]}}, {"type": "Feature", "properties": {"osm_id": 341620852, "status": "affected", "confidence": "high", "flooded_fraction": 1.0, "sampled": "footprint", "pixels": 1, "mean_probability": 0.8167}, "geometry": {"type": "Polygon", "coordinates": [[[85.3041025, 27.866779], [85.3041193, 27.8667472], [85.3040919, 27.8667359], [85.3040751, 27.8667677], [85.3041025, 27.866779]]]}}, {"type": "Feature", "properties": {"osm_id": 341635448, "status": "affected", "confidence": "medium", "flooded_fraction": 1.0, "sampled": "centroid", "pixels": 0, "mean_probability": 0.7737}, "geometry": {"type": "Polygon", "coordinates": [[[85.2999539, 27.8611559], [85.2999859, 27.8610937], [85.2998655, 27.8610453], [85.2998335, 27.8611075], [85.2999539, 27.8611559]]]}}, {"type": "Feature", "properties": {"osm_id": 1041582613, "status": "affected", "confidence": "medium", "flooded_fraction": 1.0, "sampled": "centroid", "pixels": 0, "mean_probability": 0.7276}, "geometry": {"type": "Polygon", "coordinates": [[[85.2983481, 27.9195775], [85.2984238, 27.9195769], [85.2984232, 27.9195103], [85.2983474, 27.9195109], [85.2983481, 27.9195775]]]}}, {"type": "Feature", "properties": {"osm_id": 1041582612, "status": "affected", "confidence": "medium", "flooded_fraction": 1.0, "sampled": "centroid", "pixels": 0, "mean_probability": 0.7091}, "geometry": {"type": "Polygon", "coordinates": [[[85.2983025, 27.9194759], [85.2983415, 27.9194801], [85.2983525, 27.9193992], [85.2983136, 27.919395], [85.2983025, 27.9194759]]]}}, {"type": "Feature", "properties": {"osm_id": 890658918, "status": "affected", "confidence": "medium", "flooded_fraction": 1.0, "sampled": "centroid", "pixels": 0, "mean_probability": 0.5556}, "geometry": {"type": "Polygon", "coordinates": [[[85.3023483, 27.9160295], [85.3024677, 27.9159971], [85.3024355, 27.9159046], [85.3023161, 27.9159371], [85.3023483, 27.9160295]]]}}, {"type": "Feature", "properties": {"osm_id": 887070289, "status": "affected", "confidence": "medium", "flooded_fraction": 1.0, "sampled": "centroid", "pixels": 0, "mean_probability": 0.8665}, "geometry": {"type": "Polygon", "coordinates": [[[85.1830303, 28.0093279], [85.1830363, 28.0093803], [85.1831424, 28.0093709], [85.1831363, 28.0093184], [85.1830303, 28.0093279]]]}}, {"type": "Feature", "properties": {"osm_id": 341635426, "status": "affected", "confidence": "medium", "flooded_fraction": 1.0, "sampled": "centroid", "pixels": 0, "mean_probability": 0.5254}, "geometry": {"type": "Polygon", "coordinates": [[[85.3090666, 27.8599838], [85.3091197, 27.8599664], [85.3090813, 27.8598762], [85.3090202, 27.8598735], [85.3090666, 27.8599838]]]}}, {"type": "Feature", "properties": {"osm_id": 859950241, "status": "affected", "confidence": "medium", "flooded_fraction": 1.0, "sampled": "centroid", "pixels": 0, "mean_probability": 0.6426}, "geometry": {"type": "Polygon", "coordinates": [[[85.1596648, 27.9563681], [85.1596726, 27.9563885], [85.1597182, 27.9563749], [85.1597104, 27.9563545], [85.1596648, 27.9563681]]]}}, {"type": "Feature", "properties": {"osm_id": 859950233, "status": "affected", "confidence": "medium", "flooded_fraction": 1.0, "sampled": "centroid", "pixels": 0, "mean_probability": 0.5878}, "geometry": {"type": "Polygon", "coordinates": [[[85.1599364, 27.9562514], [85.1599364, 27.9562763], [85.1599679, 27.9562763], [85.1599679, 27.9562514], [85.1599364, 27.9562514]]]}}, {"type": "Feature", "properties": {"osm_id": 341698561, "status": "affected", "confidence": "medium", "flooded_fraction": 1.0, "sampled": "centroid", "pixels": 0, "mean_probability": 0.8052}, "geometry": {"type": "Polygon", "coordinates": [[[85.1535063, 27.9367195], [85.1535701, 27.9366223], [85.1536715, 27.9366743], [85.1536077, 27.9367714], [85.1535063, 27.9367195]]]}}, {"type": "Feature", "properties": {"osm_id": 341698563, "status": "affected", "confidence": "high", "flooded_fraction": 1.0, "sampled": "footprint", "pixels": 1, "mean_probability": 0.8052}, "geometry": {"type": "Polygon", "coordinates": [[[85.1533824, 27.9365683], [85.1533489, 27.9366228], [85.1534199, 27.9366569], [85.1534534, 27.9366024], [85.1533824, 27.9365683]]]}}, {"type": "Feature", "properties": {"osm_id": 341697704, "status": "affected", "confidence": "medium", "flooded_fraction": 1.0, "sampled": "centroid", "pixels": 0, "mean_probability": 0.8222}, "geometry": {"type": "Polygon", "coordinates": [[[85.163893, 27.9482715], [85.1639284, 27.9483967], [85.163861, 27.9484116], [85.1638256, 27.9482864], [85.163893, 27.9482715]]]}}, {"type": "Feature", "properties": {"osm_id": 886391965, "status": "affected", "confidence": "medium", "flooded_fraction": 1.0, "sampled": "centroid", "pixels": 0, "mean_probability": 0.8351}, "geometry": {"type": "Polygon", "coordinates": [[[85.1825925, 27.9697091], [85.1826358, 27.9697593], [85.1826761, 27.9697322], [85.1826328, 27.969682], [85.1825925, 27.9697091]]]}}, {"type": "Feature", "properties": {"osm_id": 848313669, "status": "affected", "confidence": "medium", "flooded_fraction": 1.0, "sampled": "centroid", "pixels": 0, "mean_probability": 0.9615}, "geometry": {"type": "Polygon", "coordinates": [[[85.1844853, 27.996186], [85.1845404, 27.9962374], [85.184763, 27.9960515], [85.1847079, 27.9960001], [85.1844853, 27.996186]]]}}, {"type": "Feature", "properties": {"osm_id": 341461747, "status": "affected", "confidence": "medium", "flooded_fraction": 1.0, "sampled": "centroid", "pixels": 0, "mean_probability": 0.9568}, "geometry": {"type": "Polygon", "coordinates": [[[85.1851663, 27.9707603], [85.1851993, 27.9707512], [85.1852046, 27.970766], [85.1852542, 27.9707522], [85.1852694, 27.9707948], [85.1851868, 27.9708178], [85.1851663, 27.9707603]]]}}, {"type": "Feature", "properties": {"osm_id": 341462112, "status": "affected", "confidence": "medium", "flooded_fraction": 1.0, "sampled": "centroid", "pixels": 0, "mean_probability": 0.9158}, "geometry": {"type": "Polygon", "coordinates": [[[85.1844703, 27.970564], [85.1845178, 27.9705627], [85.1845158, 27.9705014], [85.1844683, 27.9705027], [85.1844703, 27.970564]]]}}, {"type": "Feature", "properties": {"osm_id": 886277378, "status": "affected", "confidence": "medium", "flooded_fraction": 1.0, "sampled": "centroid", "pixels": 0, "mean_probability": 0.9063}, "geometry": {"type": "Polygon", "coordinates": [[[85.1725149, 27.9625179], [85.1725405, 27.9625472], [85.172603, 27.9625045], [85.1725773, 27.9624753], [85.1725149, 27.9625179]]]}}, {"type": "Feature", "properties": {"osm_id": 890977173, "status": "affected", "confidence": "medium", "flooded_fraction": 1.0, "sampled": "centroid", "pixels": 0, "mean_probability": 0.6731}, "geometry": {"type": "Polygon", "coordinates": [[[85.1596031, 27.9545947], [85.1597069, 27.954671], [85.1597521, 27.954623], [85.1596483, 27.9545468], [85.1596031, 27.9545947]]]}}, {"type": "Feature", "properties": {"osm_id": 859950250, "status": "affected", "confidence": "medium", "flooded_fraction": 1.0, "sampled": "centroid", "pixels": 0, "mean_probability": 0.6213}, "geometry": {"type": "Polygon", "coordinates": [[[85.1595528, 27.9561241], [85.1595803, 27.9561244], [85.159581, 27.9560842], [85.1595535, 27.9560838], [85.1595528, 27.9561241]]]}}, {"type": "Feature", "properties": {"osm_id": 341049880, "status": "affected", "confidence": "medium", "flooded_fraction": 1.0, "sampled": "centroid", "pixels": 0, "mean_probability": 0.8276}, "geometry": {"type": "Polygon", "coordinates": [[[85.180275, 27.9796888], [85.1803946, 27.9797031], [85.1804008, 27.9796622], [85.1802812, 27.9796479], [85.180275, 27.9796888]]]}}, {"type": "Feature", "properties": {"osm_id": 890910430, "status": "affected", "confidence": "medium", "flooded_fraction": 1.0, "sampled": "centroid", "pixels": 0, "mean_probability": 0.6409}, "geometry": {"type": "Polygon", "coordinates": [[[85.2816738, 27.9181117], [85.2817526, 27.9181018], [85.2817376, 27.9180073], [85.2816587, 27.9180171], [85.2816738, 27.9181117]]]}}, {"type": "Feature", "properties": {"osm_id": 888801286, "status": "affected", "confidence": "medium", "flooded_fraction": 1.0, "sampled": "centroid", "pixels": 0, "mean_probability": 0.7723}, "geometry": {"type": "Polygon", "coordinates": [[[85.2848871, 27.9110392], [85.2849281, 27.911011], [85.2848812, 27.9109579], [85.2848403, 27.9109861], [85.2848871, 27.9110392]]]}}, {"type": "Feature", "properties": {"osm_id": 341606756, "status": "affected", "confidence": "medium", "flooded_fraction": 1.0, "sampled": "centroid", "pixels": 0, "mean_probability": 0.7256}, "geometry": {"type": "Polygon", "coordinates": [[[85.2098013, 27.9088381], [85.2097797, 27.9087458], [85.2098888, 27.9087258], [85.2099104, 27.908818], [85.2098013, 27.9088381]]]}}, {"type": "Feature", "properties": {"osm_id": 342149415, "status": "affected", "confidence": "medium", "flooded_fraction": 1.0, "sampled": "centroid", "pixels": 0, "mean_probability": 0.6989}, "geometry": {"type": "Polygon", "coordinates": [[[85.2217218, 27.9055632], [85.2217351, 27.9054788], [85.2216767, 27.9054716], [85.2216634, 27.905556], [85.2217218, 27.9055632]]]}}, {"type": "Feature", "properties": {"osm_id": 341697709, "status": "affected", "confidence": "medium", "flooded_fraction": 1.0, "sampled": "centroid", "pixels": 0, "mean_probability": 0.7577}, "geometry": {"type": "Polygon", "coordinates": [[[85.1602117, 27.9463389], [85.1601794, 27.9462706], [85.1602626, 27.9462399], [85.1602949, 27.9463082], [85.1602117, 27.9463389]]]}}, {"type": "Feature", "properties": {"osm_id": 890499830, "status": "affected", "confidence": "medium", "flooded_fraction": 1.0, "sampled": "centroid", "pixels": 0, "mean_probability": 0.6497}, "geometry": {"type": "Polygon", "coordinates": [[[85.23085, 27.9020895], [85.2308815, 27.9021186], [85.2308969, 27.9021055], [85.2308654, 27.9020764], [85.23085, 27.9020895]]]}}, {"type": "Feature", "properties": {"osm_id": 342083476, "status": "affected", "confidence": "medium", "flooded_fraction": 1.0, "sampled": "centroid", "pixels": 0, "mean_probability": 0.71}, "geometry": {"type": "Polygon", "coordinates": [[[85.2326703, 27.8987263], [85.2327481, 27.8987104], [85.2327215, 27.8986088], [85.2326437, 27.8986247], [85.2326703, 27.8987263]]]}}, {"type": "Feature", "properties": {"osm_id": 342548532, "status": "affected", "confidence": "medium", "flooded_fraction": 1.0, "sampled": "centroid", "pixels": 0, "mean_probability": 0.504}, "geometry": {"type": "Polygon", "coordinates": [[[85.2077628, 27.899674], [85.2077519, 27.8997151], [85.2077885, 27.8997227], [85.2077994, 27.8996816], [85.2077628, 27.899674]]]}}, {"type": "Feature", "properties": {"osm_id": 886388192, "status": "affected", "confidence": "medium", "flooded_fraction": 1.0, "sampled": "centroid", "pixels": 0, "mean_probability": 0.7542}, "geometry": {"type": "Polygon", "coordinates": [[[85.1834202, 27.9694113], [85.1834276, 27.9693464], [85.1835047, 27.9693533], [85.1834973, 27.9694182], [85.1834202, 27.9694113]]]}}, {"type": "Feature", "properties": {"osm_id": 886388189, "status": "affected", "confidence": "high", "flooded_fraction": 1.0, "sampled": "footprint", "pixels": 1, "mean_probability": 0.7542}, "geometry": {"type": "Polygon", "coordinates": [[[85.1828913, 27.9694827], [85.1829916, 27.9694945], [85.1830027, 27.9694212], [85.1829024, 27.9694093], [85.1828913, 27.9694827]]]}}, {"type": "Feature", "properties": {"osm_id": 890512606, "status": "affected", "confidence": "medium", "flooded_fraction": 1.0, "sampled": "centroid", "pixels": 0, "mean_probability": 0.6133}, "geometry": {"type": "Polygon", "coordinates": [[[85.2159302, 27.9029577], [85.2159957, 27.9030132], [85.2160266, 27.9029848], [85.215961, 27.9029292], [85.2159302, 27.9029577]]]}}, {"type": "Feature", "properties": {"osm_id": 341049748, "status": "affected", "confidence": "medium", "flooded_fraction": 1.0, "sampled": "centroid", "pixels": 0, "mean_probability": 0.6691}, "geometry": {"type": "Polygon", "coordinates": [[[85.1713691, 27.9646883], [85.1713981, 27.9646372], [85.1713069, 27.9645969], [85.1712779, 27.9646481], [85.1713691, 27.9646883]]]}}, {"type": "Feature", "properties": {"osm_id": 886277356, "status": "affected", "confidence": "medium", "flooded_fraction": 1.0, "sampled": "centroid", "pixels": 0, "mean_probability": 0.7207}, "geometry": {"type": "Polygon", "coordinates": [[[85.1703091, 27.9598392], [85.1703922, 27.9599173], [85.1704825, 27.9598392], [85.1704046, 27.9597657], [85.1703091, 27.9598392]]]}}, {"type": "Feature", "properties": {"osm_id": 341697689, "status": "affected", "confidence": "medium", "flooded_fraction": 1.0, "sampled": "centroid", "pixels": 0, "mean_probability": 0.9707}, "geometry": {"type": "Polygon", "coordinates": [[[85.1633119, 27.9550572], [85.1633397, 27.9550143], [85.1634037, 27.9550466], [85.1633759, 27.9550895], [85.1633119, 27.9550572]]]}}, {"type": "Feature", "properties": {"osm_id": 342083511, "status": "affected", "confidence": "medium", "flooded_fraction": 1.0, "sampled": "centroid", "pixels": 0, "mean_probability": 0.7505}, "geometry": {"type": "Polygon", "coordinates": [[[85.243269, 27.9048773], [85.2432631, 27.9047292], [85.2430596, 27.9047357], [85.2430656, 27.9048837], [85.243269, 27.9048773]]]}}, {"type": "Feature", "properties": {"osm_id": 890499817, "status": "affected", "confidence": "medium", "flooded_fraction": 1.0, "sampled": "centroid", "pixels": 0, "mean_probability": 0.6061}, "geometry": {"type": "Polygon", "coordinates": [[[85.2317244, 27.9020641], [85.2317536, 27.9020772], [85.2317878, 27.902018], [85.2317586, 27.9020048], [85.2317244, 27.9020641]]]}}, {"type": "Feature", "properties": {"osm_id": 889075145, "status": "affected", "confidence": "medium", "flooded_fraction": 1.0, "sampled": "centroid", "pixels": 0, "mean_probability": 0.6738}, "geometry": {"type": "Polygon", "coordinates": [[[85.2333116, 27.8996835], [85.2332877, 27.8996478], [85.2333617, 27.8996091], [85.2333856, 27.8996448], [85.2333116, 27.8996835]]]}}, {"type": "Feature", "properties": {"osm_id": 342168100, "status": "affected", "confidence": "medium", "flooded_fraction": 1.0, "sampled": "centroid", "pixels": 0, "mean_probability": 0.5218}, "geometry": {"type": "Polygon", "coordinates": [[[85.2329166, 27.8987583], [85.2329394, 27.8987785], [85.2329867, 27.8987368], [85.2329638, 27.8987166], [85.2329166, 27.8987583]]]}}, {"type": "Feature", "properties": {"osm_id": 342083232, "status": "affected", "confidence": "medium", "flooded_fraction": 1.0, "sampled": "centroid", "pixels": 0, "mean_probability": 0.5127}, "geometry": {"type": "Polygon", "coordinates": [[[85.2377648, 27.8996599], [85.2377767, 27.8997445], [85.2378548, 27.8997359], [85.2378428, 27.8996513], [85.2377648, 27.8996599]]]}}, {"type": "Feature", "properties": {"osm_id": 890524941, "status": "affected", "confidence": "high", "flooded_fraction": 1.0, "sampled": "footprint", "pixels": 1, "mean_probability": 0.5127}, "geometry": {"type": "Polygon", "coordinates": [[[85.2393251, 27.9015935], [85.2393961, 27.9015913], [85.2393914, 27.9014722], [85.2393204, 27.9014744], [85.2393251, 27.9015935]]]}}, {"type": "Feature", "properties": {"osm_id": 889083775, "status": "affected", "confidence": "medium", "flooded_fraction": 1.0, "sampled": "centroid", "pixels": 0, "mean_probability": 0.8719}, "geometry": {"type": "Polygon", "coordinates": [[[85.2320366, 27.8980254], [85.2320051, 27.8979852], [85.2320505, 27.8979574], [85.232082, 27.8979976], [85.2320366, 27.8980254]]]}}, {"type": "Feature", "properties": {"osm_id": 341462082, "status": "affected", "confidence": "medium", "flooded_fraction": 1.0, "sampled": "centroid", "pixels": 0, "mean_probability": 0.9971}, "geometry": {"type": "Polygon", "coordinates": [[[85.1856985, 27.9745637], [85.1857131, 27.9745189], [85.1857903, 27.9745387], [85.1857757, 27.9745835], [85.1856985, 27.9745637]]]}}, {"type": "Feature", "properties": {"osm_id": 341697707, "status": "affected", "confidence": "medium", "flooded_fraction": 1.0, "sampled": "centroid", "pixels": 0, "mean_probability": 0.546}, "geometry": {"type": "Polygon", "coordinates": [[[85.162082, 27.9480907], [85.162178, 27.9480674], [85.1621987, 27.9481343], [85.1621027, 27.9481575], [85.162082, 27.9480907]]]}}, {"type": "Feature", "properties": {"osm_id": 341049816, "status": "affected", "confidence": "medium", "flooded_fraction": 1.0, "sampled": "centroid", "pixels": 0, "mean_probability": 0.9401}, "geometry": {"type": "Polygon", "coordinates": [[[85.172724, 27.9656408], [85.1727457, 27.9656179], [85.1726781, 27.9655678], [85.1726563, 27.9655908], [85.172724, 27.9656408]]]}}, {"type": "Feature", "properties": {"osm_id": 341919215, "status": "affected", "confidence": "medium", "flooded_fraction": 1.0, "sampled": "centroid", "pixels": 0, "mean_probability": 0.7448}, "geometry": {"type": "Polygon", "coordinates": [[[85.1520451, 27.9352915], [85.1520639, 27.9352619], [85.1521001, 27.9352891], [85.1520773, 27.935314], [85.1520451, 27.9352915]]]}}, {"type": "Feature", "properties": {"osm_id": 341698549, "status": "affected", "confidence": "medium", "flooded_fraction": 1.0, "sampled": "centroid", "pixels": 0, "mean_probability": 0.5482}, "geometry": {"type": "Polygon", "coordinates": [[[85.1563842, 27.9390398], [85.1564298, 27.938993], [85.1564905, 27.9390391], [85.1564449, 27.9390859], [85.1563842, 27.9390398]]]}}, {"type": "Feature", "properties": {"osm_id": 890977300, "status": "affected", "confidence": "high", "flooded_fraction": 1.0, "sampled": "footprint", "pixels": 1, "mean_probability": 0.5482}, "geometry": {"type": "Polygon", "coordinates": [[[85.1500175, 27.9341702], [85.15, 27.93415931147388], [85.15, 27.934192160784306], [85.1500175, 27.9341702]]]}}, {"type": "Feature", "properties": {"osm_id": 922502730, "status": "affected", "confidence": "medium", "flooded_fraction": 1.0, "sampled": "centroid", "pixels": 0, "mean_probability": 0.5089}, "geometry": {"type": "Polygon", "coordinates": [[[85.2609426, 27.8772979], [85.2608835, 27.8772201], [85.2609684, 27.8771698], [85.2610274, 27.8772476], [85.2609426, 27.8772979]]]}}, {"type": "Feature", "properties": {"osm_id": 890570581, "status": "affected", "confidence": "high", "flooded_fraction": 1.0, "sampled": "footprint", "pixels": 1, "mean_probability": 0.5089}, "geometry": {"type": "Polygon", "coordinates": [[[85.2535488, 27.8789917], [85.2536579, 27.8789939], [85.2536608, 27.8788803], [85.2535518, 27.8788781], [85.2535488, 27.8789917]]]}}, {"type": "Feature", "properties": {"osm_id": 890977172, "status": "affected", "confidence": "medium", "flooded_fraction": 1.0, "sampled": "centroid", "pixels": 0, "mean_probability": 0.5077}, "geometry": {"type": "Polygon", "coordinates": [[[85.1593034, 27.9548785], [85.1593833, 27.9549372], [85.1594104, 27.9549085], [85.1593305, 27.9548497], [85.1593034, 27.9548785]]]}}, {"type": "Feature", "properties": {"osm_id": 341049848, "status": "affected", "confidence": "medium", "flooded_fraction": 1.0, "sampled": "centroid", "pixels": 0, "mean_probability": 0.8183}, "geometry": {"type": "Polygon", "coordinates": [[[85.1792913, 27.9799559], [85.1793209, 27.9798791], [85.1794321, 27.9799125], [85.1794026, 27.9799893], [85.1792913, 27.9799559]]]}}, {"type": "Feature", "properties": {"osm_id": 846895828, "status": "affected", "confidence": "medium", "flooded_fraction": 1.0, "sampled": "centroid", "pixels": 0, "mean_probability": 0.9449}, "geometry": {"type": "Polygon", "coordinates": [[[85.1827016, 27.9890014], [85.1827888, 27.988999], [85.182786, 27.9889169], [85.1826988, 27.9889193], [85.1827016, 27.9890014]]]}}, {"type": "Feature", "properties": {"osm_id": 891929285, "status": "affected", "confidence": "medium", "flooded_fraction": 1.0, "sampled": "centroid", "pixels": 0, "mean_probability": 0.9564}, "geometry": {"type": "Polygon", "coordinates": [[[85.1502369, 27.9228297], [85.1502739, 27.9228632], [85.1503115, 27.9228307], [85.1502745, 27.9227972], [85.1502369, 27.9228297]]]}}, {"type": "Feature", "properties": {"osm_id": 341049758, "status": "affected", "confidence": "medium", "flooded_fraction": 1.0, "sampled": "centroid", "pixels": 0, "mean_probability": 0.7511}, "geometry": {"type": "Polygon", "coordinates": [[[85.1719436, 27.9652644], [85.1719, 27.9652472], [85.1719234, 27.965201], [85.1719669, 27.9652182], [85.1719436, 27.9652644]]]}}, {"type": "Feature", "properties": {"osm_id": 890560153, "status": "affected", "confidence": "medium", "flooded_fraction": 1.0, "sampled": "centroid", "pixels": 0, "mean_probability": 0.5946}, "geometry": {"type": "Polygon", "coordinates": [[[85.2529812, 27.8839272], [85.2530352, 27.8838811], [85.2529903, 27.8838401], [85.2529363, 27.8838862], [85.2529812, 27.8839272]]]}}, {"type": "Feature", "properties": {"osm_id": 886262252, "status": "affected", "confidence": "medium", "flooded_fraction": 1.0, "sampled": "centroid", "pixels": 0, "mean_probability": 0.8421}, "geometry": {"type": "Polygon", "coordinates": [[[85.1849889, 27.9964908], [85.1850124, 27.9965409], [85.1850671, 27.996521], [85.1850436, 27.9964709], [85.1849889, 27.9964908]]]}}, {"type": "Feature", "properties": {"osm_id": 854887289, "status": "affected", "confidence": "medium", "flooded_fraction": 1.0, "sampled": "centroid", "pixels": 0, "mean_probability": 0.7852}, "geometry": {"type": "Polygon", "coordinates": [[[85.1840749, 27.9923788], [85.1841243, 27.9924039], [85.1841497, 27.9923648], [85.1841004, 27.9923397], [85.1840749, 27.9923788]]]}}, {"type": "Feature", "properties": {"osm_id": 847027781, "status": "affected", "confidence": "medium", "flooded_fraction": 1.0, "sampled": "centroid", "pixels": 0, "mean_probability": 0.9824}, "geometry": {"type": "Polygon", "coordinates": [[[85.1836652, 27.9931781], [85.1837356, 27.9931645], [85.1837235, 27.9931154], [85.183653, 27.993129], [85.1836652, 27.9931781]]]}}, {"type": "Feature", "properties": {"osm_id": 926452884, "status": "affected", "confidence": "high", "flooded_fraction": 1.0, "sampled": "footprint", "pixels": 1, "mean_probability": 0.9824}, "geometry": {"type": "Polygon", "coordinates": [[[85.1716523, 27.9942768], [85.1716736, 27.9942447], [85.171616, 27.9942166], [85.1715895, 27.9942455], [85.1716523, 27.9942768]]]}}, {"type": "Feature", "properties": {"osm_id": 341461784, "status": "affected", "confidence": "medium", "flooded_fraction": 1.0, "sampled": "centroid", "pixels": 0, "mean_probability": 0.9621}, "geometry": {"type": "Polygon", "coordinates": [[[85.1853965, 27.9738096], [85.1854433, 27.9738159], [85.1854344, 27.9738671], [85.1853877, 27.9738608], [85.1853965, 27.9738096]]]}}, {"type": "Feature", "properties": {"osm_id": 846895893, "status": "affected", "confidence": "medium", "flooded_fraction": 1.0, "sampled": "centroid", "pixels": 0, "mean_probability": 0.984}, "geometry": {"type": "Polygon", "coordinates": [[[85.185001, 27.9744916], [85.1850015, 27.974527], [85.1850545, 27.9745264], [85.1850539, 27.974491], [85.185001, 27.9744916]]]}}, {"type": "Feature", "properties": {"osm_id": 341661579, "status": "affected", "confidence": "medium", "flooded_fraction": 1.0, "sampled": "centroid", "pixels": 0, "mean_probability": 0.5382}, "geometry": {"type": "Polygon", "coordinates": [[[85.3495753, 27.8628353], [85.3496178, 27.8628809], [85.3496484, 27.8628586], [85.3496059, 27.862813], [85.3495753, 27.8628353]]]}}, {"type": "Feature", "properties": {"osm_id": 303976953, "status": "affected", "confidence": "medium", "flooded_fraction": 1.0, "sampled": "centroid", "pixels": 0, "mean_probability": 0.7037}, "geometry": {"type": "Polygon", "coordinates": [[[85.3311981, 27.8638482], [85.331259, 27.863853], [85.3312621, 27.8638218], [85.3312012, 27.863817], [85.3311981, 27.8638482]]]}}, {"type": "Feature", "properties": {"osm_id": 342369732, "status": "affected", "confidence": "medium", "flooded_fraction": 1.0, "sampled": "centroid", "pixels": 0, "mean_probability": 0.6863}, "geometry": {"type": "Polygon", "coordinates": [[[85.2747371, 27.8688402], [85.2747189, 27.8688536], [85.2747743, 27.8689121], [85.2750278, 27.8687249], [85.2749725, 27.8686663], [85.2747371, 27.8688402]]]}}, {"type": "Feature", "properties": {"osm_id": 922502791, "status": "affected", "confidence": "high", "flooded_fraction": 1.0, "sampled": "footprint", "pixels": 1, "mean_probability": 0.6863}, "geometry": {"type": "Polygon", "coordinates": [[[85.2744449, 27.8683977], [85.2744037, 27.8683138], [85.2744993, 27.8682772], [85.2745404, 27.8683611], [85.2744449, 27.8683977]]]}}, {"type": "Feature", "properties": {"osm_id": 341620869, "status": "affected", "confidence": "medium", "flooded_fraction": 1.0, "sampled": "centroid", "pixels": 0, "mean_probability": 0.5732}, "geometry": {"type": "Polygon", "coordinates": [[[85.29916, 27.8662027], [85.2992863, 27.8662437], [85.2993093, 27.8661885], [85.2991829, 27.8661475], [85.29916, 27.8662027]]]}}, {"type": "Feature", "properties": {"osm_id": 341626842, "status": "affected", "confidence": "medium", "flooded_fraction": 1.0, "sampled": "centroid", "pixels": 0, "mean_probability": 0.5422}, "geometry": {"type": "Polygon", "coordinates": [[[85.3054107, 27.8629444], [85.3055044, 27.8629133], [85.305477, 27.8628489], [85.3053834, 27.86288], [85.3054107, 27.8629444]]]}}, {"type": "Feature", "properties": {"osm_id": 891434938, "status": "affected", "confidence": "medium", "flooded_fraction": 1.0, "sampled": "centroid", "pixels": 0, "mean_probability": 0.7615}, "geometry": {"type": "Polygon", "coordinates": [[[85.2119458, 27.8538726], [85.2120423, 27.8539034], [85.2120659, 27.8538458], [85.2119693, 27.853815], [85.2119458, 27.8538726]]]}}, {"type": "Feature", "properties": {"osm_id": 887543885, "status": "affected", "confidence": "high", "flooded_fraction": 1.0, "sampled": "footprint", "pixels": 1, "mean_probability": 0.7615}, "geometry": {"type": "Polygon", "coordinates": [[[85.2064385, 27.8525132], [85.2064825, 27.8525326], [85.2065197, 27.8524669], [85.2064757, 27.8524475], [85.2064385, 27.8525132]]]}}, {"type": "Feature", "properties": {"osm_id": 341941656, "status": "affected", "confidence": "medium", "flooded_fraction": 1.0, "sampled": "centroid", "pixels": 0, "mean_probability": 0.8665}, "geometry": {"type": "Polygon", "coordinates": [[[85.183004, 28.0093046], [85.1831286, 28.0092877], [85.1831159, 28.0092148], [85.1830115, 28.0092289], [85.1829913, 28.0092317], [85.183004, 28.0093046]]]}}, {"type": "Feature", "properties": {"osm_id": 341964281, "status": "affected", "confidence": "medium", "flooded_fraction": 1.0, "sampled": "centroid", "pixels": 0, "mean_probability": 0.719}, "geometry": {"type": "Polygon", "coordinates": [[[85.282278, 27.8737816], [85.2822185, 27.8738268], [85.2822697, 27.8738793], [85.2823291, 27.8738341], [85.282278, 27.8737816]]]}}, {"type": "Feature", "properties": {"osm_id": 342369578, "status": "affected", "confidence": "medium", "flooded_fraction": 1.0, "sampled": "centroid", "pixels": 0, "mean_probability": 0.6194}, "geometry": {"type": "Polygon", "coordinates": [[[85.2700906, 27.8720972], [85.2701335, 27.8721088], [85.2701553, 27.8720457], [85.2701123, 27.8720341], [85.2700906, 27.8720972]]]}}, {"type": "Feature", "properties": {"osm_id": 342369800, "status": "affected", "confidence": "medium", "flooded_fraction": 1.0, "sampled": "centroid", "pixels": 0, "mean_probability": 0.5656}, "geometry": {"type": "Polygon", "coordinates": [[[85.2690915, 27.873458], [85.2690564, 27.8734032], [85.2690858, 27.8733885], [85.2690975, 27.8734067], [85.2692033, 27.8733537], [85.2692214, 27.8733819], [85.2691627, 27.8734113], [85.269168, 27.8734196], [85.2690915, 27.873458]]]}}, {"type": "Feature", "properties": {"osm_id": 342369763, "status": "affected", "confidence": "medium", "flooded_fraction": 1.0, "sampled": "centroid", "pixels": 0, "mean_probability": 0.5025}, "geometry": {"type": "Polygon", "coordinates": [[[85.2744633, 27.8700524], [85.2744297, 27.8699556], [85.2745361, 27.8699268], [85.2745593, 27.8699935], [85.2745367, 27.8699997], [85.2745471, 27.8700297], [85.2744633, 27.8700524]]]}}, {"type": "Feature", "properties": {"osm_id": 922509781, "status": "affected", "confidence": "medium", "flooded_fraction": 1.0, "sampled": "centroid", "pixels": 0, "mean_probability": 0.7211}, "geometry": {"type": "Polygon", "coordinates": [[[85.2802834, 27.8689617], [85.2802757, 27.8689], [85.2803744, 27.8688902], [85.2803822, 27.868952], [85.2802834, 27.8689617]]]}}, {"type": "Feature", "properties": {"osm_id": 922509779, "status": "affected", "confidence": "high", "flooded_fraction": 1.0, "sampled": "footprint", "pixels": 1, "mean_probability": 0.7211}, "geometry": {"type": "Polygon", "coordinates": [[[85.2807295, 27.8690646], [85.2807257, 27.8689927], [85.2805702, 27.8689991], [85.280574, 27.8690711], [85.2807295, 27.8690646]]]}}, {"type": "Feature", "properties": {"osm_id": 922502792, "status": "affected", "confidence": "medium", "flooded_fraction": 1.0, "sampled": "centroid", "pixels": 0, "mean_probability": 0.8592}, "geometry": {"type": "Polygon", "coordinates": [[[85.2749348, 27.8681513], [85.2749321, 27.868059], [85.2750702, 27.8680558], [85.2750729, 27.8681481], [85.2749348, 27.8681513]]]}}, {"type": "Feature", "properties": {"osm_id": 342682458, "status": "affected", "confidence": "high", "flooded_fraction": 1.0, "sampled": "footprint", "pixels": 1, "mean_probability": 0.8592}, "geometry": {"type": "Polygon", "coordinates": [[[85.2757963, 27.8674427], [85.2757201, 27.8674676], [85.2757398, 27.8675201], [85.2758189, 27.8675], [85.2757963, 27.8674427]]]}}, {"type": "Feature", "properties": {"osm_id": 342149390, "status": "affected", "confidence": "medium", "flooded_fraction": 1.0, "sampled": "centroid", "pixels": 0, "mean_probability": 0.5572}, "geometry": {"type": "Polygon", "coordinates": [[[85.2216338, 27.905879], [85.2217223, 27.9058816], [85.2217243, 27.9058262], [85.2216359, 27.9058237], [85.2216338, 27.905879]]]}}, {"type": "Feature", "properties": {"osm_id": 342149408, "status": "affected", "confidence": "medium", "flooded_fraction": 1.0, "sampled": "centroid", "pixels": 0, "mean_probability": 0.5885}, "geometry": {"type": "Polygon", "coordinates": [[[85.2212067, 27.9053486], [85.2212815, 27.9053493], [85.2212822, 27.9052878], [85.2212075, 27.9052871], [85.2212067, 27.9053486]]]}}, {"type": "Feature", "properties": {"osm_id": 341614835, "status": "affected", "confidence": "medium", "flooded_fraction": 1.0, "sampled": "centroid", "pixels": 0, "mean_probability": 0.6836}, "geometry": {"type": "Polygon", "coordinates": [[[85.2112246, 27.9045431], [85.2113338, 27.9044817], [85.2112649, 27.9043861], [85.2111557, 27.9044475], [85.2112246, 27.9045431]]]}}, {"type": "Feature", "properties": {"osm_id": 342228523, "status": "affected", "confidence": "medium", "flooded_fraction": 1.0, "sampled": "centroid", "pixels": 0, "mean_probability": 0.6406}, "geometry": {"type": "Polygon", "coordinates": [[[85.1979005, 27.9037659], [85.1979784, 27.9036821], [85.1979067, 27.90363], [85.1978288, 27.9037137], [85.1979005, 27.9037659]]]}}, {"type": "Feature", "properties": {"osm_id": 342228379, "status": "affected", "confidence": "high", "flooded_fraction": 1.0, "sampled": "footprint", "pixels": 1, "mean_probability": 0.6406}, "geometry": {"type": "Polygon", "coordinates": [[[85.1890957, 27.9047243], [85.1891631, 27.9047485], [85.1891922, 27.9046851], [85.1891248, 27.9046609], [85.1890957, 27.9047243]]]}}, {"type": "Feature", "properties": {"osm_id": 892015230, "status": "affected", "confidence": "medium", "flooded_fraction": 1.0, "sampled": "centroid", "pixels": 0, "mean_probability": 0.8664}, "geometry": {"type": "Polygon", "coordinates": [[[85.15837, 27.8934864], [85.1586074, 27.8935132], [85.1586213, 27.8934171], [85.1583838, 27.8933903], [85.15837, 27.8934864]]]}}, {"type": "Feature", "properties": {"osm_id": 341650047, "status": "affected", "confidence": "medium", "flooded_fraction": 1.0, "sampled": "centroid", "pixels": 0, "mean_probability": 0.6907}, "geometry": {"type": "Polygon", "coordinates": [[[85.3280568, 27.8549875], [85.3280595, 27.8549547], [85.3281047, 27.8549576], [85.328102, 27.8549904], [85.3280568, 27.8549875]]]}}, {"type": "Feature", "properties": {"osm_id": 846895899, "status": "affected", "confidence": "medium", "flooded_fraction": 1.0, "sampled": "centroid", "pixels": 0, "mean_probability": 0.9929}, "geometry": {"type": "Polygon", "coordinates": [[[85.1864769, 27.9744484], [85.1864552, 27.9744681], [85.1865048, 27.9745107], [85.1865265, 27.974491], [85.1864769, 27.9744484]]]}}, {"type": "Feature", "properties": {"osm_id": 890976918, "status": "affected", "confidence": "medium", "flooded_fraction": 1.0, "sampled": "centroid", "pixels": 0, "mean_probability": 0.9233}, "geometry": {"type": "Polygon", "coordinates": [[[85.158897, 27.9432561], [85.1589698, 27.9433247], [85.1590815, 27.9432321], [85.1590087, 27.9431636], [85.158897, 27.9432561]]]}}, {"type": "Feature", "properties": {"osm_id": 341049695, "status": "affected", "confidence": "medium", "flooded_fraction": 1.0, "sampled": "centroid", "pixels": 0, "mean_probability": 0.6668}, "geometry": {"type": "Polygon", "coordinates": [[[85.1702657, 27.9654303], [85.1703208, 27.9653646], [85.1700848, 27.9652104], [85.1700298, 27.9652761], [85.1702657, 27.9654303]]]}}, {"type": "Feature", "properties": {"osm_id": 341049709, "status": "affected", "confidence": "high", "flooded_fraction": 1.0, "sampled": "footprint", "pixels": 1, "mean_probability": 0.7411}, "geometry": {"type": "Polygon", "coordinates": [[[85.1696243, 27.9653789], [85.1696676, 27.965332], [85.1696075, 27.9652887], [85.1695643, 27.9653356], [85.1696243, 27.9653789]]]}}, {"type": "Feature", "properties": {"osm_id": 886471673, "status": "affected", "confidence": "medium", "flooded_fraction": 1.0, "sampled": "centroid", "pixels": 0, "mean_probability": 0.91}, "geometry": {"type": "Polygon", "coordinates": [[[85.1821041, 27.987207], [85.1820148, 27.9871739], [85.1820536, 27.9870921], [85.1821429, 27.9871252], [85.1821041, 27.987207]]]}}, {"type": "Feature", "properties": {"osm_id": 860106244, "status": "affected", "confidence": "medium", "flooded_fraction": 1.0, "sampled": "centroid", "pixels": 0, "mean_probability": 0.721}, "geometry": {"type": "Polygon", "coordinates": [[[85.1914765, 27.975316], [85.1915198, 27.9752768], [85.1914641, 27.9752288], [85.1914208, 27.975268], [85.1914765, 27.975316]]]}}, {"type": "Feature", "properties": {"osm_id": 341654837, "status": "affected", "confidence": "medium", "flooded_fraction": 1.0, "sampled": "centroid", "pixels": 0, "mean_probability": 0.9686}, "geometry": {"type": "Polygon", "coordinates": [[[85.1502559, 27.9239377], [85.1502658, 27.9240145], [85.1504147, 27.9239995], [85.1503984, 27.9238736], [85.1503147, 27.923882], [85.1503211, 27.9239312], [85.1502559, 27.9239377]]]}}, {"type": "Feature", "properties": {"osm_id": 341702728, "status": "affected", "confidence": "high", "flooded_fraction": 1.0, "sampled": "footprint", "pixels": 1, "mean_probability": 0.9686}, "geometry": {"type": "Polygon", "coordinates": [[[85.1537055, 27.9258574], [85.153591, 27.925813], [85.153548, 27.9258995], [85.1536625, 27.9259439], [85.1537055, 27.9258574]]]}}, {"type": "Feature", "properties": {"osm_id": 341730967, "status": "affected", "confidence": "medium", "flooded_fraction": 1.0, "sampled": "centroid", "pixels": 0, "mean_probability": 0.9792}, "geometry": {"type": "Polygon", "coordinates": [[[85.150035, 27.9227979], [85.15, 27.922770843603853], [85.15, 27.922833242577486], [85.150035, 27.9227979]]]}}, {"type": "Feature", "properties": {"osm_id": 341697691, "status": "affected", "confidence": "medium", "flooded_fraction": 1.0, "sampled": "centroid", "pixels": 0, "mean_probability": 0.7606}, "geometry": {"type": "Polygon", "coordinates": [[[85.1637947, 27.9530167], [85.1638598, 27.9530099], [85.1638669, 27.9530625], [85.1638017, 27.9530693], [85.1637947, 27.9530167]]]}}, {"type": "Feature", "properties": {"osm_id": 341587457, "status": "affected", "confidence": "medium", "flooded_fraction": 1.0, "sampled": "centroid", "pixels": 0, "mean_probability": 0.9657}, "geometry": {"type": "Polygon", "coordinates": [[[85.173554, 27.963409], [85.1735032, 27.9633543], [85.1735081, 27.9633508], [85.1735348, 27.9633315], [85.1735856, 27.9633861], [85.173554, 27.963409]]]}}, {"type": "Feature", "properties": {"osm_id": 886387018, "status": "affected", "confidence": "medium", "flooded_fraction": 1.0, "sampled": "centroid", "pixels": 0, "mean_probability": 0.9696}, "geometry": {"type": "Polygon", "coordinates": [[[85.1724318, 27.9654907], [85.1724411, 27.9654432], [85.1725415, 27.9654824], [85.1725229, 27.9655278], [85.1724318, 27.9654907]]]}}, {"type": "Feature", "properties": {"osm_id": 886398161, "status": "affected", "confidence": "medium", "flooded_fraction": 1.0, "sampled": "centroid", "pixels": 0, "mean_probability": 0.9133}, "geometry": {"type": "Polygon", "coordinates": [[[85.1846779, 27.972625], [85.184721, 27.9726308], [85.1847279, 27.9725907], [85.1846848, 27.9725849], [85.1846779, 27.972625]]]}}, {"type": "Feature", "properties": {"osm_id": 891809355, "status": "affected", "confidence": "medium", "flooded_fraction": 1.0, "sampled": "centroid", "pixels": 0, "mean_probability": 0.8109}, "geometry": {"type": "Polygon", "coordinates": [[[85.1587883, 27.9418953], [85.1588261, 27.941883], [85.1588039, 27.9418298], [85.1587661, 27.9418421], [85.1587883, 27.9418953]]]}}, {"type": "Feature", "properties": {"osm_id": 848313646, "status": "affected", "confidence": "medium", "flooded_fraction": 1.0, "sampled": "centroid", "pixels": 0, "mean_probability": 0.6707}, "geometry": {"type": "Polygon", "coordinates": [[[85.185294, 28.001273], [85.1852015, 28.0012695], [85.1851984, 28.001332], [85.1852909, 28.0013355], [85.185294, 28.001273]]]}}, {"type": "Feature", "properties": {"osm_id": 342369729, "status": "affected", "confidence": "medium", "flooded_fraction": 1.0, "sampled": "centroid", "pixels": 0, "mean_probability": 0.6003}, "geometry": {"type": "Polygon", "coordinates": [[[85.2607675, 27.8774711], [85.2607142, 27.8774439], [85.2607506, 27.877388], [85.2608083, 27.8774174], [85.2607718, 27.8774733], [85.2607675, 27.8774711]]]}}, {"type": "Feature", "properties": {"osm_id": 891116944, "status": "affected", "confidence": "medium", "flooded_fraction": 1.0, "sampled": "centroid", "pixels": 0, "mean_probability": 0.7315}, "geometry": {"type": "Polygon", "coordinates": [[[85.2601263, 27.8797041], [85.2601922, 27.8797775], [85.2602669, 27.8797251], [85.2602009, 27.8796517], [85.2601263, 27.8797041]]]}}, {"type": "Feature", "properties": {"osm_id": 891117220, "status": "affected", "confidence": "high", "flooded_fraction": 1.0, "sampled": "footprint", "pixels": 1, "mean_probability": 0.7315}, "geometry": {"type": "Polygon", "coordinates": [[[85.2680482, 27.880739], [85.2680938, 27.8808054], [85.2681734, 27.8807627], [85.2681278, 27.8806963], [85.2680482, 27.880739]]]}}, {"type": "Feature", "properties": {"osm_id": 923909192, "status": "affected", "confidence": "medium", "flooded_fraction": 1.0, "sampled": "centroid", "pixels": 0, "mean_probability": 0.9242}, "geometry": {"type": "Polygon", "coordinates": [[[85.1810251, 27.9817257], [85.1810775, 27.9817347], [85.1810907, 27.9816751], [85.1810383, 27.9816661], [85.1810251, 27.9817257]]]}}, {"type": "Feature", "properties": {"osm_id": 341439810, "status": "affected", "confidence": "medium", "flooded_fraction": 1.0, "sampled": "centroid", "pixels": 0, "mean_probability": 0.5556}, "geometry": {"type": "Polygon", "coordinates": [[[85.3024625, 27.916057], [85.3024883, 27.9161106], [85.302414, 27.9161401], [85.3023866, 27.9160838], [85.3024625, 27.916057]]]}}, {"type": "Feature", "properties": {"osm_id": 888801240, "status": "affected", "confidence": "medium", "flooded_fraction": 1.0, "sampled": "centroid", "pixels": 0, "mean_probability": 0.5444}, "geometry": {"type": "Polygon", "coordinates": [[[85.2898747, 27.9113722], [85.28996, 27.911403], [85.2899844, 27.9113502], [85.289899, 27.9113194], [85.2898747, 27.9113722]]]}}, {"type": "Feature", "properties": {"osm_id": 341496121, "status": "affected", "confidence": "high", "flooded_fraction": 1.0, "sampled": "footprint", "pixels": 1, "mean_probability": 0.5444}, "geometry": {"type": "Polygon", "coordinates": [[[85.2904736, 27.9123072], [85.2904722, 27.9123173], [85.2904766, 27.9123267], [85.2904858, 27.9123328], [85.2904973, 27.9123341], [85.2905079, 27.9123301], [85.2905149, 27.912322], [85.2905163, 27.9123119], [85.2905119, 27.9123025], [85.2905027, 27.9122963], [85.2904912, 27.9122951], [85.2904806, 27.912299], [85.2904736, 27.9123072]]]}}, {"type": "Feature", "properties": {"osm_id": 1041579425, "status": "affected", "confidence": "medium", "flooded_fraction": 1.0, "sampled": "centroid", "pixels": 0, "mean_probability": 0.6118}, "geometry": {"type": "Polygon", "coordinates": [[[85.3101243, 27.9250044], [85.3101548, 27.9250337], [85.3102078, 27.9249908], [85.3101773, 27.9249615], [85.3101243, 27.9250044]]]}}, {"type": "Feature", "properties": {"osm_id": 889087510, "status": "affected", "confidence": "medium", "flooded_fraction": 1.0, "sampled": "centroid", "pixels": 0, "mean_probability": 0.6354}, "geometry": {"type": "Polygon", "coordinates": [[[85.2440012, 27.9049814], [85.2440286, 27.9048926], [85.2441483, 27.9049215], [85.2441209, 27.9050103], [85.2440012, 27.9049814]]]}}, {"type": "Feature", "properties": {"osm_id": 890524645, "status": "affected", "confidence": "medium", "flooded_fraction": 1.0, "sampled": "centroid", "pixels": 0, "mean_probability": 0.7597}, "geometry": {"type": "Polygon", "coordinates": [[[85.237646, 27.9003822], [85.237703, 27.900383], [85.2377037, 27.9003443], [85.2376467, 27.9003436], [85.237646, 27.9003822]]]}}, {"type": "Feature", "properties": {"osm_id": 342173843, "status": "affected", "confidence": "medium", "flooded_fraction": 1.0, "sampled": "centroid", "pixels": 0, "mean_probability": 0.632}, "geometry": {"type": "Polygon", "coordinates": [[[85.2377559, 27.899916], [85.2377576, 27.8998697], [85.2378325, 27.8998718], [85.2378309, 27.8999181], [85.2377559, 27.899916]]]}}, {"type": "Feature", "properties": {"osm_id": 342083472, "status": "affected", "confidence": "medium", "flooded_fraction": 1.0, "sampled": "centroid", "pixels": 0, "mean_probability": 0.6206}, "geometry": {"type": "Polygon", "coordinates": [[[85.2397613, 27.9009051], [85.2398198, 27.9009076], [85.2398249, 27.9008129], [85.2397664, 27.9008104], [85.2397613, 27.9009051]]]}}, {"type": "Feature", "properties": {"osm_id": 341661604, "status": "affected", "confidence": "medium", "flooded_fraction": 1.0, "sampled": "centroid", "pixels": 0, "mean_probability": 0.5066}, "geometry": {"type": "Polygon", "coordinates": [[[85.3449388, 27.8629441], [85.3449706, 27.8629227], [85.3449478, 27.8628962], [85.344916, 27.8629177], [85.3449388, 27.8629441]]]}}, {"type": "Feature", "properties": {"osm_id": 920109291, "status": "affected", "confidence": "medium", "flooded_fraction": 1.0, "sampled": "centroid", "pixels": 0, "mean_probability": 0.7531}, "geometry": {"type": "Polygon", "coordinates": [[[85.1739134, 27.8792005], [85.1739274, 27.8791221], [85.1739752, 27.8791287], [85.1739613, 27.8792072], [85.1739134, 27.8792005]]]}}, {"type": "Feature", "properties": {"osm_id": 341850919, "status": "affected", "confidence": "medium", "flooded_fraction": 1.0, "sampled": "centroid", "pixels": 0, "mean_probability": 0.5748}, "geometry": {"type": "Polygon", "coordinates": [[[85.2181297, 27.8768443], [85.21816, 27.8768968], [85.2182534, 27.8768548], [85.2182232, 27.8768022], [85.2181297, 27.8768443]]]}}, {"type": "Feature", "properties": {"osm_id": 1041582642, "status": "affected", "confidence": "medium", "flooded_fraction": 1.0, "sampled": "centroid", "pixels": 0, "mean_probability": 0.7596}, "geometry": {"type": "Polygon", "coordinates": [[[85.2982693, 27.917534], [85.2982995, 27.9175903], [85.2983753, 27.9175586], [85.2983451, 27.9175023], [85.2982693, 27.917534]]]}}, {"type": "Feature", "properties": {"osm_id": 887181684, "status": "affected", "confidence": "medium", "flooded_fraction": 1.0, "sampled": "centroid", "pixels": 0, "mean_probability": 0.5771}, "geometry": {"type": "Polygon", "coordinates": [[[85.2075295, 27.8994412], [85.2076529, 27.8994412], [85.2076529, 27.8993997], [85.2075295, 27.8993997], [85.2075295, 27.8994412]]]}}, {"type": "Feature", "properties": {"osm_id": 887181677, "status": "affected", "confidence": "medium", "flooded_fraction": 1.0, "sampled": "centroid", "pixels": 0, "mean_probability": 0.5213}, "geometry": {"type": "Polygon", "coordinates": [[[85.2079607, 27.8991075], [85.207962, 27.899165], [85.2080712, 27.899163], [85.2080698, 27.8991055], [85.2079607, 27.8991075]]]}}, {"type": "Feature", "properties": {"osm_id": 1041582606, "status": "affected", "confidence": "medium", "flooded_fraction": 1.0, "sampled": "centroid", "pixels": 0, "mean_probability": 0.5772}, "geometry": {"type": "Polygon", "coordinates": [[[85.2979635, 27.9191343], [85.2980923, 27.9191373], [85.2980943, 27.9190699], [85.2979655, 27.919067], [85.2979635, 27.9191343]]]}}, {"type": "Feature", "properties": {"osm_id": 1041582628, "status": "affected", "confidence": "high", "flooded_fraction": 1.0, "sampled": "footprint", "pixels": 1, "mean_probability": 0.5772}, "geometry": {"type": "Polygon", "coordinates": [[[85.2991243, 27.9195906], [85.2991243, 27.919638], [85.2991913, 27.919638], [85.2991913, 27.9195906], [85.2991243, 27.9195906]]]}}, {"type": "Feature", "properties": {"osm_id": 1041582682, "status": "affected", "confidence": "medium", "flooded_fraction": 1.0, "sampled": "centroid", "pixels": 0, "mean_probability": 0.5222}, "geometry": {"type": "Polygon", "coordinates": [[[85.2985436, 27.9171624], [85.2985904, 27.9171334], [85.2985602, 27.9170954], [85.2985134, 27.9171245], [85.2985436, 27.9171624]]]}}, {"type": "Feature", "properties": {"osm_id": 888801239, "status": "affected", "confidence": "medium", "flooded_fraction": 1.0, "sampled": "centroid", "pixels": 0, "mean_probability": 0.6018}, "geometry": {"type": "Polygon", "coordinates": [[[85.2899793, 27.911403], [85.2900308, 27.9114291], [85.2900862, 27.9113436], [85.2900347, 27.9113175], [85.2899793, 27.911403]]]}}, {"type": "Feature", "properties": {"osm_id": 891116948, "status": "affected", "confidence": "medium", "flooded_fraction": 1.0, "sampled": "centroid", "pixels": 0, "mean_probability": 0.6912}, "geometry": {"type": "Polygon", "coordinates": [[[85.263988, 27.8780167], [85.2640496, 27.878085], [85.2641341, 27.8780255], [85.2640725, 27.8779572], [85.263988, 27.8780167]]]}}, {"type": "Feature", "properties": {"osm_id": 891116952, "status": "affected", "confidence": "medium", "flooded_fraction": 1.0, "sampled": "centroid", "pixels": 0, "mean_probability": 0.5503}, "geometry": {"type": "Polygon", "coordinates": [[[85.2605179, 27.8780267], [85.2605508, 27.8780633], [85.2606418, 27.8779993], [85.2606089, 27.8779628], [85.2605179, 27.8780267]]]}}, {"type": "Feature", "properties": {"osm_id": 847027730, "status": "affected", "confidence": "medium", "flooded_fraction": 1.0, "sampled": "centroid", "pixels": 0, "mean_probability": 0.999}, "geometry": {"type": "Polygon", "coordinates": [[[85.1839261, 27.9937714], [85.1840087, 27.9937658], [85.1840034, 27.9937042], [85.1839207, 27.9937098], [85.1839261, 27.9937714]]]}}, {"type": "Feature", "properties": {"osm_id": 847027824, "status": "affected", "confidence": "medium", "flooded_fraction": 1.0, "sampled": "centroid", "pixels": 0, "mean_probability": 0.9658}, "geometry": {"type": "Polygon", "coordinates": [[[85.182697, 27.9924321], [85.1827357, 27.9924308], [85.182733, 27.9923669], [85.1826943, 27.9923681], [85.182697, 27.9924321]]]}}, {"type": "Feature", "properties": {"osm_id": 887054230, "status": "affected", "confidence": "medium", "flooded_fraction": 1.0, "sampled": "centroid", "pixels": 0, "mean_probability": 0.9384}, "geometry": {"type": "Polygon", "coordinates": [[[85.1843566, 27.9959598], [85.1843499, 27.9959977], [85.1844158, 27.9960068], [85.1844225, 27.9959689], [85.1843566, 27.9959598]]]}}, {"type": "Feature", "properties": {"osm_id": 847027776, "status": "affected", "confidence": "medium", "flooded_fraction": 1.0, "sampled": "centroid", "pixels": 0, "mean_probability": 0.6437}, "geometry": {"type": "Polygon", "coordinates": [[[85.1836773, 27.9928691], [85.183741, 27.9928679], [85.1837398, 27.9928185], [85.1836761, 27.9928197], [85.1836773, 27.9928691]]]}}, {"type": "Feature", "properties": {"osm_id": 847027793, "status": "affected", "confidence": "medium", "flooded_fraction": 1.0, "sampled": "centroid", "pixels": 0, "mean_probability": 0.9973}, "geometry": {"type": "Polygon", "coordinates": [[[85.1832893, 27.9932949], [85.1833615, 27.9932858], [85.1833514, 27.9932242], [85.1832792, 27.9932333], [85.1832893, 27.9932949]]]}}, {"type": "Feature", "properties": {"osm_id": 886398163, "status": "affected", "confidence": "medium", "flooded_fraction": 1.0, "sampled": "centroid", "pixels": 0, "mean_probability": 0.9651}, "geometry": {"type": "Polygon", "coordinates": [[[85.1855422, 27.9729567], [85.1855489, 27.9730114], [85.185634, 27.9730032], [85.1856273, 27.9729486], [85.1855422, 27.9729567]]]}}, {"type": "Feature", "properties": {"osm_id": 341462116, "status": "affected", "confidence": "medium", "flooded_fraction": 1.0, "sampled": "centroid", "pixels": 0, "mean_probability": 0.9908}, "geometry": {"type": "Polygon", "coordinates": [[[85.185619, 27.9720598], [85.18563, 27.9719748], [85.1857169, 27.9719837], [85.1857059, 27.9720687], [85.185619, 27.9720598]]]}}, {"type": "Feature", "properties": {"osm_id": 341661619, "status": "affected", "confidence": "medium", "flooded_fraction": 1.0, "sampled": "centroid", "pixels": 0, "mean_probability": 0.6549}, "geometry": {"type": "Polygon", "coordinates": [[[85.344593, 27.8630058], [85.3446263, 27.8629844], [85.3446033, 27.8629564], [85.3445699, 27.8629778], [85.344593, 27.8630058]]]}}, {"type": "Feature", "properties": {"osm_id": 887049662, "status": "affected", "confidence": "medium", "flooded_fraction": 1.0, "sampled": "centroid", "pixels": 0, "mean_probability": 0.5092}, "geometry": {"type": "Polygon", "coordinates": [[[85.3239365, 27.8614814], [85.3240492, 27.861482], [85.3240592, 27.8613591], [85.3239518, 27.8613703], [85.3239261, 27.8614285], [85.3239365, 27.8614814]]]}}, {"type": "Feature", "properties": {"osm_id": 847027825, "status": "affected", "confidence": "medium", "flooded_fraction": 1.0, "sampled": "centroid", "pixels": 0, "mean_probability": 0.9533}, "geometry": {"type": "Polygon", "coordinates": [[[85.1827955, 27.992528], [85.182844, 27.9925175], [85.1828355, 27.9924871], [85.1828638, 27.9924809], [85.1828307, 27.9923621], [85.1827539, 27.9923788], [85.1827955, 27.992528]]]}}, {"type": "Feature", "properties": {"osm_id": 847027766, "status": "affected", "confidence": "medium", "flooded_fraction": 1.0, "sampled": "centroid", "pixels": 0, "mean_probability": 0.9866}, "geometry": {"type": "Polygon", "coordinates": [[[85.1834527, 27.9925174], [85.1835244, 27.9925168], [85.183524, 27.9924787], [85.1834523, 27.9924793], [85.1834527, 27.9925174]]]}}, {"type": "Feature", "properties": {"osm_id": 847027765, "status": "affected", "confidence": "medium", "flooded_fraction": 1.0, "sampled": "centroid", "pixels": 0, "mean_probability": 0.991}, "geometry": {"type": "Polygon", "coordinates": [[[85.1834299, 27.9924718], [85.1835056, 27.992471], [85.1835042, 27.9923609], [85.1834285, 27.9923616], [85.1834299, 27.9924718]]]}}, {"type": "Feature", "properties": {"osm_id": 847027800, "status": "affected", "confidence": "high", "flooded_fraction": 1.0, "sampled": "footprint", "pixels": 1, "mean_probability": 0.991}, "geometry": {"type": "Polygon", "coordinates": [[[85.1831348, 27.9934458], [85.183199, 27.9934244], [85.1831561, 27.9933238], [85.1830919, 27.9933451], [85.1831348, 27.9934458]]]}}, {"type": "Feature", "properties": {"osm_id": 847027833, "status": "affected", "confidence": "medium", "flooded_fraction": 1.0, "sampled": "centroid", "pixels": 0, "mean_probability": 0.9422}, "geometry": {"type": "Polygon", "coordinates": [[[85.1826795, 27.9920804], [85.1828262, 27.9921465], [85.1829254, 27.9919748], [85.1827788, 27.9919087], [85.1826795, 27.9920804]]]}}, {"type": "Feature", "properties": {"osm_id": 847027747, "status": "affected", "confidence": "high", "flooded_fraction": 1.0, "sampled": "footprint", "pixels": 1, "mean_probability": 0.9422}, "geometry": {"type": "Polygon", "coordinates": [[[85.1831362, 27.9916067], [85.1831992, 27.9917002], [85.1832367, 27.9916806], [85.1831736, 27.991587], [85.1831362, 27.9916067]]]}}, {"type": "Feature", "properties": {"osm_id": 846895900, "status": "affected", "confidence": "medium", "flooded_fraction": 1.0, "sampled": "centroid", "pixels": 0, "mean_probability": 0.9976}, "geometry": {"type": "Polygon", "coordinates": [[[85.1873218, 27.9737851], [85.1873943, 27.9738161], [85.1874319, 27.9737474], [85.1873593, 27.9737164], [85.1873218, 27.9737851]]]}}, {"type": "Feature", "properties": {"osm_id": 886398155, "status": "affected", "confidence": "medium", "flooded_fraction": 1.0, "sampled": "centroid", "pixels": 0, "mean_probability": 0.9712}, "geometry": {"type": "Polygon", "coordinates": [[[85.1851377, 27.9723773], [85.1851565, 27.9724194], [85.1852433, 27.9723891], [85.1852245, 27.972347], [85.1851377, 27.9723773]]]}}, {"type": "Feature", "properties": {"osm_id": 341449267, "status": "affected", "confidence": "medium", "flooded_fraction": 1.0, "sampled": "centroid", "pixels": 0, "mean_probability": 0.5912}, "geometry": {"type": "Polygon", "coordinates": [[[85.3294229, 27.8675836], [85.3294032, 27.8675912], [85.3294173, 27.8676199], [85.329437, 27.8676124], [85.3294229, 27.8675836]]]}}, {"type": "Feature", "properties": {"osm_id": 342369790, "status": "affected", "confidence": "medium", "flooded_fraction": 1.0, "sampled": "centroid", "pixels": 0, "mean_probability": 0.7024}, "geometry": {"type": "Polygon", "coordinates": [[[85.268823, 27.8733327], [85.2687041, 27.8732416], [85.2687457, 27.8731992], [85.2688056, 27.8732005], [85.268854, 27.8732376], [85.268881, 27.87321], [85.2689165, 27.8732372], [85.268823, 27.8733327]]]}}, {"type": "Feature", "properties": {"osm_id": 346560100, "status": "affected", "confidence": "medium", "flooded_fraction": 1.0, "sampled": "centroid", "pixels": 0, "mean_probability": 0.7247}, "geometry": {"type": "Polygon", "coordinates": [[[85.1845166, 27.9701109], [85.1845815, 27.9700867], [85.1845442, 27.9700087], [85.1844793, 27.9700329], [85.1845166, 27.9701109]]]}}, {"type": "Feature", "properties": {"osm_id": 890977282, "status": "affected", "confidence": "medium", "flooded_fraction": 1.0, "sampled": "centroid", "pixels": 0, "mean_probability": 0.5806}, "geometry": {"type": "Polygon", "coordinates": [[[85.1511025, 27.935831], [85.151131, 27.9358475], [85.1511696, 27.9357955], [85.1511411, 27.935779], [85.1511025, 27.935831]]]}}, {"type": "Feature", "properties": {"osm_id": 341626863, "status": "affected", "confidence": "medium", "flooded_fraction": 1.0, "sampled": "centroid", "pixels": 0, "mean_probability": 0.8966}, "geometry": {"type": "Polygon", "coordinates": [[[85.3052027, 27.8627676], [85.305267, 27.8627974], [85.3052926, 27.8627542], [85.3052283, 27.8627244], [85.3052027, 27.8627676]]]}}, {"type": "Feature", "properties": {"osm_id": 341626857, "status": "affected", "confidence": "medium", "flooded_fraction": 1.0, "sampled": "centroid", "pixels": 0, "mean_probability": 0.9335}, "geometry": {"type": "Polygon", "coordinates": [[[85.3053979, 27.8629529], [85.3053875, 27.8629189], [85.305327, 27.8629334], [85.3053374, 27.8629674], [85.3053979, 27.8629529]]]}}, {"type": "Feature", "properties": {"osm_id": 341697679, "status": "affected", "confidence": "medium", "flooded_fraction": 1.0, "sampled": "centroid", "pixels": 0, "mean_probability": 0.6406}, "geometry": {"type": "Polygon", "coordinates": [[[85.1642775, 27.9542801], [85.1642887, 27.9543315], [85.1643675, 27.9543181], [85.1643563, 27.9542667], [85.1642775, 27.9542801]]]}}, {"type": "Feature", "properties": {"osm_id": 341697695, "status": "affected", "confidence": "high", "flooded_fraction": 1.0, "sampled": "footprint", "pixels": 1, "mean_probability": 0.6406}, "geometry": {"type": "Polygon", "coordinates": [[[85.1638556, 27.9532493], [85.1639352, 27.9532256], [85.1639662, 27.9533069], [85.1638866, 27.9533306], [85.1638556, 27.9532493]]]}}, {"type": "Feature", "properties": {"osm_id": 860424343, "status": "affected", "confidence": "high", "flooded_fraction": 1.0, "sampled": "footprint", "pixels": 1, "mean_probability": 0.8921}, "geometry": {"type": "Polygon", "coordinates": [[[85.1991624, 28.0230573], [85.1991599, 28.0231272], [85.1992457, 28.0231295], [85.1992482, 28.0230597], [85.1991624, 28.0230573]]]}}, {"type": "Feature", "properties": {"osm_id": 341623159, "status": "affected", "confidence": "medium", "flooded_fraction": 1.0, "sampled": "centroid", "pixels": 0, "mean_probability": 0.9063}, "geometry": {"type": "Polygon", "coordinates": [[[85.1724703, 27.9625326], [85.1724901, 27.9625015], [85.1724164, 27.962465], [85.1723966, 27.9624961], [85.1724703, 27.9625326]]]}}, {"type": "Feature", "properties": {"osm_id": 342040307, "status": "affected", "confidence": "medium", "flooded_fraction": 1.0, "sampled": "centroid", "pixels": 0, "mean_probability": 0.9965}, "geometry": {"type": "Polygon", "coordinates": [[[85.153925, 27.9307356], [85.1540808, 27.9307705], [85.1541, 27.9307039], [85.1539442, 27.9306689], [85.153925, 27.9307356]]]}}, {"type": "Feature", "properties": {"osm_id": 342139617, "status": "affected", "confidence": "medium", "flooded_fraction": 1.0, "sampled": "centroid", "pixels": 0, "mean_probability": 0.9665}, "geometry": {"type": "Polygon", "coordinates": [[[85.1603255, 27.9467527], [85.1602895, 27.9467637], [85.160271, 27.9467162], [85.1603071, 27.9467052], [85.1603255, 27.9467527]]]}}, {"type": "Feature", "properties": {"osm_id": 342417059, "status": "affected", "confidence": "medium", "flooded_fraction": 1.0, "sampled": "centroid", "pixels": 0, "mean_probability": 0.5273}, "geometry": {"type": "Polygon", "coordinates": [[[85.3134844, 27.8593593], [85.313515, 27.8593407], [85.3134825, 27.859299], [85.3134519, 27.8593177], [85.3134844, 27.8593593]]]}}, {"type": "Feature", "properties": {"osm_id": 846895897, "status": "affected", "confidence": "medium", "flooded_fraction": 1.0, "sampled": "centroid", "pixels": 0, "mean_probability": 0.9988}, "geometry": {"type": "Polygon", "coordinates": [[[85.1857641, 27.9746308], [85.1858164, 27.9746918], [85.1858592, 27.9746632], [85.1858068, 27.9746022], [85.1857641, 27.9746308]]]}}, {"type": "Feature", "properties": {"osm_id": 848313642, "status": "affected", "confidence": "medium", "flooded_fraction": 1.0, "sampled": "centroid", "pixels": 0, "mean_probability": 0.6089}, "geometry": {"type": "Polygon", "coordinates": [[[85.1851763, 28.0015451], [85.1851869, 28.0016071], [85.1852583, 28.0015977], [85.1852477, 28.0015356], [85.1851763, 28.0015451]]]}}, {"type": "Feature", "properties": {"osm_id": 341049817, "status": "affected", "confidence": "medium", "flooded_fraction": 1.0, "sampled": "centroid", "pixels": 0, "mean_probability": 0.7569}, "geometry": {"type": "Polygon", "coordinates": [[[85.1719295, 27.9654518], [85.1719584, 27.9654001], [85.1720418, 27.9654364], [85.1720129, 27.9654882], [85.1719295, 27.9654518]]]}}, {"type": "Feature", "properties": {"osm_id": 889083804, "status": "affected", "confidence": "medium", "flooded_fraction": 1.0, "sampled": "centroid", "pixels": 0, "mean_probability": 0.624}, "geometry": {"type": "Polygon", "coordinates": [[[85.2374365, 27.903272], [85.2374439, 27.9031781], [85.2375132, 27.9031824], [85.2375058, 27.9032763], [85.2374365, 27.903272]]]}}, {"type": "Feature", "properties": {"osm_id": 890523660, "status": "affected", "confidence": "medium", "flooded_fraction": 1.0, "sampled": "centroid", "pixels": 0, "mean_probability": 0.6168}, "geometry": {"type": "Polygon", "coordinates": [[[85.2338836, 27.8999372], [85.2339144, 27.8999674], [85.2339456, 27.8999425], [85.2339148, 27.8999123], [85.2338836, 27.8999372]]]}}, {"type": "Feature", "properties": {"osm_id": 889083796, "status": "affected", "confidence": "medium", "flooded_fraction": 1.0, "sampled": "centroid", "pixels": 0, "mean_probability": 0.5159}, "geometry": {"type": "Polygon", "coordinates": [[[85.2380269, 27.8999889], [85.2380303, 27.8999123], [85.2380989, 27.8999147], [85.2380954, 27.8999913], [85.2380269, 27.8999889]]]}}, {"type": "Feature", "properties": {"osm_id": 343086151, "status": "affected", "confidence": "medium", "flooded_fraction": 1.0, "sampled": "centroid", "pixels": 0, "mean_probability": 0.6073}, "geometry": {"type": "Polygon", "coordinates": [[[85.2346191, 27.8965504], [85.2346648, 27.8966259], [85.2347181, 27.8966006], [85.2346723, 27.8965252], [85.2346191, 27.8965504]]]}}, {"type": "Feature", "properties": {"osm_id": 342228394, "status": "affected", "confidence": "medium", "flooded_fraction": 1.0, "sampled": "centroid", "pixels": 0, "mean_probability": 0.6342}, "geometry": {"type": "Polygon", "coordinates": [[[85.1982333, 27.9036002], [85.1983022, 27.9035477], [85.1982095, 27.9034527], [85.1981406, 27.9035053], [85.1982333, 27.9036002]]]}}, {"type": "Feature", "properties": {"osm_id": 890558306, "status": "affected", "confidence": "high", "flooded_fraction": 1.0, "sampled": "footprint", "pixels": 1, "mean_probability": 0.5884}, "geometry": {"type": "Polygon", "coordinates": [[[85.245635, 27.8847842], [85.2456386, 27.8848213], [85.2457318, 27.8848142], [85.2457282, 27.8847771], [85.245635, 27.8847842]]]}}, {"type": "Feature", "properties": {"osm_id": 341793956, "status": "affected", "confidence": "medium", "flooded_fraction": 1.0, "sampled": "centroid", "pixels": 0, "mean_probability": 0.677}, "geometry": {"type": "Polygon", "coordinates": [[[85.1845468, 28.0065696], [85.1844894, 28.0065488], [85.184534, 28.0064529], [85.1845914, 28.0064737], [85.1845468, 28.0065696]]]}}, {"type": "Feature", "properties": {"osm_id": 859950242, "status": "affected", "confidence": "medium", "flooded_fraction": 1.0, "sampled": "centroid", "pixels": 0, "mean_probability": 0.6323}, "geometry": {"type": "Polygon", "coordinates": [[[85.1595797, 27.9563723], [85.1595968, 27.9564016], [85.1596189, 27.9563915], [85.1596018, 27.9563622], [85.1595797, 27.9563723]]]}}, {"type": "Feature", "properties": {"osm_id": 1041466882, "status": "affected", "confidence": "medium", "flooded_fraction": 1.0, "sampled": "centroid", "pixels": 0, "mean_probability": 0.54}, "geometry": {"type": "Polygon", "coordinates": [[[85.3368811, 27.9238932], [85.3369505, 27.9238566], [85.3368969, 27.9237772], [85.3368274, 27.9238138], [85.3368811, 27.9238932]]]}}, {"type": "Feature", "properties": {"osm_id": 1040538308, "status": "affected", "confidence": "medium", "flooded_fraction": 1.0, "sampled": "centroid", "pixels": 0, "mean_probability": 0.6271}, "geometry": {"type": "Polygon", "coordinates": [[[85.3374027, 27.9222189], [85.3373936, 27.9222809], [85.3374453, 27.9222868], [85.3374544, 27.9222248], [85.3374027, 27.9222189]]]}}, {"type": "Feature", "properties": {"osm_id": 1041466914, "status": "affected", "confidence": "medium", "flooded_fraction": 1.0, "sampled": "centroid", "pixels": 0, "mean_probability": 0.5462}, "geometry": {"type": "Polygon", "coordinates": [[[85.3406301, 27.9214309], [85.3406494, 27.9214033], [85.3405508, 27.9213494], [85.3405315, 27.9213769], [85.3406301, 27.9214309]]]}}, {"type": "Feature", "properties": {"osm_id": 1041579724, "status": "affected", "confidence": "medium", "flooded_fraction": 1.0, "sampled": "centroid", "pixels": 0, "mean_probability": 0.7055}, "geometry": {"type": "Polygon", "coordinates": [[[85.3159102, 27.918357], [85.3159742, 27.9183078], [85.3159232, 27.9182559], [85.3158592, 27.918305], [85.3159102, 27.918357]]]}}, {"type": "Feature", "properties": {"osm_id": 886946585, "status": "affected", "confidence": "medium", "flooded_fraction": 1.0, "sampled": "centroid", "pixels": 0, "mean_probability": 0.553}, "geometry": {"type": "Polygon", "coordinates": [[[85.2099475, 27.9091335], [85.2100146, 27.9091345], [85.2100166, 27.9090237], [85.2099495, 27.9090227], [85.2099475, 27.9091335]]]}}, {"type": "Feature", "properties": {"osm_id": 342149413, "status": "affected", "confidence": "medium", "flooded_fraction": 1.0, "sampled": "centroid", "pixels": 0, "mean_probability": 0.5296}, "geometry": {"type": "Polygon", "coordinates": [[[85.2227562, 27.9053644], [85.2228395, 27.9053819], [85.222858, 27.9053129], [85.2227746, 27.9052955], [85.2227562, 27.9053644]]]}}, {"type": "Feature", "properties": {"osm_id": 342083462, "status": "affected", "confidence": "medium", "flooded_fraction": 1.0, "sampled": "centroid", "pixels": 0, "mean_probability": 0.5218}, "geometry": {"type": "Polygon", "coordinates": [[[85.2328024, 27.8987865], [85.2328287, 27.8988147], [85.2329026, 27.8987607], [85.2328763, 27.8987325], [85.2328024, 27.8987865]]]}}, {"type": "Feature", "properties": {"osm_id": 890499918, "status": "affected", "confidence": "medium", "flooded_fraction": 1.0, "sampled": "centroid", "pixels": 0, "mean_probability": 0.7845}, "geometry": {"type": "Polygon", "coordinates": [[[85.2246594, 27.8977653], [85.224725, 27.8978015], [85.2247585, 27.8977541], [85.224693, 27.8977178], [85.2246594, 27.8977653]]]}}, {"type": "Feature", "properties": {"osm_id": 342548582, "status": "affected", "confidence": "medium", "flooded_fraction": 1.0, "sampled": "centroid", "pixels": 0, "mean_probability": 0.7511}, "geometry": {"type": "Polygon", "coordinates": [[[85.2068856, 27.8998712], [85.2069769, 27.899885], [85.2069901, 27.8998194], [85.2068993, 27.8998045], [85.2068856, 27.8998712]]]}}, {"type": "Feature", "properties": {"osm_id": 890512615, "status": "affected", "confidence": "medium", "flooded_fraction": 1.0, "sampled": "centroid", "pixels": 0, "mean_probability": 0.7198}, "geometry": {"type": "Polygon", "coordinates": [[[85.2121, 27.901059], [85.2121402, 27.9011171], [85.2122159, 27.9010761], [85.2121757, 27.901018], [85.2121, 27.901059]]]}}, {"type": "Feature", "properties": {"osm_id": 342228475, "status": "affected", "confidence": "medium", "flooded_fraction": 1.0, "sampled": "centroid", "pixels": 0, "mean_probability": 0.5319}, "geometry": {"type": "Polygon", "coordinates": [[[85.195553, 27.9052854], [85.1956202, 27.9052648], [85.1955838, 27.9051721], [85.1955139, 27.9051961], [85.195553, 27.9052854]]]}}, {"type": "Feature", "properties": {"osm_id": 887181583, "status": "affected", "confidence": "medium", "flooded_fraction": 1.0, "sampled": "centroid", "pixels": 0, "mean_probability": 0.551}, "geometry": {"type": "Polygon", "coordinates": [[[85.1982276, 27.9029636], [85.1982396, 27.9030378], [85.1983053, 27.9030295], [85.1982933, 27.9029553], [85.1982276, 27.9029636]]]}}, {"type": "Feature", "properties": {"osm_id": 341729562, "status": "affected", "confidence": "medium", "flooded_fraction": 1.0, "sampled": "centroid", "pixels": 0, "mean_probability": 0.7215}, "geometry": {"type": "Polygon", "coordinates": [[[85.2116448, 27.8559664], [85.2116864, 27.8560174], [85.2117484, 27.8559779], [85.2117068, 27.8559269], [85.2116448, 27.8559664]]]}}, {"type": "Feature", "properties": {"osm_id": 341850903, "status": "affected", "confidence": "medium", "flooded_fraction": 1.0, "sampled": "centroid", "pixels": 0, "mean_probability": 0.5261}, "geometry": {"type": "Polygon", "coordinates": [[[85.2180498, 27.8767757], [85.2180822, 27.8768215], [85.2181668, 27.8767748], [85.2181344, 27.8767289], [85.2180498, 27.8767757]]]}}, {"type": "Feature", "properties": {"osm_id": 859950251, "status": "affected", "confidence": "medium", "flooded_fraction": 1.0, "sampled": "centroid", "pixels": 0, "mean_probability": 0.6426}, "geometry": {"type": "Polygon", "coordinates": [[[85.1595448, 27.956252], [85.1596335, 27.9562487], [85.1596288, 27.9561521], [85.1595401, 27.9561555], [85.1595448, 27.956252]]]}}, {"type": "Feature", "properties": {"osm_id": 342149418, "status": "affected", "confidence": "medium", "flooded_fraction": 1.0, "sampled": "centroid", "pixels": 0, "mean_probability": 0.7038}, "geometry": {"type": "Polygon", "coordinates": [[[85.2219117, 27.9055822], [85.2219732, 27.9055861], [85.2219773, 27.9055353], [85.2219158, 27.9055314], [85.2219117, 27.9055822]]]}}, {"type": "Feature", "properties": {"osm_id": 890512632, "status": "affected", "confidence": "medium", "flooded_fraction": 1.0, "sampled": "centroid", "pixels": 0, "mean_probability": 0.5947}, "geometry": {"type": "Polygon", "coordinates": [[[85.2188525, 27.9040552], [85.2190385, 27.9040626], [85.2190439, 27.9039584], [85.2188578, 27.9039509], [85.2188525, 27.9040552]]]}}, {"type": "Feature", "properties": {"osm_id": 927238906, "status": "affected", "confidence": "high", "flooded_fraction": 1.0, "sampled": "footprint", "pixels": 1, "mean_probability": 0.5947}, "geometry": {"type": "Polygon", "coordinates": [[[85.2305212, 27.9016405], [85.2306057, 27.9016642], [85.2306446, 27.9015718], [85.2305547, 27.9015481], [85.2305212, 27.9016405]]]}}, {"type": "Feature", "properties": {"osm_id": 889075146, "status": "affected", "confidence": "medium", "flooded_fraction": 1.0, "sampled": "centroid", "pixels": 0, "mean_probability": 0.6738}, "geometry": {"type": "Polygon", "coordinates": [[[85.2332038, 27.8997749], [85.2331886, 27.8997381], [85.2332938, 27.8997041], [85.2333091, 27.8997409], [85.2332038, 27.8997749]]]}}, {"type": "Feature", "properties": {"osm_id": 890499935, "status": "affected", "confidence": "medium", "flooded_fraction": 1.0, "sampled": "centroid", "pixels": 0, "mean_probability": 0.5072}, "geometry": {"type": "Polygon", "coordinates": [[[85.2260609, 27.8976029], [85.2260944, 27.897655], [85.2261686, 27.8976178], [85.2261351, 27.8975656], [85.2260609, 27.8976029]]]}}, {"type": "Feature", "properties": {"osm_id": 890499931, "status": "affected", "confidence": "medium", "flooded_fraction": 1.0, "sampled": "centroid", "pixels": 0, "mean_probability": 0.5083}, "geometry": {"type": "Polygon", "coordinates": [[[85.2259134, 27.8976171], [85.2259583, 27.8976367], [85.2259787, 27.8976001], [85.2259338, 27.8975805], [85.2259134, 27.8976171]]]}}, {"type": "Feature", "properties": {"osm_id": 891116997, "status": "affected", "confidence": "medium", "flooded_fraction": 1.0, "sampled": "centroid", "pixels": 0, "mean_probability": 0.6884}, "geometry": {"type": "Polygon", "coordinates": [[[85.2580395, 27.8793687], [85.2580609, 27.8793985], [85.2581266, 27.8793618], [85.2581052, 27.8793319], [85.2580395, 27.8793687]]]}}, {"type": "Feature", "properties": {"osm_id": 846895906, "status": "affected", "confidence": "medium", "flooded_fraction": 1.0, "sampled": "centroid", "pixels": 0, "mean_probability": 0.9995}, "geometry": {"type": "Polygon", "coordinates": [[[85.1877938, 27.974414], [85.1878582, 27.9744602], [85.187908, 27.9744061], [85.1878436, 27.9743599], [85.1877938, 27.974414]]]}}, {"type": "Feature", "properties": {"osm_id": 846895904, "status": "affected", "confidence": "medium", "flooded_fraction": 1.0, "sampled": "centroid", "pixels": 0, "mean_probability": 0.9966}, "geometry": {"type": "Polygon", "coordinates": [[[85.1873191, 27.9740943], [85.1873847, 27.9741278], [85.1874491, 27.9740295], [85.1873834, 27.9739959], [85.1873191, 27.9740943]]]}}, {"type": "Feature", "properties": {"osm_id": 340930299, "status": "affected", "confidence": "high", "flooded_fraction": 1.0, "sampled": "footprint", "pixels": 1, "mean_probability": 0.9966}, "geometry": {"type": "Polygon", "coordinates": [[[85.1743819, 27.9884549], [85.1744145, 27.9884089], [85.1742813, 27.9883353], [85.1742487, 27.9883813], [85.1743819, 27.9884549]]]}}, {"type": "Feature", "properties": {"osm_id": 848313666, "status": "affected", "confidence": "medium", "flooded_fraction": 1.0, "sampled": "centroid", "pixels": 0, "mean_probability": 0.7803}, "geometry": {"type": "Polygon", "coordinates": [[[85.1849091, 27.996334], [85.1849587, 27.9964607], [85.1849989, 27.9964484], [85.1849493, 27.9963217], [85.1849091, 27.996334]]]}}, {"type": "Feature", "properties": {"osm_id": 341587454, "status": "affected", "confidence": "medium", "flooded_fraction": 1.0, "sampled": "centroid", "pixels": 0, "mean_probability": 0.7679}, "geometry": {"type": "Polygon", "coordinates": [[[85.1700939, 27.960125], [85.1700374, 27.9600728], [85.1699947, 27.9601088], [85.170006, 27.9601205], [85.1700524, 27.9601609], [85.1700939, 27.960125]]]}}, {"type": "Feature", "properties": {"osm_id": 886277349, "status": "affected", "confidence": "medium", "flooded_fraction": 1.0, "sampled": "centroid", "pixels": 0, "mean_probability": 0.6264}, "geometry": {"type": "Polygon", "coordinates": [[[85.1699942, 27.9595981], [85.1700257, 27.9595825], [85.1700593, 27.9596351], [85.1700279, 27.9596508], [85.1699942, 27.9595981]]]}}, {"type": "Feature", "properties": {"osm_id": 886387014, "status": "affected", "confidence": "medium", "flooded_fraction": 1.0, "sampled": "centroid", "pixels": 0, "mean_probability": 0.9095}, "geometry": {"type": "Polygon", "coordinates": [[[85.1727071, 27.9645485], [85.1727456, 27.9645485], [85.1727533, 27.9645227], [85.1727148, 27.9645172], [85.1727071, 27.9645485]]]}}, {"type": "Feature", "properties": {"osm_id": 886388183, "status": "affected", "confidence": "medium", "flooded_fraction": 1.0, "sampled": "centroid", "pixels": 0, "mean_probability": 0.9915}, "geometry": {"type": "Polygon", "coordinates": [[[85.183494, 27.9698135], [85.1835977, 27.969836], [85.1836178, 27.9697635], [85.1835141, 27.9697411], [85.183494, 27.9698135]]]}}, {"type": "Feature", "properties": {"osm_id": 890977307, "status": "affected", "confidence": "medium", "flooded_fraction": 1.0, "sampled": "centroid", "pixels": 0, "mean_probability": 0.7498}, "geometry": {"type": "Polygon", "coordinates": [[[85.15239, 27.930389], [85.1524453, 27.9303848], [85.1524428, 27.9303592], [85.1523875, 27.9303634], [85.15239, 27.930389]]]}}, {"type": "Feature", "properties": {"osm_id": 929172797, "status": "affected", "confidence": "medium", "flooded_fraction": 1.0, "sampled": "centroid", "pixels": 0, "mean_probability": 0.5332}, "geometry": {"type": "Polygon", "coordinates": [[[85.2432309, 27.9078398], [85.2432366, 27.9078375], [85.2432429, 27.907837], [85.243249, 27.9078384], [85.2432543, 27.9078414], [85.2432582, 27.9078458], [85.2432602, 27.9078511], [85.2432602, 27.9078567], [85.2432581, 27.9078619], [85.2432541, 27.9078663], [85.2432488, 27.9078693], [85.2432427, 27.9078705], [85.2432365, 27.90787], [85.2432309, 27.9078678], [85.2432264, 27.9078641], [85.2432235, 27.9078593], [85.2432224, 27.9078539], [85.2432234, 27.9078486], [85.2432263, 27.9078436], [85.2432309, 27.9078398]]]}}, {"type": "Feature", "properties": {"osm_id": 847027806, "status": "affected", "confidence": "medium", "flooded_fraction": 1.0, "sampled": "centroid", "pixels": 0, "mean_probability": 0.996}, "geometry": {"type": "Polygon", "coordinates": [[[85.1831784, 27.9930005], [85.1832307, 27.9929922], [85.1832193, 27.992936], [85.183167, 27.9929443], [85.1831784, 27.9930005]]]}}, {"type": "Feature", "properties": {"osm_id": 889060576, "status": "affected", "confidence": "medium", "flooded_fraction": 1.0, "sampled": "centroid", "pixels": 0, "mean_probability": 0.615}, "geometry": {"type": "Polygon", "coordinates": [[[85.1585002, 27.9451131], [85.1584461, 27.9450362], [85.1587187, 27.9448867], [85.1588132, 27.9450212], [85.1587629, 27.9450488], [85.1587224, 27.9449912], [85.1585002, 27.9451131]]]}}, {"type": "Feature", "properties": {"osm_id": 892156996, "status": "affected", "confidence": "high", "flooded_fraction": 1.0, "sampled": "footprint", "pixels": 1, "mean_probability": 0.615}, "geometry": {"type": "Polygon", "coordinates": [[[85.1524436, 27.9484322], [85.152556, 27.9485495], [85.1526432, 27.9484843], [85.1525308, 27.948367], [85.1524436, 27.9484322]]]}}, {"type": "Feature", "properties": {"osm_id": 341587439, "status": "affected", "confidence": "high", "flooded_fraction": 1.0, "sampled": "footprint", "pixels": 1, "mean_probability": 0.8802}, "geometry": {"type": "Polygon", "coordinates": [[[85.1708272, 27.9782275], [85.1708882, 27.9782303], [85.1708923, 27.9781606], [85.1708313, 27.9781578], [85.1708272, 27.9782275]]]}}, {"type": "Feature", "properties": {"osm_id": 341049825, "status": "affected", "confidence": "medium", "flooded_fraction": 1.0, "sampled": "centroid", "pixels": 0, "mean_probability": 0.6691}, "geometry": {"type": "Polygon", "coordinates": [[[85.1712517, 27.964527], [85.1711171, 27.9644675], [85.171146, 27.9644164], [85.1712807, 27.9644758], [85.1712517, 27.964527]]]}}, {"type": "Feature", "properties": {"osm_id": 886471629, "status": "affected", "confidence": "medium", "flooded_fraction": 1.0, "sampled": "centroid", "pixels": 0, "mean_probability": 0.8219}, "geometry": {"type": "Polygon", "coordinates": [[[85.1802174, 27.9800668], [85.1801391, 27.9800508], [85.18016, 27.9799709], [85.1801888, 27.9799768], [85.1801801, 27.9800096], [85.1802297, 27.9800197], [85.1802174, 27.9800668]]]}}, {"type": "Feature", "properties": {"osm_id": 890977286, "status": "affected", "confidence": "medium", "flooded_fraction": 1.0, "sampled": "centroid", "pixels": 0, "mean_probability": 0.6636}, "geometry": {"type": "Polygon", "coordinates": [[[85.1516055, 27.9355408], [85.1516517, 27.9355675], [85.1517208, 27.9354744], [85.1516745, 27.9354476], [85.1516055, 27.9355408]]]}}, {"type": "Feature", "properties": {"osm_id": 890976915, "status": "affected", "confidence": "medium", "flooded_fraction": 1.0, "sampled": "centroid", "pixels": 0, "mean_probability": 0.6077}, "geometry": {"type": "Polygon", "coordinates": [[[85.1578657, 27.9401414], [85.1578997, 27.9401132], [85.1576627, 27.93989], [85.1576287, 27.9399182], [85.1578657, 27.9401414]]]}}, {"type": "Feature", "properties": {"osm_id": 341049767, "status": "affected", "confidence": "medium", "flooded_fraction": 1.0, "sampled": "centroid", "pixels": 0, "mean_probability": 0.9118}, "geometry": {"type": "Polygon", "coordinates": [[[85.1791412, 27.9801917], [85.1791635, 27.9801367], [85.179238, 27.9801603], [85.1792157, 27.9802152], [85.1791412, 27.9801917]]]}}, {"type": "Feature", "properties": {"osm_id": 341587463, "status": "affected", "confidence": "high", "flooded_fraction": 1.0, "sampled": "footprint", "pixels": 1, "mean_probability": 0.9118}, "geometry": {"type": "Polygon", "coordinates": [[[85.1731252, 27.9627538], [85.1730811, 27.9627088], [85.1730932, 27.9626995], [85.1730775, 27.9626835], [85.1731065, 27.9626614], [85.1731663, 27.9627225], [85.1731252, 27.9627538]]]}}, {"type": "Feature", "properties": {"osm_id": 341623268, "status": "affected", "confidence": "medium", "flooded_fraction": 1.0, "sampled": "centroid", "pixels": 0, "mean_probability": 0.8587}, "geometry": {"type": "Polygon", "coordinates": [[[85.1790513, 27.9808161], [85.1790604, 27.9807899], [85.1790828, 27.9807959], [85.1790947, 27.9807618], [85.1790413, 27.9807473], [85.1790361, 27.9807623], [85.1790071, 27.9807544], [85.1789913, 27.9807999], [85.1790513, 27.9808161]]]}}, {"type": "Feature", "properties": {"osm_id": 886387012, "status": "affected", "confidence": "medium", "flooded_fraction": 1.0, "sampled": "centroid", "pixels": 0, "mean_probability": 0.8982}, "geometry": {"type": "Polygon", "coordinates": [[[85.1723374, 27.9643716], [85.1723666, 27.964305], [85.1724452, 27.9643403], [85.1724113, 27.9644043], [85.1723374, 27.9643716]]]}}, {"type": "Feature", "properties": {"osm_id": 888538902, "status": "affected", "confidence": "medium", "flooded_fraction": 1.0, "sampled": "centroid", "pixels": 0, "mean_probability": 0.9834}, "geometry": {"type": "Polygon", "coordinates": [[[85.1500169, 27.9258079], [85.1500996, 27.9258074], [85.1500993, 27.9257702], [85.1500166, 27.9257707], [85.1500169, 27.9258079]]]}}, {"type": "Feature", "properties": {"osm_id": 342369699, "status": "affected", "confidence": "medium", "flooded_fraction": 1.0, "sampled": "centroid", "pixels": 0, "mean_probability": 0.82}, "geometry": {"type": "Polygon", "coordinates": [[[85.2709778, 27.8719606], [85.27102, 27.8719664], [85.2710292, 27.8719137], [85.270987, 27.871908], [85.2709778, 27.8719606]]]}}, {"type": "Feature", "properties": {"osm_id": 341697706, "status": "affected", "confidence": "medium", "flooded_fraction": 1.0, "sampled": "centroid", "pixels": 0, "mean_probability": 0.7463}, "geometry": {"type": "Polygon", "coordinates": [[[85.1619363, 27.948135], [85.1619188, 27.9480486], [85.1620233, 27.9480321], [85.1620408, 27.9481185], [85.1619363, 27.948135]]]}}, {"type": "Feature", "properties": {"osm_id": 846895892, "status": "affected", "confidence": "medium", "flooded_fraction": 1.0, "sampled": "centroid", "pixels": 0, "mean_probability": 0.687}, "geometry": {"type": "Polygon", "coordinates": [[[85.1841259, 27.9739284], [85.1841315, 27.9739875], [85.1842602, 27.9739781], [85.1842546, 27.973919], [85.1841259, 27.9739284]]]}}, {"type": "Feature", "properties": {"osm_id": 341462110, "status": "affected", "confidence": "medium", "flooded_fraction": 1.0, "sampled": "centroid", "pixels": 0, "mean_probability": 0.7357}, "geometry": {"type": "Polygon", "coordinates": [[[85.1856335, 27.9732384], [85.1855164, 27.973272], [85.1855024, 27.9732341], [85.1856195, 27.9732005], [85.1856335, 27.9732384]]]}}, {"type": "Feature", "properties": {"osm_id": 341462128, "status": "affected", "confidence": "medium", "flooded_fraction": 1.0, "sampled": "centroid", "pixels": 0, "mean_probability": 0.9912}, "geometry": {"type": "Polygon", "coordinates": [[[85.1860062, 27.9735158], [85.186007, 27.9734372], [85.1860447, 27.9734375], [85.1861431, 27.9734382], [85.1861749, 27.9734385], [85.1861741, 27.9735171], [85.1860062, 27.9735158]]]}}, {"type": "Feature", "properties": {"osm_id": 886398152, "status": "affected", "confidence": "medium", "flooded_fraction": 1.0, "sampled": "centroid", "pixels": 0, "mean_probability": 0.9562}, "geometry": {"type": "Polygon", "coordinates": [[[85.1849967, 27.9720161], [85.1850063, 27.9720595], [85.1850731, 27.972048], [85.1850635, 27.9720046], [85.1849967, 27.9720161]]]}}, {"type": "Feature", "properties": {"osm_id": 848313644, "status": "affected", "confidence": "medium", "flooded_fraction": 1.0, "sampled": "centroid", "pixels": 0, "mean_probability": 0.71}, "geometry": {"type": "Polygon", "coordinates": [[[85.1851653, 28.0014068], [85.1851669, 28.0014564], [85.1853063, 28.0014528], [85.1853047, 28.0014033], [85.1851653, 28.0014068]]]}}, {"type": "Feature", "properties": {"osm_id": 341049731, "status": "affected", "confidence": "medium", "flooded_fraction": 1.0, "sampled": "centroid", "pixels": 0, "mean_probability": 0.9609}, "geometry": {"type": "Polygon", "coordinates": [[[85.1800691, 27.9791965], [85.1800552, 27.9791308], [85.1801732, 27.9791114], [85.1801871, 27.9791771], [85.1800691, 27.9791965]]]}}, {"type": "Feature", "properties": {"osm_id": 886471628, "status": "affected", "confidence": "medium", "flooded_fraction": 1.0, "sampled": "centroid", "pixels": 0, "mean_probability": 0.9408}, "geometry": {"type": "Polygon", "coordinates": [[[85.1800005, 27.9801494], [85.1799996, 27.9801687], [85.1799557, 27.9801672], [85.1799565, 27.9801479], [85.1800005, 27.9801494]]]}}, {"type": "Feature", "properties": {"osm_id": 890519715, "status": "affected", "confidence": "medium", "flooded_fraction": 1.0, "sampled": "centroid", "pixels": 0, "mean_probability": 0.5518}, "geometry": {"type": "Polygon", "coordinates": [[[85.2521011, 27.9127114], [85.2521786, 27.9127094], [85.2521769, 27.9126546], [85.2520994, 27.9126566], [85.2521011, 27.9127114]]]}}, {"type": "Feature", "properties": {"osm_id": 890519133, "status": "affected", "confidence": "medium", "flooded_fraction": 1.0, "sampled": "centroid", "pixels": 0, "mean_probability": 0.7081}, "geometry": {"type": "Polygon", "coordinates": [[[85.2531587, 27.9132706], [85.2532137, 27.9132733], [85.2532163, 27.9132328], [85.2531613, 27.9132301], [85.2531587, 27.9132706]]]}}, {"type": "Feature", "properties": {"osm_id": 891116998, "status": "affected", "confidence": "medium", "flooded_fraction": 1.0, "sampled": "centroid", "pixels": 0, "mean_probability": 0.6059}, "geometry": {"type": "Polygon", "coordinates": [[[85.258702, 27.8796816], [85.2587262, 27.8797113], [85.2587772, 27.8796788], [85.258753, 27.8796492], [85.258702, 27.8796816]]]}}, {"type": "Feature", "properties": {"osm_id": 342046942, "status": "affected", "confidence": "high", "flooded_fraction": 1.0, "sampled": "footprint", "pixels": 1, "mean_probability": 0.5558}, "geometry": {"type": "Polygon", "coordinates": [[[85.2897368, 27.946461], [85.2897306, 27.9464199], [85.2898105, 27.9464105], [85.2898167, 27.9464516], [85.2897368, 27.946461]]]}}, {"type": "Feature", "properties": {"osm_id": 922502752, "status": "affected", "confidence": "medium", "flooded_fraction": 1.0, "sampled": "centroid", "pixels": 0, "mean_probability": 0.5173}, "geometry": {"type": "Polygon", "coordinates": [[[85.2695455, 27.8734899], [85.2695159, 27.873397], [85.269574, 27.8733825], [85.2696036, 27.8734755], [85.2695455, 27.8734899]]]}}, {"type": "Feature", "properties": {"osm_id": 922502788, "status": "affected", "confidence": "medium", "flooded_fraction": 1.0, "sampled": "centroid", "pixels": 0, "mean_probability": 0.523}, "geometry": {"type": "Polygon", "coordinates": [[[85.2725453, 27.8684702], [85.2726841, 27.8684602], [85.2726657, 27.8682615], [85.2725269, 27.8682716], [85.2725453, 27.8684702]]]}}, {"type": "Feature", "properties": {"osm_id": 922502783, "status": "affected", "confidence": "high", "flooded_fraction": 1.0, "sampled": "footprint", "pixels": 1, "mean_probability": 0.523}, "geometry": {"type": "Polygon", "coordinates": [[[85.2732183, 27.8688369], [85.2732165, 27.8687462], [85.2732626, 27.8687455], [85.2732644, 27.8688362], [85.2732183, 27.8688369]]]}}, {"type": "Feature", "properties": {"osm_id": 891551029, "status": "affected", "confidence": "medium", "flooded_fraction": 1.0, "sampled": "centroid", "pixels": 0, "mean_probability": 0.561}, "geometry": {"type": "Polygon", "coordinates": [[[85.2998478, 27.8608018], [85.2998319, 27.8608366], [85.2999311, 27.8608721], [85.2999471, 27.8608373], [85.2998478, 27.8608018]]]}}, {"type": "Feature", "properties": {"osm_id": 859950204, "status": "affected", "confidence": "medium", "flooded_fraction": 1.0, "sampled": "centroid", "pixels": 0, "mean_probability": 0.6323}, "geometry": {"type": "Polygon", "coordinates": [[[85.1596869, 27.9564866], [85.1596996, 27.9565191], [85.1597385, 27.9565072], [85.1597258, 27.9564747], [85.1596869, 27.9564866]]]}}, {"type": "Feature", "properties": {"osm_id": 891393528, "status": "affected", "confidence": "medium", "flooded_fraction": 1.0, "sampled": "centroid", "pixels": 0, "mean_probability": 0.529}, "geometry": {"type": "Polygon", "coordinates": [[[85.3242673, 27.8539686], [85.3243247, 27.8539795], [85.3243462, 27.8538905], [85.3242888, 27.8538797], [85.3242673, 27.8539686]]]}}, {"type": "Feature", "properties": {"osm_id": 847027731, "status": "affected", "confidence": "medium", "flooded_fraction": 1.0, "sampled": "centroid", "pixels": 0, "mean_probability": 0.9991}, "geometry": {"type": "Polygon", "coordinates": [[[85.1838081, 27.993865], [85.183859, 27.9936933], [85.1838162, 27.9936834], [85.1837652, 27.9938551], [85.1838081, 27.993865]]]}}, {"type": "Feature", "properties": {"osm_id": 847027795, "status": "affected", "confidence": "medium", "flooded_fraction": 1.0, "sampled": "centroid", "pixels": 0, "mean_probability": 0.9951}, "geometry": {"type": "Polygon", "coordinates": [[[85.1832958, 27.9930846], [85.1833507, 27.9930811], [85.1833454, 27.9930159], [85.1832904, 27.9930195], [85.1832958, 27.9930846]]]}}, {"type": "Feature", "properties": {"osm_id": 847027819, "status": "affected", "confidence": "medium", "flooded_fraction": 1.0, "sampled": "centroid", "pixels": 0, "mean_probability": 0.939}, "geometry": {"type": "Polygon", "coordinates": [[[85.1828505, 27.9928288], [85.1829082, 27.9928288], [85.1829082, 27.9927684], [85.1828505, 27.9927684], [85.1828505, 27.9928288]]]}}, {"type": "Feature", "properties": {"osm_id": 847027772, "status": "affected", "confidence": "medium", "flooded_fraction": 1.0, "sampled": "centroid", "pixels": 0, "mean_probability": 0.9952}, "geometry": {"type": "Polygon", "coordinates": [[[85.183507, 27.9927412], [85.1835787, 27.992729], [85.1835632, 27.992658], [85.1834916, 27.9926701], [85.183507, 27.9927412]]]}}, {"type": "Feature", "properties": {"osm_id": 847027830, "status": "affected", "confidence": "medium", "flooded_fraction": 1.0, "sampled": "centroid", "pixels": 0, "mean_probability": 0.9682}, "geometry": {"type": "Polygon", "coordinates": [[[85.1828277, 27.9922112], [85.1828964, 27.9922219], [85.1829078, 27.9921644], [85.1828391, 27.9921538], [85.1828277, 27.9922112]]]}}, {"type": "Feature", "properties": {"osm_id": 847027804, "status": "affected", "confidence": "medium", "flooded_fraction": 1.0, "sampled": "centroid", "pixels": 0, "mean_probability": 0.6831}, "geometry": {"type": "Polygon", "coordinates": [[[85.1829149, 27.9932776], [85.1829769, 27.9932673], [85.1829648, 27.9932105], [85.1829028, 27.9932208], [85.1829149, 27.9932776]]]}}, {"type": "Feature", "properties": {"osm_id": 847027831, "status": "affected", "confidence": "medium", "flooded_fraction": 1.0, "sampled": "centroid", "pixels": 0, "mean_probability": 0.976}, "geometry": {"type": "Polygon", "coordinates": [[[85.1829021, 27.9920383], [85.1829733, 27.9920673], [85.1830336, 27.9919519], [85.1829625, 27.9919229], [85.1829021, 27.9920383]]]}}, {"type": "Feature", "properties": {"osm_id": 341462126, "status": "affected", "confidence": "medium", "flooded_fraction": 1.0, "sampled": "centroid", "pixels": 0, "mean_probability": 0.9395}, "geometry": {"type": "Polygon", "coordinates": [[[85.1855365, 27.9746182], [85.185441, 27.9745649], [85.1854876, 27.9744998], [85.1854378, 27.9744719], [85.1854725, 27.9744235], [85.1856178, 27.9745048], [85.1855365, 27.9746182]]]}}, {"type": "Feature", "properties": {"osm_id": 341462009, "status": "affected", "confidence": "medium", "flooded_fraction": 1.0, "sampled": "centroid", "pixels": 0, "mean_probability": 0.9869}, "geometry": {"type": "Polygon", "coordinates": [[[85.1855482, 27.9728777], [85.1856095, 27.9728653], [85.185583, 27.9727627], [85.1855217, 27.9727751], [85.1855482, 27.9728777]]]}}, {"type": "Feature", "properties": {"osm_id": 847027814, "status": "affected", "confidence": "medium", "flooded_fraction": 1.0, "sampled": "centroid", "pixels": 0, "mean_probability": 0.9944}, "geometry": {"type": "Polygon", "coordinates": [[[85.1831563, 27.9928827], [85.183206, 27.9928722], [85.1831858, 27.9927976], [85.1831362, 27.9928081], [85.1831563, 27.9928827]]]}}, {"type": "Feature", "properties": {"osm_id": 847027823, "status": "affected", "confidence": "medium", "flooded_fraction": 1.0, "sampled": "centroid", "pixels": 0, "mean_probability": 0.9689}, "geometry": {"type": "Polygon", "coordinates": [[[85.1827204, 27.9925564], [85.18277, 27.9925564], [85.18277, 27.9925043], [85.1827204, 27.9925043], [85.1827204, 27.9925564]]]}}, {"type": "Feature", "properties": {"osm_id": 847027835, "status": "affected", "confidence": "medium", "flooded_fraction": 1.0, "sampled": "centroid", "pixels": 0, "mean_probability": 0.9534}, "geometry": {"type": "Polygon", "coordinates": [[[85.1825286, 27.9923072], [85.1825984, 27.9923143], [85.1826036, 27.9922746], [85.1825338, 27.9922675], [85.1825286, 27.9923072]]]}}, {"type": "Feature", "properties": {"osm_id": 847027752, "status": "affected", "confidence": "medium", "flooded_fraction": 1.0, "sampled": "centroid", "pixels": 0, "mean_probability": 0.9823}, "geometry": {"type": "Polygon", "coordinates": [[[85.1832233, 27.9920366], [85.1832944, 27.99202], [85.1832816, 27.991977], [85.1832105, 27.9919936], [85.1832233, 27.9920366]]]}}, {"type": "Feature", "properties": {"osm_id": 341462612, "status": "affected", "confidence": "medium", "flooded_fraction": 1.0, "sampled": "centroid", "pixels": 0, "mean_probability": 0.6351}, "geometry": {"type": "Polygon", "coordinates": [[[85.3430649, 27.9186168], [85.3432037, 27.9185412], [85.3431706, 27.9184937], [85.3430318, 27.9185693], [85.3430649, 27.9186168]]]}}, {"type": "Feature", "properties": {"osm_id": 341627187, "status": "affected", "confidence": "medium", "flooded_fraction": 1.0, "sampled": "centroid", "pixels": 0, "mean_probability": 0.5045}, "geometry": {"type": "Polygon", "coordinates": [[[85.198333, 27.9022556], [85.198451, 27.9022532], [85.1984484, 27.9021539], [85.1983304, 27.9021563], [85.198333, 27.9022556]]]}}, {"type": "Feature", "properties": {"osm_id": 887181691, "status": "affected", "confidence": "medium", "flooded_fraction": 1.0, "sampled": "centroid", "pixels": 0, "mean_probability": 0.7511}, "geometry": {"type": "Polygon", "coordinates": [[[85.2067262, 27.899933], [85.2068148, 27.8999601], [85.2068449, 27.8998833], [85.2067563, 27.8998562], [85.2067262, 27.899933]]]}}, {"type": "Feature", "properties": {"osm_id": 342548515, "status": "affected", "confidence": "medium", "flooded_fraction": 1.0, "sampled": "centroid", "pixels": 0, "mean_probability": 0.7144}, "geometry": {"type": "Polygon", "coordinates": [[[85.2069943, 27.8998873], [85.2070476, 27.8998951], [85.2070604, 27.8998305], [85.2070075, 27.8998217], [85.2069943, 27.8998873]]]}}, {"type": "Feature", "properties": {"osm_id": 342149443, "status": "affected", "confidence": "medium", "flooded_fraction": 1.0, "sampled": "centroid", "pixels": 0, "mean_probability": 0.832}, "geometry": {"type": "Polygon", "coordinates": [[[85.2130196, 27.9017603], [85.213075, 27.9017635], [85.2130781, 27.9017215], [85.2131512, 27.9017257], [85.2131558, 27.9016639], [85.2130274, 27.9016564], [85.2130196, 27.9017603]]]}}, {"type": "Feature", "properties": {"osm_id": 341546816, "status": "affected", "confidence": "medium", "flooded_fraction": 1.0, "sampled": "centroid", "pixels": 0, "mean_probability": 0.7216}, "geometry": {"type": "Polygon", "coordinates": [[[85.19583, 27.9050986], [85.1957869, 27.9049948], [85.1956804, 27.9050293], [85.1957234, 27.9051331], [85.19583, 27.9050986]]]}}, {"type": "Feature", "properties": {"osm_id": 887181597, "status": "affected", "confidence": "medium", "flooded_fraction": 1.0, "sampled": "centroid", "pixels": 0, "mean_probability": 0.5333}, "geometry": {"type": "Polygon", "coordinates": [[[85.1990148, 27.9029921], [85.1990699, 27.9030658], [85.1991329, 27.9030291], [85.1990779, 27.9029553], [85.1990148, 27.9029921]]]}}, {"type": "Feature", "properties": {"osm_id": 920040422, "status": "affected", "confidence": "medium", "flooded_fraction": 1.0, "sampled": "centroid", "pixels": 0, "mean_probability": 0.5019}, "geometry": {"type": "Polygon", "coordinates": [[[85.1769725, 27.881195], [85.1770882, 27.8811205], [85.1770263, 27.8810453], [85.1769105, 27.8811199], [85.1769725, 27.881195]]]}}, {"type": "Feature", "properties": {"osm_id": 342006859, "status": "affected", "confidence": "high", "flooded_fraction": 1.0, "sampled": "footprint", "pixels": 1, "mean_probability": 0.5019}, "geometry": {"type": "Polygon", "coordinates": [[[85.1944403, 27.8755757], [85.1944834, 27.8756076], [85.1945599, 27.8755267], [85.1945169, 27.8754948], [85.1944403, 27.8755757]]]}}, {"type": "Feature", "properties": {"osm_id": 886388186, "status": "affected", "confidence": "medium", "flooded_fraction": 1.0, "sampled": "centroid", "pixels": 0, "mean_probability": 0.9721}, "geometry": {"type": "Polygon", "coordinates": [[[85.183718, 27.9696122], [85.1838081, 27.9696152], [85.1838105, 27.9695576], [85.1837204, 27.9695547], [85.183718, 27.9696122]]]}}, {"type": "Feature", "properties": {"osm_id": 887063013, "status": "affected", "confidence": "medium", "flooded_fraction": 1.0, "sampled": "centroid", "pixels": 0, "mean_probability": 0.6256}, "geometry": {"type": "Polygon", "coordinates": [[[85.1770663, 28.0183454], [85.1771253, 28.0183503], [85.1771307, 28.0183006], [85.1770717, 28.0182956], [85.1770663, 28.0183454]]]}}, {"type": "Feature", "properties": {"osm_id": 341654780, "status": "affected", "confidence": "medium", "flooded_fraction": 1.0, "sampled": "centroid", "pixels": 0, "mean_probability": 0.976}, "geometry": {"type": "Polygon", "coordinates": [[[85.1530169, 27.9357764], [85.1529208, 27.935724], [85.1529677, 27.9356569], [85.1530638, 27.9357093], [85.1530169, 27.9357764]]]}}, {"type": "Feature", "properties": {"osm_id": 341959126, "status": "affected", "confidence": "medium", "flooded_fraction": 1.0, "sampled": "centroid", "pixels": 0, "mean_probability": 0.8579}, "geometry": {"type": "Polygon", "coordinates": [[[85.152764, 27.9354526], [85.1528375, 27.9353638], [85.1527456, 27.9353044], [85.1526721, 27.9353933], [85.152764, 27.9354526]]]}}, {"type": "Feature", "properties": {"osm_id": 886277357, "status": "affected", "confidence": "medium", "flooded_fraction": 1.0, "sampled": "centroid", "pixels": 0, "mean_probability": 0.7591}, "geometry": {"type": "Polygon", "coordinates": [[[85.170148, 27.959822], [85.1702029, 27.9598861], [85.1702454, 27.9598564], [85.1701887, 27.959797], [85.170148, 27.959822]]]}}, {"type": "Feature", "properties": {"osm_id": 892156965, "status": "affected", "confidence": "medium", "flooded_fraction": 1.0, "sampled": "centroid", "pixels": 0, "mean_probability": 0.9982}, "geometry": {"type": "Polygon", "coordinates": [[[85.1604903, 27.9470822], [85.1605311, 27.9471257], [85.1605861, 27.9470854], [85.1605453, 27.9470419], [85.1604903, 27.9470822]]]}}, {"type": "Feature", "properties": {"osm_id": 341697698, "status": "affected", "confidence": "medium", "flooded_fraction": 1.0, "sampled": "centroid", "pixels": 0, "mean_probability": 0.7004}, "geometry": {"type": "Polygon", "coordinates": [[[85.1639512, 27.9534956], [85.1639881, 27.9534691], [85.164029, 27.9535134], [85.1639921, 27.95354], [85.1639512, 27.9534956]]]}}, {"type": "Feature", "properties": {"osm_id": 886277379, "status": "affected", "confidence": "medium", "flooded_fraction": 1.0, "sampled": "centroid", "pixels": 0, "mean_probability": 0.9063}, "geometry": {"type": "Polygon", "coordinates": [[[85.172542, 27.9625725], [85.1725685, 27.9626007], [85.1726191, 27.9625635], [85.1725926, 27.9625354], [85.172542, 27.9625725]]]}}, {"type": "Feature", "properties": {"osm_id": 886388185, "status": "affected", "confidence": "medium", "flooded_fraction": 1.0, "sampled": "centroid", "pixels": 0, "mean_probability": 0.9308}, "geometry": {"type": "Polygon", "coordinates": [[[85.183173, 27.9697836], [85.1831796, 27.9697302], [85.1832919, 27.9697409], [85.1832853, 27.9697943], [85.183173, 27.9697836]]]}}, {"type": "Feature", "properties": {"osm_id": 886391962, "status": "affected", "confidence": "high", "flooded_fraction": 1.0, "sampled": "footprint", "pixels": 1, "mean_probability": 0.9308}, "geometry": {"type": "Polygon", "coordinates": [[[85.1825217, 27.969134], [85.1826029, 27.9691856], [85.1826785, 27.9690928], [85.1825973, 27.9690411], [85.1825217, 27.969134]]]}}, {"type": "Feature", "properties": {"osm_id": 341522876, "status": "affected", "confidence": "high", "flooded_fraction": 1.0, "sampled": "footprint", "pixels": 1, "mean_probability": 0.9561}, "geometry": {"type": "Polygon", "coordinates": [[[85.1851793, 28.0365902], [85.1851685, 28.0365702], [85.1851416, 28.0365205], [85.1852185, 28.0364881], [85.1852562, 28.0365579], [85.1851793, 28.0365902]]]}}, {"type": "Feature", "properties": {"osm_id": 891015470, "status": "affected", "confidence": "medium", "flooded_fraction": 1.0, "sampled": "centroid", "pixels": 0, "mean_probability": 0.5272}, "geometry": {"type": "Polygon", "coordinates": [[[85.263176, 27.9058448], [85.2632457, 27.9058661], [85.2632637, 27.9058203], [85.2631939, 27.9057989], [85.263176, 27.9058448]]]}}, {"type": "Feature", "properties": {"osm_id": 891048507, "status": "affected", "confidence": "medium", "flooded_fraction": 1.0, "sampled": "centroid", "pixels": 0, "mean_probability": 0.8497}, "geometry": {"type": "Polygon", "coordinates": [[[85.2542871, 27.9078548], [85.2542925, 27.9078856], [85.2543206, 27.9078818], [85.2543152, 27.907851], [85.2542871, 27.9078548]]]}}, {"type": "Feature", "properties": {"osm_id": 341461750, "status": "affected", "confidence": "medium", "flooded_fraction": 1.0, "sampled": "centroid", "pixels": 0, "mean_probability": 0.9904}, "geometry": {"type": "Polygon", "coordinates": [[[85.1855217, 27.9737846], [85.1855162, 27.9738161], [85.185563, 27.9738224], [85.1855684, 27.9737909], [85.1855217, 27.9737846]]]}}, {"type": "Feature", "properties": {"osm_id": 846895905, "status": "affected", "confidence": "medium", "flooded_fraction": 1.0, "sampled": "centroid", "pixels": 0, "mean_probability": 0.9983}, "geometry": {"type": "Polygon", "coordinates": [[[85.1875994, 27.9743572], [85.1876729, 27.9743929], [85.1877105, 27.9743324], [85.1876369, 27.9742968], [85.1875994, 27.9743572]]]}}, {"type": "Feature", "properties": {"osm_id": 886387004, "status": "affected", "confidence": "medium", "flooded_fraction": 1.0, "sampled": "centroid", "pixels": 0, "mean_probability": 0.6601}, "geometry": {"type": "Polygon", "coordinates": [[[85.1713576, 27.9648764], [85.1713637, 27.9649105], [85.1714238, 27.9649023], [85.1714223, 27.9648628], [85.1713576, 27.9648764]]]}}, {"type": "Feature", "properties": {"osm_id": 846895903, "status": "affected", "confidence": "medium", "flooded_fraction": 1.0, "sampled": "centroid", "pixels": 0, "mean_probability": 0.9991}, "geometry": {"type": "Polygon", "coordinates": [[[85.187083, 27.9741914], [85.1870859, 27.9742606], [85.1871522, 27.9742585], [85.1871513, 27.9742356], [85.1871962, 27.9742342], [85.1871943, 27.9741878], [85.187083, 27.9741914]]]}}, {"type": "Feature", "properties": {"osm_id": 341771013, "status": "affected", "confidence": "high", "flooded_fraction": 1.0, "sampled": "footprint", "pixels": 1, "mean_probability": 0.9991}, "geometry": {"type": "Polygon", "coordinates": [[[85.174979, 27.998634], [85.1750127, 27.9986089], [85.1750813, 27.998681], [85.1750475, 27.998706], [85.174979, 27.998634]]]}}, {"type": "Feature", "properties": {"osm_id": 890977284, "status": "affected", "confidence": "medium", "flooded_fraction": 1.0, "sampled": "centroid", "pixels": 0, "mean_probability": 0.5106}, "geometry": {"type": "Polygon", "coordinates": [[[85.1512407, 27.9357765], [85.1512965, 27.9358088], [85.1513292, 27.9357647], [85.1512734, 27.9357324], [85.1512407, 27.9357765]]]}}, {"type": "Feature", "properties": {"osm_id": 341049789, "status": "affected", "confidence": "medium", "flooded_fraction": 1.0, "sampled": "centroid", "pixels": 0, "mean_probability": 0.7061}, "geometry": {"type": "Polygon", "coordinates": [[[85.1798656, 27.9820792], [85.1798679, 27.9820414], [85.1799222, 27.982044], [85.1799198, 27.9820818], [85.1798656, 27.9820792]]]}}, {"type": "Feature", "properties": {"osm_id": 341049813, "status": "affected", "confidence": "medium", "flooded_fraction": 1.0, "sampled": "centroid", "pixels": 0, "mean_probability": 0.9563}, "geometry": {"type": "Polygon", "coordinates": [[[85.1789454, 27.9808871], [85.1789614, 27.9808346], [85.1790692, 27.9808601], [85.1790533, 27.9809127], [85.1789454, 27.9808871]]]}}, {"type": "Feature", "properties": {"osm_id": 886387016, "status": "affected", "confidence": "medium", "flooded_fraction": 1.0, "sampled": "centroid", "pixels": 0, "mean_probability": 0.9445}, "geometry": {"type": "Polygon", "coordinates": [[[85.1724318, 27.9653092], [85.1724995, 27.9653401], [85.1725392, 27.9652452], [85.1724692, 27.9652184], [85.1724318, 27.9653092]]]}}, {"type": "Feature", "properties": {"osm_id": 886462141, "status": "affected", "confidence": "high", "flooded_fraction": 1.0, "sampled": "footprint", "pixels": 1, "mean_probability": 0.9445}, "geometry": {"type": "Polygon", "coordinates": [[[85.1805767, 27.9770273], [85.1805277, 27.9769838], [85.1806089, 27.9769124], [85.1806579, 27.9769559], [85.1805767, 27.9770273]]]}}, {"type": "Feature", "properties": {"osm_id": 341587280, "status": "affected", "confidence": "medium", "flooded_fraction": 1.0, "sampled": "centroid", "pixels": 0, "mean_probability": 0.9207}, "geometry": {"type": "Polygon", "coordinates": [[[85.1716957, 27.9619135], [85.1716563, 27.9618834], [85.1716891, 27.9618499], [85.1717285, 27.9618799], [85.1716957, 27.9619135]]]}}, {"type": "Feature", "properties": {"osm_id": 341754083, "status": "affected", "confidence": "medium", "flooded_fraction": 1.0, "sampled": "centroid", "pixels": 0, "mean_probability": 0.8699}, "geometry": {"type": "Polygon", "coordinates": [[[85.1697174, 27.9634245], [85.1697664, 27.9633921], [85.1696982, 27.9633117], [85.1696492, 27.9633441], [85.1697174, 27.9634245]]]}}, {"type": "Feature", "properties": {"osm_id": 846895890, "status": "affected", "confidence": "medium", "flooded_fraction": 1.0, "sampled": "centroid", "pixels": 0, "mean_probability": 0.5624}, "geometry": {"type": "Polygon", "coordinates": [[[85.1828317, 27.9761137], [85.1828746, 27.9761439], [85.1828965, 27.9761197], [85.1828535, 27.9760895], [85.1828317, 27.9761137]]]}}, {"type": "Feature", "properties": {"osm_id": 886277374, "status": "affected", "confidence": "medium", "flooded_fraction": 1.0, "sampled": "centroid", "pixels": 0, "mean_probability": 0.966}, "geometry": {"type": "Polygon", "coordinates": [[[85.1721396, 27.9625486], [85.1722336, 27.9625705], [85.1722589, 27.9624855], [85.1721649, 27.9624636], [85.1721396, 27.9625486]]]}}, {"type": "Feature", "properties": {"osm_id": 892156966, "status": "affected", "confidence": "medium", "flooded_fraction": 1.0, "sampled": "centroid", "pixels": 0, "mean_probability": 0.9978}, "geometry": {"type": "Polygon", "coordinates": [[[85.1604252, 27.9470099], [85.1604634, 27.9470565], [85.1605097, 27.9470269], [85.1604715, 27.9469803], [85.1604252, 27.9470099]]]}}, {"type": "Feature", "properties": {"osm_id": 886471620, "status": "affected", "confidence": "medium", "flooded_fraction": 1.0, "sampled": "centroid", "pixels": 0, "mean_probability": 0.9773}, "geometry": {"type": "Polygon", "coordinates": [[[85.1799956, 27.9788937], [85.1799116, 27.9788978], [85.1799116, 27.9788246], [85.179998, 27.9788236], [85.1799956, 27.9788937]]]}}, {"type": "Feature", "properties": {"osm_id": 886471626, "status": "affected", "confidence": "medium", "flooded_fraction": 1.0, "sampled": "centroid", "pixels": 0, "mean_probability": 0.9443}, "geometry": {"type": "Polygon", "coordinates": [[[85.1799663, 27.979989], [85.1799185, 27.97999], [85.1799177, 27.9799581], [85.1799654, 27.9799571], [85.1799663, 27.979989]]]}}, {"type": "Feature", "properties": {"osm_id": 890977170, "status": "affected", "confidence": "medium", "flooded_fraction": 1.0, "sampled": "centroid", "pixels": 0, "mean_probability": 0.5077}, "geometry": {"type": "Polygon", "coordinates": [[[85.1591733, 27.9548767], [85.159208, 27.9549022], [85.1592376, 27.9548708], [85.1592029, 27.9548453], [85.1591733, 27.9548767]]]}}, {"type": "Feature", "properties": {"osm_id": 341461860, "status": "affected", "confidence": "medium", "flooded_fraction": 1.0, "sampled": "centroid", "pixels": 0, "mean_probability": 0.9843}, "geometry": {"type": "Polygon", "coordinates": [[[85.1853045, 27.972549], [85.1854246, 27.9725139], [85.1853978, 27.9724426], [85.1852778, 27.9724778], [85.1853045, 27.972549]]]}}, {"type": "Feature", "properties": {"osm_id": 846895896, "status": "affected", "confidence": "medium", "flooded_fraction": 1.0, "sampled": "centroid", "pixels": 0, "mean_probability": 0.9958}, "geometry": {"type": "Polygon", "coordinates": [[[85.1858291, 27.9746989], [85.1858767, 27.9747534], [85.1859118, 27.9747295], [85.1858642, 27.974675], [85.1858291, 27.9746989]]]}}, {"type": "Feature", "properties": {"osm_id": 920109289, "status": "affected", "confidence": "medium", "flooded_fraction": 1.0, "sampled": "centroid", "pixels": 0, "mean_probability": 0.6237}, "geometry": {"type": "Polygon", "coordinates": [[[85.1738057, 27.8793522], [85.1738171, 27.8792673], [85.1737549, 27.8792608], [85.1737435, 27.8793457], [85.1738057, 27.8793522]]]}}, {"type": "Feature", "properties": {"osm_id": 341635447, "status": "affected", "confidence": "medium", "flooded_fraction": 1.0, "sampled": "centroid", "pixels": 0, "mean_probability": 0.5709}, "geometry": {"type": "Polygon", "coordinates": [[[85.3040564, 27.8638528], [85.304024, 27.8638225], [85.3039664, 27.8638706], [85.3039988, 27.8639009], [85.3040564, 27.8638528]]]}}, {"type": "Feature", "properties": {"osm_id": 342068738, "status": "affected", "confidence": "medium", "flooded_fraction": 1.0, "sampled": "centroid", "pixels": 0, "mean_probability": 0.9888}, "geometry": {"type": "Polygon", "coordinates": [[[85.1829102, 28.0090856], [85.182915, 28.0091082], [85.1829599, 28.0091008], [85.1829551, 28.0090782], [85.1829102, 28.0090856]]]}}, {"type": "Feature", "properties": {"osm_id": 886398157, "status": "affected", "confidence": "medium", "flooded_fraction": 1.0, "sampled": "centroid", "pixels": 0, "mean_probability": 0.9928}, "geometry": {"type": "Polygon", "coordinates": [[[85.185547, 27.9718614], [85.1856095, 27.9719114], [85.185672, 27.9718505], [85.1856095, 27.9718004], [85.185547, 27.9718614]]]}}, {"type": "Feature", "properties": {"osm_id": 341496152, "status": "affected", "confidence": "medium", "flooded_fraction": 1.0, "sampled": "centroid", "pixels": 0, "mean_probability": 0.757}, "geometry": {"type": "Polygon", "coordinates": [[[85.2849928, 27.9107445], [85.2849473, 27.9108109], [85.2850139, 27.9108466], [85.2850594, 27.9107803], [85.2849928, 27.9107445]]]}}, {"type": "Feature", "properties": {"osm_id": 888801285, "status": "affected", "confidence": "high", "flooded_fraction": 1.0, "sampled": "footprint", "pixels": 1, "mean_probability": 0.757}, "geometry": {"type": "Polygon", "coordinates": [[[85.2848335, 27.9110919], [85.2848761, 27.9110625], [85.284833, 27.9110137], [85.2847903, 27.9110431], [85.2848335, 27.9110919]]]}}, {"type": "Feature", "properties": {"osm_id": 340641804, "status": "affected", "confidence": "medium", "flooded_fraction": 1.0, "sampled": "centroid", "pixels": 0, "mean_probability": 0.7873}, "geometry": {"type": "Polygon", "coordinates": [[[85.2847898, 27.9112385], [85.2847466, 27.9111896], [85.2846953, 27.911225], [85.2847386, 27.9112739], [85.2847898, 27.9112385]]]}}, {"type": "Feature", "properties": {"osm_id": 859950244, "status": "affected", "confidence": "medium", "flooded_fraction": 1.0, "sampled": "centroid", "pixels": 0, "mean_probability": 0.7589}, "geometry": {"type": "Polygon", "coordinates": [[[85.1594724, 27.9563089], [85.1594734, 27.9563245], [85.1595197, 27.9563221], [85.1595186, 27.9563065], [85.1594724, 27.9563089]]]}}, {"type": "Feature", "properties": {"osm_id": 859950249, "status": "affected", "confidence": "medium", "flooded_fraction": 1.0, "sampled": "centroid", "pixels": 0, "mean_probability": 0.6611}, "geometry": {"type": "Polygon", "coordinates": [[[85.1595321, 27.9561697], [85.1595327, 27.9561407], [85.1594726, 27.9561396], [85.1594719, 27.9561686], [85.1595321, 27.9561697]]]}}, {"type": "Feature", "properties": {"osm_id": 859950232, "status": "affected", "confidence": "medium", "flooded_fraction": 1.0, "sampled": "centroid", "pixels": 0, "mean_probability": 0.5878}, "geometry": {"type": "Polygon", "coordinates": [[[85.1597647, 27.9562396], [85.1597655, 27.956255], [85.1598137, 27.9562532], [85.159813, 27.9562378], [85.1597647, 27.9562396]]]}}, {"type": "Feature", "properties": {"osm_id": 847027779, "status": "affected", "confidence": "medium", "flooded_fraction": 1.0, "sampled": "centroid", "pixels": 0, "mean_probability": 0.5753}, "geometry": {"type": "Polygon", "coordinates": [[[85.1836672, 27.9930532], [85.1837397, 27.9930425], [85.1837266, 27.9929735], [85.1836542, 27.9929842], [85.1836672, 27.9930532]]]}}, {"type": "Feature", "properties": {"osm_id": 847027808, "status": "affected", "confidence": "medium", "flooded_fraction": 1.0, "sampled": "centroid", "pixels": 0, "mean_probability": 0.9937}, "geometry": {"type": "Polygon", "coordinates": [[[85.1830879, 27.9929401], [85.1831288, 27.9929363], [85.1831208, 27.9928688], [85.1830798, 27.9928726], [85.1830879, 27.9929401]]]}}, {"type": "Feature", "properties": {"osm_id": 847027813, "status": "affected", "confidence": "medium", "flooded_fraction": 1.0, "sampled": "centroid", "pixels": 0, "mean_probability": 0.9785}, "geometry": {"type": "Polygon", "coordinates": [[[85.1831, 27.9926571], [85.1831041, 27.9927016], [85.1831698, 27.9926969], [85.1831657, 27.9926524], [85.1831, 27.9926571]]]}}, {"type": "Feature", "properties": {"osm_id": 847027761, "status": "affected", "confidence": "medium", "flooded_fraction": 1.0, "sampled": "centroid", "pixels": 0, "mean_probability": 0.9801}, "geometry": {"type": "Polygon", "coordinates": [[[85.1834372, 27.9922047], [85.1834614, 27.9922539], [85.1835101, 27.9922352], [85.1834859, 27.9921861], [85.1834372, 27.9922047]]]}}, {"type": "Feature", "properties": {"osm_id": 847027748, "status": "affected", "confidence": "high", "flooded_fraction": 1.0, "sampled": "footprint", "pixels": 1, "mean_probability": 0.9801}, "geometry": {"type": "Polygon", "coordinates": [[[85.1832575, 27.9922337], [85.1833152, 27.9922343], [85.1833159, 27.9921823], [85.1832582, 27.9921817], [85.1832575, 27.9922337]]]}}, {"type": "Feature", "properties": {"osm_id": 847027788, "status": "affected", "confidence": "high", "flooded_fraction": 1.0, "sampled": "footprint", "pixels": 1, "mean_probability": 0.9869}, "geometry": {"type": "Polygon", "coordinates": [[[85.1834071, 27.9935322], [85.1834661, 27.9935322], [85.1834661, 27.9934458], [85.1834071, 27.9934458], [85.1834071, 27.9935322]]]}}, {"type": "Feature", "properties": {"osm_id": 1041574561, "status": "affected", "confidence": "medium", "flooded_fraction": 1.0, "sampled": "centroid", "pixels": 0, "mean_probability": 0.6042}, "geometry": {"type": "Polygon", "coordinates": [[[85.325074, 27.9223258], [85.3251284, 27.9223465], [85.3252257, 27.9221462], [85.3251712, 27.9221255], [85.325074, 27.9223258]]]}}, {"type": "Feature", "properties": {"osm_id": 888120812, "status": "affected", "confidence": "medium", "flooded_fraction": 1.0, "sampled": "centroid", "pixels": 0, "mean_probability": 0.6468}, "geometry": {"type": "Polygon", "coordinates": [[[85.346708, 27.9216122], [85.3467174, 27.921579], [85.3466682, 27.9215681], [85.3466588, 27.9216013], [85.346708, 27.9216122]]]}}, {"type": "Feature", "properties": {"osm_id": 888120851, "status": "affected", "confidence": "medium", "flooded_fraction": 1.0, "sampled": "centroid", "pixels": 0, "mean_probability": 0.5597}, "geometry": {"type": "Polygon", "coordinates": [[[85.3445394, 27.918767], [85.3444986, 27.9187965], [85.3445227, 27.9188226], [85.3445636, 27.918793], [85.3445394, 27.918767]]]}}, {"type": "Feature", "properties": {"osm_id": 342083290, "status": "affected", "confidence": "medium", "flooded_fraction": 1.0, "sampled": "centroid", "pixels": 0, "mean_probability": 0.5374}, "geometry": {"type": "Polygon", "coordinates": [[[85.2396159, 27.9032937], [85.2396216, 27.9032528], [85.2395324, 27.903243], [85.2395267, 27.903284], [85.2396159, 27.9032937]]]}}, {"type": "Feature", "properties": {"osm_id": 890523659, "status": "affected", "confidence": "medium", "flooded_fraction": 1.0, "sampled": "centroid", "pixels": 0, "mean_probability": 0.6644}, "geometry": {"type": "Polygon", "coordinates": [[[85.2340381, 27.8998966], [85.234087, 27.8998577], [85.2340636, 27.8998347], [85.2340147, 27.8998736], [85.2340381, 27.8998966]]]}}, {"type": "Feature", "properties": {"osm_id": 341439794, "status": "affected", "confidence": "medium", "flooded_fraction": 1.0, "sampled": "centroid", "pixels": 0, "mean_probability": 0.6537}, "geometry": {"type": "Polygon", "coordinates": [[[85.302069, 27.9156187], [85.3021524, 27.9156468], [85.3021327, 27.9156924], [85.3020477, 27.9156669], [85.302069, 27.9156187]]]}}, {"type": "Feature", "properties": {"osm_id": 1041582645, "status": "affected", "confidence": "medium", "flooded_fraction": 1.0, "sampled": "centroid", "pixels": 0, "mean_probability": 0.7596}, "geometry": {"type": "Polygon", "coordinates": [[[85.2983608, 27.9174134], [85.2983927, 27.917398], [85.2983682, 27.9173583], [85.2983364, 27.9173737], [85.2983608, 27.9174134]]]}}, {"type": "Feature", "properties": {"osm_id": 1041579426, "status": "affected", "confidence": "medium", "flooded_fraction": 1.0, "sampled": "centroid", "pixels": 0, "mean_probability": 0.6633}, "geometry": {"type": "Polygon", "coordinates": [[[85.3101968, 27.9248788], [85.310152, 27.9249159], [85.3102073, 27.9249681], [85.3102521, 27.924931], [85.3101968, 27.9248788]]]}}, {"type": "Feature", "properties": {"osm_id": 890499937, "status": "affected", "confidence": "medium", "flooded_fraction": 1.0, "sampled": "centroid", "pixels": 0, "mean_probability": 0.7725}, "geometry": {"type": "Polygon", "coordinates": [[[85.2264049, 27.8977196], [85.2264149, 27.8977996], [85.226528, 27.8977885], [85.2265179, 27.8977085], [85.2264049, 27.8977196]]]}}, {"type": "Feature", "properties": {"osm_id": 341587426, "status": "affected", "confidence": "medium", "flooded_fraction": 1.0, "sampled": "centroid", "pixels": 0, "mean_probability": 0.9656}, "geometry": {"type": "Polygon", "coordinates": [[[85.1713245, 27.9618392], [85.1712732, 27.9617996], [85.1713732, 27.9616985], [85.1714245, 27.9617381], [85.1713245, 27.9618392]]]}}, {"type": "Feature", "properties": {"osm_id": 341654740, "status": "affected", "confidence": "medium", "flooded_fraction": 1.0, "sampled": "centroid", "pixels": 0, "mean_probability": 0.8664}, "geometry": {"type": "Polygon", "coordinates": [[[85.1523452, 27.9354193], [85.1524074, 27.9353662], [85.152474, 27.9354271], [85.1524118, 27.9354802], [85.1523452, 27.9354193]]]}}, {"type": "Feature", "properties": {"osm_id": 341587472, "status": "affected", "confidence": "medium", "flooded_fraction": 1.0, "sampled": "centroid", "pixels": 0, "mean_probability": 0.8473}, "geometry": {"type": "Polygon", "coordinates": [[[85.1684996, 27.9584514], [85.1685329, 27.9585123], [85.1686198, 27.9584753], [85.1685864, 27.9584143], [85.1684996, 27.9584514]]]}}, {"type": "Feature", "properties": {"osm_id": 890977305, "status": "affected", "confidence": "medium", "flooded_fraction": 1.0, "sampled": "centroid", "pixels": 0, "mean_probability": 0.8056}, "geometry": {"type": "Polygon", "coordinates": [[[85.1525483, 27.9303955], [85.1525897, 27.9303924], [85.1525873, 27.930368], [85.1525459, 27.9303711], [85.1525483, 27.9303955]]]}}, {"type": "Feature", "properties": {"osm_id": 891929272, "status": "affected", "confidence": "medium", "flooded_fraction": 1.0, "sampled": "centroid", "pixels": 0, "mean_probability": 0.5482}, "geometry": {"type": "Polygon", "coordinates": [[[85.1564475, 27.9389515], [85.1564886, 27.9389848], [85.1565284, 27.9389464], [85.1564873, 27.9389131], [85.1564475, 27.9389515]]]}}, {"type": "Feature", "properties": {"osm_id": 341919278, "status": "affected", "confidence": "medium", "flooded_fraction": 1.0, "sampled": "centroid", "pixels": 0, "mean_probability": 0.7448}, "geometry": {"type": "Polygon", "coordinates": [[[85.1520112, 27.9353308], [85.1520294, 27.9353103], [85.1520588, 27.9353307], [85.1520406, 27.9353512], [85.1520112, 27.9353308]]]}}, {"type": "Feature", "properties": {"osm_id": 341461838, "status": "affected", "confidence": "medium", "flooded_fraction": 1.0, "sampled": "centroid", "pixels": 0, "mean_probability": 0.9651}, "geometry": {"type": "Polygon", "coordinates": [[[85.1854677, 27.972985], [85.1855256, 27.9729862], [85.1855267, 27.9729422], [85.1854688, 27.9729411], [85.1854677, 27.972985]]]}}, {"type": "Feature", "properties": {"osm_id": 341462049, "status": "affected", "confidence": "medium", "flooded_fraction": 1.0, "sampled": "centroid", "pixels": 0, "mean_probability": 0.9813}, "geometry": {"type": "Polygon", "coordinates": [[[85.1857078, 27.9725841], [85.1858185, 27.9725471], [85.185857, 27.9726371], [85.1857463, 27.9726741], [85.1857078, 27.9725841]]]}}, {"type": "Feature", "properties": {"osm_id": 341049819, "status": "affected", "confidence": "medium", "flooded_fraction": 1.0, "sampled": "centroid", "pixels": 0, "mean_probability": 0.9773}, "geometry": {"type": "Polygon", "coordinates": [[[85.1799349, 27.9789973], [85.1800135, 27.9789996], [85.1800167, 27.9789177], [85.1799381, 27.9789153], [85.1799349, 27.9789973]]]}}, {"type": "Feature", "properties": {"osm_id": 886471614, "status": "affected", "confidence": "high", "flooded_fraction": 1.0, "sampled": "footprint", "pixels": 1, "mean_probability": 0.9773}, "geometry": {"type": "Polygon", "coordinates": [[[85.1803143, 27.9791192], [85.180254, 27.9791168], [85.1802553, 27.9790434], [85.1803183, 27.9790458], [85.1803143, 27.9791192]]]}}, {"type": "Feature", "properties": {"osm_id": 886471666, "status": "affected", "confidence": "medium", "flooded_fraction": 1.0, "sampled": "centroid", "pixels": 0, "mean_probability": 0.9924}, "geometry": {"type": "Polygon", "coordinates": [[[85.1814798, 27.9865187], [85.1814553, 27.9865174], [85.1814572, 27.9864899], [85.1814816, 27.9864912], [85.1814798, 27.9865187]]]}}, {"type": "Feature", "properties": {"osm_id": 886391952, "status": "affected", "confidence": "medium", "flooded_fraction": 1.0, "sampled": "centroid", "pixels": 0, "mean_probability": 0.7511}, "geometry": {"type": "Polygon", "coordinates": [[[85.1717485, 27.9653705], [85.1718101, 27.9653936], [85.1718471, 27.965346], [85.1717839, 27.9653201], [85.1717485, 27.9653705]]]}}]}