{"type": "FeatureCollection", "crs": {"type": "name", "properties": {"name": "urn:ogc:def:crs:EPSG::4326"}}, "features": [{"type": "Feature", "properties": {"osm_id": 340467693, "status": "possibly_affected", "confidence": "medium", "flooded_fraction": 0.12, "highway": "track", "name": null, "length_km": 1.979254, "flooded_length_km": 0.237511, "flood_probability": 0.0748}, "geometry": {"type": "LineString", "coordinates": [[85.2101105, 27.9010288], [85.2100446, 27.9014675], [85.2100744, 27.9019941], [85.2102055, 27.9024101], [85.2101205, 27.9025254], [85.2101299, 27.9028786], [85.2099612, 27.9032632], [85.2100744, 27.903516], [85.2101816, 27.9038404], [85.2101442, 27.9040797], [85.2100601, 27.9042861], [85.2100695, 27.9045172], [85.2100601, 27.9047813], [85.2100975, 27.9049547], [85.2101629, 27.9051858], [85.210303, 27.9053921], [85.2103497, 27.9055737], [85.210303, 27.9057718], [85.2102936, 27.9059947], [85.2104244, 27.9063248], [85.2106205, 27.906655], [85.2107046, 27.9068943], [85.2108354, 27.9071585], [85.2109755, 27.9073401], [85.2111249, 27.9075051], [85.2112463, 27.9076702], [85.211321, 27.9078931], [85.2113304, 27.9081407], [85.2112411, 27.9083341], [85.2112878, 27.9084909], [85.2113594, 27.9087018], [85.2113718, 27.9087385], [85.2113999, 27.9089201], [85.211387, 27.9090619], [85.2113812, 27.9091264], [85.2113774, 27.909275], [85.2113251, 27.9094731], [85.2113812, 27.9096877], [85.2115867, 27.9099353], [85.2117094, 27.9101087], [85.2117481, 27.9104601], [85.2117946, 27.9106489], [85.2119147, 27.9110224], [85.2120026, 27.9113763], [85.2123513, 27.9115353], [85.2124817, 27.9117566], [85.212615, 27.9119226], [85.2125566, 27.9120311], [85.212235, 27.912291], [85.21195, 27.9125502], [85.2119463, 27.9126557], [85.2119389, 27.9128706], [85.2117922, 27.9129953], [85.211568, 27.913142], [85.2114989, 27.9133964], [85.2114436, 27.9134355], [85.2112498, 27.9135725], [85.2112636, 27.9138831], [85.2112332, 27.9140812], [85.2113826, 27.9144553], [85.2113273, 27.9146167], [85.2113643, 27.9149098], [85.2112774, 27.9151205], [85.2112525, 27.915326], [85.2113549, 27.9153993], [85.2115348, 27.9153944], [85.2116068, 27.9154849], [85.2114989, 27.9156708], [85.2114324, 27.9157882], [85.2114933, 27.9159471], [85.2114214, 27.9160694], [85.2113771, 27.9163702], [85.2113412, 27.9167947], [85.2113493, 27.916924], [85.2113818, 27.9170174], [85.211333, 27.9171252], [85.2112599, 27.9171611]]}}, {"type": "Feature", "properties": {"osm_id": 342363624, "status": "possibly_affected", "confidence": "low", "flooded_fraction": 0.0795, "highway": "path", "name": null, "length_km": 1.739921, "flooded_length_km": 0.138403, "flood_probability": 0.0589}, "geometry": {"type": "LineString", "coordinates": [[85.2009962, 27.897603], [85.2108513, 27.896408], [85.2109023, 27.8964483], [85.2109291, 27.896382], [85.2109828, 27.8964317], [85.211023, 27.8963914], [85.2110659, 27.8964057], [85.2111035, 27.8963535], [85.2111491, 27.896318], [85.2112242, 27.8963108], [85.2112724, 27.8963156], [85.2112885, 27.8962634], [85.2113556, 27.8962563], [85.2114012, 27.8962042], [85.2114709, 27.8962563], [85.2114763, 27.8962089], [85.2115246, 27.8962184], [85.2115299, 27.8961449], [85.2115667, 27.8961248], [85.2115943, 27.8961994], [85.211656, 27.8962634], [85.2116962, 27.8963156], [85.2117525, 27.8963772], [85.2118089, 27.8963843], [85.2118303, 27.8963606], [85.2118062, 27.8963108], [85.2117579, 27.8962255], [85.2117043, 27.8961378], [85.2117016, 27.8960453], [85.2116989, 27.8956921], [85.2116882, 27.8956281], [85.2116399, 27.8955215], [85.2116184, 27.895448], [85.211615, 27.8954112], [85.2115667, 27.8953686], [85.2114441, 27.8952607], [85.2113843, 27.895205], [85.2113172, 27.8951291], [85.2112126, 27.8950296], [85.2111697, 27.8949276], [85.2111464, 27.894782], [85.2111464, 27.8946184], [85.211133, 27.8945402], [85.211082, 27.8944667], [85.2110096, 27.8943624], [85.2109452, 27.8942652], [85.210905, 27.8942107], [85.2108701, 27.8941561], [85.2108889, 27.8941277], [85.2110096, 27.894232], [85.2111517, 27.8943434], [85.2112402, 27.8944264], [85.21131, 27.8944714], [85.2113502, 27.8944809], [85.2114468, 27.894488], [85.2114943, 27.8944464], [85.2115755, 27.8943576], [85.2116525, 27.8942852], [85.2117311, 27.8942083], [85.2117794, 27.894104], [85.2118303, 27.894021], [85.2119046, 27.8939604], [85.2119698, 27.8939072], [85.2120288, 27.8938693], [85.2121273, 27.893849], [85.2122935, 27.8938538], [85.2125189, 27.8938229], [85.212635, 27.8938148], [85.2127576, 27.8937779], [85.2127951, 27.8937376], [85.2128193, 27.8936618], [85.2128783, 27.8935669], [85.2129542, 27.8935019], [85.2130687, 27.8934697], [85.2131519, 27.8934389], [85.2131956, 27.8933857], [85.2132699, 27.8931947], [85.213294, 27.8930928]]}}, {"type": "Feature", "properties": {"osm_id": 340457922, "status": "possibly_affected", "confidence": "low", "flooded_fraction": 0.0563, "highway": "unclassified", "name": null, "length_km": 1.387856, "flooded_length_km": 0.078189, "flood_probability": 0.0308}, "geometry": {"type": "LineString", "coordinates": [[85.318815, 27.8594574], [85.3186391, 27.859459], [85.3184483, 27.8594511], [85.3183022, 27.8594977], [85.318175, 27.8595469], [85.3180071, 27.859608], [85.3178611, 27.8597013], [85.3177522, 27.8597668], [85.3175848, 27.859873], [85.3173262, 27.8600056], [85.3171878, 27.860077], [85.3171421, 27.8601822], [85.3171409, 27.860304], [85.3171617, 27.8604414], [85.3171744, 27.8605834], [85.3171335, 27.8607042], [85.3170686, 27.8607785], [85.3170397, 27.8609452], [85.3171118, 27.8609054], [85.3171716, 27.8608761], [85.3172793, 27.8608502], [85.3174279, 27.8608496], [85.3175633, 27.8608626], [85.3177006, 27.8609211], [85.317773, 27.8610371], [85.3177991, 27.8611848], [85.3178106, 27.8613213], [85.317851, 27.8614406], [85.3178987, 27.8615636], [85.3179625, 27.8617344], [85.3179826, 27.8618127], [85.3180372, 27.8618636], [85.3181047, 27.8618945], [85.3181899, 27.8619155], [85.3182767, 27.8619049], [85.3183426, 27.8618749], [85.3184023, 27.8618066], [85.3184232, 27.8617296], [85.3184446, 27.8617064], [85.3184856, 27.8616925], [85.3185269, 27.8617063], [85.3185544, 27.8617231], [85.3186057, 27.8617861], [85.318661, 27.8619434], [85.3186553, 27.8620177], [85.3186156, 27.8620986], [85.3185508, 27.8621714], [85.3183803, 27.8623149], [85.3181066, 27.8624236], [85.3176589, 27.8625792], [85.3174618, 27.8626493], [85.3174102, 27.862719], [85.3173941, 27.8627842], [85.3173874, 27.8628458], [85.3174138, 27.8628958], [85.3175362, 27.86297], [85.3176521, 27.8630756], [85.3176583, 27.8631395], [85.3176592, 27.8632422], [85.3176624, 27.8633303], [85.3176443, 27.8634235], [85.3176387, 27.8635349], [85.3176533, 27.8636188], [85.3176821, 27.8636377], [85.3177093, 27.8636224], [85.3177236, 27.8635786], [85.3177718, 27.8633805], [85.3178551, 27.8632408], [85.3180468, 27.8631034], [85.3182105, 27.8630717], [85.3183218, 27.8631131], [85.3183647, 27.863193], [85.3183704, 27.8633061], [85.3184256, 27.8633772], [85.3185243, 27.8633996], [85.3186423, 27.8633473], [85.3188671, 27.8632964], [85.3191082, 27.8632949], [85.3193079, 27.8633401], [85.3194216, 27.8633498], [85.3194474, 27.8633829], [85.31945, 27.8634315], [85.319449, 27.8634692], [85.3194396, 27.8635004], [85.3194246, 27.8635465], [85.3193962, 27.8635786], [85.3193481, 27.8636003], [85.319234, 27.8635984], [85.3190397, 27.8636615], [85.3189064, 27.8637178], [85.31848, 27.8642291], [85.3184211, 27.8643783], [85.3184468, 27.8644597], [85.3185172, 27.8644724], [85.318586, 27.8644625], [85.3186709, 27.8643987], [85.3187504, 27.8643906], [85.3188451, 27.8644226], [85.3189749, 27.8644696], [85.319376, 27.8645365], [85.3196089, 27.8645815], [85.3197521, 27.8646215], [85.3198694, 27.8647284]]}}, {"type": "Feature", "properties": {"osm_id": 341589680, "status": "affected", "confidence": "medium", "flooded_fraction": 0.3333, "highway": "path", "name": null, "length_km": 0.024442, "flooded_length_km": 0.008147, "flood_probability": 0.2859}, "geometry": {"type": "LineString", "coordinates": [[85.2759044, 27.8685052], [85.2757949, 27.8685579], [85.2757025, 27.8685484], [85.2756746, 27.8685597]]}}, {"type": "Feature", "properties": {"osm_id": 1409207593, "status": "possibly_affected", "confidence": "low", "flooded_fraction": 0.0769, "highway": "residential", "name": null, "length_km": 0.239105, "flooded_length_km": 0.018393, "flood_probability": 0.0474}, "geometry": {"type": "LineString", "coordinates": [[85.31126, 27.8566051], [85.3113397, 27.8565458], [85.3114711, 27.8564604], [85.3115201, 27.8564124], [85.3116562, 27.8562197], [85.3117454, 27.856116], [85.3118111, 27.8560846], [85.312025, 27.8559844], [85.312133, 27.8558931], [85.3122161, 27.8557632], [85.3122443, 27.855682], [85.3122798, 27.8555581], [85.3123181, 27.8555148], [85.3123865, 27.8554876], [85.3124951, 27.855484], [85.3125595, 27.855484], [85.3126332, 27.8554389], [85.3127284, 27.8553441], [85.3127633, 27.8552196], [85.3127646, 27.8551081]]}}, {"type": "Feature", "properties": {"osm_id": 1127442532, "status": "possibly_affected", "confidence": "low", "flooded_fraction": 0.0556, "highway": "residential", "name": null, "length_km": 1.414394, "flooded_length_km": 0.078577, "flood_probability": 0.0372}, "geometry": {"type": "LineString", "coordinates": [[85.2953355, 27.8615331], [85.2952609, 27.8615212], [85.2949558, 27.8615185], [85.2947972, 27.861499], [85.2946533, 27.8614697], [85.2945439, 27.8614177], [85.2945165, 27.8613213], [85.2946785, 27.8606277], [85.2946169, 27.8603581], [85.2944844, 27.8601837], [85.2943643, 27.8600857], [85.2941179, 27.8600441], [85.2940911, 27.8600252], [85.2940911, 27.8599967], [85.2941421, 27.8599801], [85.2944105, 27.859944], [85.2945109, 27.8598675], [85.2945793, 27.8596991], [85.2945739, 27.859622], [85.2945672, 27.8595426], [85.2945256, 27.8595379], [85.2944586, 27.8595794], [85.2943405, 27.8596102], [85.2941702, 27.8595954], [85.2940831, 27.8595438], [85.2940106, 27.8594063], [85.2940106, 27.8593375], [85.2940422, 27.8593091], [85.2941059, 27.8592996], [85.2941836, 27.8592604], [85.2941863, 27.8592142], [85.294185, 27.8591703], [85.294016, 27.8589272], [85.2937881, 27.8587128], [85.2936464, 27.8585058], [85.2937022, 27.858217], [85.2936861, 27.8581483], [85.2936164, 27.8580985], [85.2933334, 27.8581613], [85.2932771, 27.8581566], [85.2932422, 27.8581115], [85.2932462, 27.8580356], [85.2932717, 27.8579455], [85.2932207, 27.8578566], [85.2931966, 27.8577629], [85.293198, 27.8576598], [85.2932435, 27.8575412], [85.2932999, 27.8574606], [85.2934071, 27.8574072], [85.2934822, 27.85738], [85.2935305, 27.8573206], [85.2934849, 27.8571072], [85.2934206, 27.8570219], [85.2932972, 27.8569199], [85.293159, 27.8567663], [85.293151, 27.8567414], [85.2931617, 27.856726], [85.2932167, 27.8567112], [85.2933814, 27.8567624], [85.2935293, 27.8567679], [85.2937086, 27.8567587], [85.2938443, 27.8567302], [85.2939237, 27.8567161], [85.2940817, 27.8566614], [85.2942426, 27.8565701], [85.2944277, 27.8564456], [85.2946182, 27.8563413], [85.2948462, 27.8562345], [85.2949548, 27.856161], [85.2949977, 27.8560923], [85.2950554, 27.8559737], [85.295117, 27.8558943], [85.2951894, 27.8558338], [85.2952109, 27.8557887], [85.2952257, 27.8557271], [85.2951814, 27.8555967], [85.2951479, 27.8555291], [85.2951586, 27.8555006], [85.2951908, 27.8554555], [85.295227, 27.8554045], [85.2952297, 27.8553595], [85.2951975, 27.8552907], [85.295164, 27.8552599], [85.2950996, 27.8552184], [85.2950433, 27.8551662], [85.2950098, 27.8550922], [85.2949883, 27.8550097], [85.2949547, 27.8549504], [85.2947818, 27.8548377], [85.2944598, 27.8546459], [85.2943419, 27.854622], [85.294241, 27.8546159], [85.294126, 27.8546196], [85.2939744, 27.8546374], [85.2937478, 27.8546765], [85.2936579, 27.854667], [85.29356, 27.8546338], [85.2934391, 27.854547], [85.2933186, 27.8544963], [85.2932516, 27.8544489], [85.2932248, 27.8543849], [85.2931765, 27.8542378], [85.2931201, 27.854124], [85.293037, 27.8539912]]}}, {"type": "Feature", "properties": {"osm_id": 890523198, "status": "possibly_affected", "confidence": "medium", "flooded_fraction": 0.1111, "highway": "path", "name": null, "length_km": 0.144891, "flooded_length_km": 0.016099, "flood_probability": 0.0754}, "geometry": {"type": "LineString", "coordinates": [[85.2453417, 27.9039078], [85.2453017, 27.9040623], [85.2452964, 27.9041476], [85.2452441, 27.9043337], [85.2449611, 27.9050661], [85.2450576, 27.9051123]]}}, {"type": "Feature", "properties": {"osm_id": 331681240, "status": "possibly_affected", "confidence": "low", "flooded_fraction": 0.0578, "highway": "secondary", "name": "Dupcheshwar Road", "length_km": 4.472469, "flooded_length_km": 0.258409, "flood_probability": 0.0384}, "geometry": {"type": "LineString", "coordinates": [[85.2099401, 27.9010003], [85.2101105, 27.9010288], [85.2102225, 27.9010412], [85.2103036, 27.9010436], [85.2104089, 27.9010507], [85.2105168, 27.9010726], [85.2106851, 27.9011183], [85.2108446, 27.9011724], [85.2110953, 27.9012594], [85.211471, 27.9013719], [85.2118451, 27.9014447], [85.2120115, 27.9014821], [85.2120933, 27.9015118], [85.2121929, 27.901556], [85.2125342, 27.9017346], [85.2126794, 27.9017974], [85.2128158, 27.9018429], [85.2130411, 27.9018897], [85.2133426, 27.9019249], [85.213543, 27.9019242], [85.2136597, 27.9019491], [85.213826, 27.9020048], [85.2138837, 27.9020404], [85.2139561, 27.9020925], [85.214054, 27.9021731], [85.2143919, 27.902486], [85.2144789, 27.9025427], [85.214754, 27.9026851], [85.2149793, 27.9027906], [85.2151738, 27.9028984], [85.2153294, 27.9030063], [85.2154769, 27.9030727], [85.215607, 27.9031307], [85.2157035, 27.9031615], [85.2159476, 27.9032125], [85.216071, 27.9032528], [85.2162065, 27.9032978], [85.2163835, 27.903395], [85.216523, 27.9034768], [85.2166758, 27.9035775], [85.2169454, 27.903753], [85.2170863, 27.9038221], [85.2173745, 27.9039012], [85.2175663, 27.9039343], [85.2177687, 27.9039685], [85.2180277, 27.9040279], [85.2184769, 27.9041654], [85.218872, 27.9042935], [85.2193457, 27.9044692], [85.2194975, 27.9045162], [85.2196169, 27.9045494], [85.2197202, 27.9046004], [85.2198181, 27.9046608], [85.2199288, 27.9047502], [85.2200165, 27.9048433], [85.2201044, 27.9049142], [85.2202217, 27.9049867], [85.2203251, 27.9050431], [85.2204999, 27.905111], [85.2207736, 27.9052245], [85.2209724, 27.9053065], [85.2211551, 27.9053719], [85.221249, 27.905398], [85.2213137, 27.9054061], [85.221481, 27.905398], [85.2214975, 27.9054125], [85.2216386, 27.9055449], [85.221943, 27.9059058], [85.222016, 27.9059887], [85.2221419, 27.9061175], [85.2221932, 27.9061636], [85.2222678, 27.9061966], [85.2223299, 27.9062122], [85.2224302, 27.9062141], [85.2226455, 27.9061664], [85.2227819, 27.9061316], [85.2229595, 27.9061001], [85.2230354, 27.9060783], [85.2231, 27.9060422], [85.2231158, 27.9060048], [85.2231239, 27.905923], [85.223152, 27.9058709], [85.2232218, 27.9058351], [85.2232996, 27.9058223], [85.2234139, 27.9058227], [85.2236154, 27.9058434], [85.2238731, 27.9058393], [85.2239889, 27.9058282], [85.2241448, 27.9057937], [85.2244391, 27.9056962], [85.2245946, 27.9056447], [85.2247573, 27.905571], [85.2248008, 27.9055619], [85.2248445, 27.905558], [85.2249409, 27.9055643], [85.2250537, 27.9055793], [85.2251168, 27.9055686], [85.2251704, 27.9055414], [85.2253059, 27.9054276], [85.2254005, 27.9053853], [85.225664, 27.9053152], [85.2259105, 27.9052599], [85.2260864, 27.9052356], [85.2262031, 27.905206], [85.2264605, 27.9051147], [85.2265765, 27.9050898], [85.2266885, 27.9050721], [85.2268374, 27.9050543], [85.2269688, 27.9050543], [85.2271566, 27.9050721], [85.2272491, 27.9051041], [85.2273336, 27.9051692], [85.2274058, 27.9052803], [85.2274248, 27.9053316], [85.2274315, 27.9053897], [85.2274168, 27.9055058], [85.2273953, 27.9055983], [85.2274007, 27.9056563], [85.2274396, 27.9057014], [85.2275651, 27.9058393], [85.2277306, 27.9060226], [85.2277759, 27.906096], [85.2278097, 27.9061861], [85.2278365, 27.9062892], [85.2278553, 27.9063793], [85.227866, 27.9065725], [85.227862, 27.9066708], [85.2278794, 27.9067621], [85.2279371, 27.9068711], [85.2280946, 27.9070441], [85.2283007, 27.9071766], [85.2283958, 27.9072148], [85.2285397, 27.9072512], [85.2288255, 27.9072636], [85.2290408, 27.9072634], [85.2291454, 27.9072812], [85.2292728, 27.907344], [85.2293721, 27.9073985], [85.2295277, 27.907517], [85.2295679, 27.9075502], [85.229586, 27.9075792], [85.2295994, 27.9076219], [85.2295938, 27.9077025], [85.22958, 27.9077849], [85.2295813, 27.9078927], [85.2295987, 27.908016], [85.2295893, 27.9081949], [85.2295751, 27.9083277], [85.2295813, 27.9083739], [85.2296081, 27.9084189], [85.2296711, 27.9084497], [85.2297369, 27.9084426], [85.2297878, 27.9083952], [85.2298348, 27.9083395], [85.2300062, 27.9081372], [85.2300735, 27.9080705], [85.2302089, 27.9079721], [85.2302894, 27.9079176], [85.2303551, 27.9078927], [85.2304074, 27.9078832], [85.2305067, 27.9078856], [85.2305911, 27.9079081], [85.230689, 27.9079709], [85.2307507, 27.9079923], [85.2308272, 27.9079923], [85.2309251, 27.9079543], [85.2311088, 27.9078418], [85.2312056, 27.9077977], [85.2313703, 27.9077469], [85.231479, 27.9077161], [85.2315541, 27.9077102], [85.2316111, 27.907728], [85.231666, 27.9077689], [85.2317397, 27.9078308], [85.2318692, 27.9079271], [85.231943, 27.9079591], [85.2320395, 27.9079792], [85.2321388, 27.9079946], [85.2322192, 27.907984], [85.2323855, 27.9079496], [85.2325827, 27.9079046], [85.2326699, 27.907888], [85.2327611, 27.9078797], [85.2329662, 27.9078915], [85.2331446, 27.9078998], [85.2332278, 27.907901], [85.2333042, 27.9079259], [85.2334034, 27.9079792], [85.2334839, 27.9080409], [85.2335697, 27.9081155], [85.2336904, 27.9081925], [85.2337964, 27.9082269], [85.2340794, 27.9083004], [85.234247, 27.9083525], [85.2343141, 27.9083656], [85.2343422, 27.9083668], [85.2343838, 27.9083585], [85.2344267, 27.9083265], [85.2344602, 27.908285], [85.2344884, 27.9082678], [85.2345286, 27.9082565], [85.2346359, 27.9082542], [85.2347264, 27.9082607], [85.23477, 27.9082714], [85.234832, 27.9082987], [85.2349095, 27.9083277], [85.2349739, 27.9083277], [85.2350463, 27.9082968], [85.2351301, 27.9082483], [85.23523, 27.9082103], [85.2353802, 27.9081795], [85.2355975, 27.9081416], [85.2356827, 27.9081315], [85.2357557, 27.9081321], [85.2358228, 27.9081398], [85.2359059, 27.9081629], [85.2359918, 27.9081795], [85.2360401, 27.9081718], [85.236083, 27.9081538], [85.236142, 27.90808], [85.236261, 27.9079633], [85.2363331, 27.9079212], [85.2364102, 27.9078927], [85.2366308, 27.9078376], [85.2368098, 27.9078098], [85.2371076, 27.907786], [85.2372531, 27.9077872], [85.2373865, 27.9077932], [85.2375186, 27.9078068], [85.237644, 27.9078335], [85.2378264, 27.907888], [85.2379277, 27.9079318], [85.2380517, 27.9080041], [85.2382475, 27.9081416], [85.2383669, 27.9082494], [85.2384631, 27.9083111], [85.2385519, 27.9083395], [85.2388644, 27.9084142], [85.2389932, 27.9084521], [85.2391003, 27.9084933], [85.2392587, 27.9085576], [85.2392971, 27.9085885], [85.2393137, 27.9086417], [85.239309, 27.9086903], [85.2393177, 27.9087223], [85.2393392, 27.9087484], [85.2393821, 27.9087638], [85.2394371, 27.9087614], [85.2395014, 27.9087353], [85.2396771, 27.908669], [85.2397314, 27.908663], [85.2397871, 27.908663], [85.2400374, 27.9087003], [85.2403045, 27.9087624], [85.2405575, 27.9088121], [85.2407308, 27.9088287], [85.2409002, 27.908855], [85.2410728, 27.9089032], [85.2413763, 27.908983], [85.2418225, 27.9090936], [85.242366, 27.9092717], [85.2427127, 27.9093711], [85.2428193, 27.9094026], [85.2429775, 27.9094224], [85.243223, 27.9094316], [85.2433696, 27.9094326], [85.2434766, 27.9094512], [85.2436243, 27.9094902], [85.2437511, 27.9095365], [85.2438384, 27.9095683], [85.2439559, 27.9095858], [85.2440245, 27.9095848], [85.2441141, 27.9095879], [85.2442002, 27.9096084], [85.244313, 27.9096598], [85.2444085, 27.9097], [85.2445178, 27.9097164], [85.244633, 27.9097318], [85.2447761, 27.9097585], [85.2448866, 27.9097986], [85.2450273, 27.9098511], [85.2451413, 27.9098901], [85.2452565, 27.9099261], [85.245367, 27.9099425], [85.2455404, 27.909959], [85.245698, 27.9099714], [85.245802, 27.909988], [85.2458638, 27.9100083], [85.2459099, 27.9100325], [85.2459661, 27.9100659], [85.2460031, 27.9100769], [85.2460464, 27.9100844], [85.2461546, 27.9100988], [85.2462954, 27.9101039], [85.2464896, 27.9100947], [85.2465571, 27.9100988], [85.2466467, 27.9101183], [85.2467537, 27.910144], [85.2468708, 27.9101557], [85.2470283, 27.9101708], [85.2471726, 27.910193], [85.2473843, 27.910217], [85.2475387, 27.9102304], [85.2477881, 27.9102582], [85.2479636, 27.9102941], [85.2480698, 27.9103284], [85.2481835, 27.9103599], [85.2483126, 27.9103805], [85.2484466, 27.9103981], [85.2484909, 27.9104093], [85.2485432, 27.9104301], [85.248629, 27.9104881], [85.2486934, 27.9105498], [85.2487564, 27.9105889], [85.2488221, 27.9106078], [85.2489207, 27.9106049]]}}, {"type": "Feature", "properties": {"osm_id": 340725310, "status": "possibly_affected", "confidence": "low", "flooded_fraction": 0.0714, "highway": "track", "name": null, "length_km": 1.082488, "flooded_length_km": 0.077321, "flood_probability": 0.0449}, "geometry": {"type": "LineString", "coordinates": [[85.2067389, 27.8996901], [85.2066648, 27.900023], [85.2068686, 27.900298], [85.2071476, 27.900554], [85.2074694, 27.9006868], [85.2075729, 27.9008454], [85.2075875, 27.9010281], [85.2075767, 27.9011609], [85.2076411, 27.9014548], [85.2077484, 27.9017677], [85.2078342, 27.9020332], [85.2078771, 27.9021944], [85.2079737, 27.9024219], [85.2079737, 27.9026021], [85.2080166, 27.9029055], [85.2081296, 27.9032052], [85.2081668, 27.9033037], [85.2081776, 27.9034554], [85.2084243, 27.9034554], [85.2084243, 27.9035976], [85.208435, 27.9039389], [85.2085638, 27.9041665], [85.208596, 27.9042708], [85.2086711, 27.9045552], [85.2086711, 27.9046785], [85.208832, 27.9049155], [85.2091002, 27.9052095], [85.2093001, 27.9055061], [85.2093492, 27.9057009], [85.2093729, 27.9059945], [85.2095337, 27.9063247], [85.2096803, 27.9065697], [85.2097178, 27.9068251], [85.2099018, 27.9070628], [85.2099753, 27.907201], [85.210015, 27.9072755], [85.2101141, 27.9075132], [85.2102557, 27.9077009], [85.2102274, 27.907926], [85.2102982, 27.9081637], [85.2102982, 27.9083217], [85.2102982, 27.9083764]]}}, {"type": "Feature", "properties": {"osm_id": 341496223, "status": "affected", "confidence": "low", "flooded_fraction": 0.2857, "highway": "track", "name": null, "length_km": 0.114703, "flooded_length_km": 0.032772, "flood_probability": 0.0879}, "geometry": {"type": "LineString", "coordinates": [[85.2861547, 27.9160272], [85.2862385, 27.9160434], [85.2863729, 27.9160683], [85.2864554, 27.9161342], [85.2867501, 27.9160404], [85.2869805, 27.9159556], [85.2870449, 27.9159117], [85.287046, 27.915745]]}}, {"type": "Feature", "properties": {"osm_id": 304401273, "status": "possibly_affected", "confidence": "low", "flooded_fraction": 0.0822, "highway": "track", "name": null, "length_km": 1.435023, "flooded_length_km": 0.117947, "flood_probability": 0.0492}, "geometry": {"type": "LineString", "coordinates": [[85.301419, 27.9173373], [85.3016155, 27.9172805], [85.3019123, 27.9171674], [85.3020322, 27.9170919], [85.3021339, 27.9169231], [85.3021794, 27.9167619], [85.3021863, 27.9167425], [85.3022139, 27.916673], [85.3022787, 27.9166243], [85.3023586, 27.9165549], [85.302389, 27.9164866], [85.3023735, 27.9164398], [85.3022156, 27.9162525], [85.3021953, 27.9160153], [85.3022044, 27.9158379], [85.3022472, 27.9157681], [85.3025585, 27.9155648], [85.3027976, 27.9153914], [85.3029284, 27.9153496], [85.3030638, 27.9152499], [85.3031856, 27.9150426], [85.3032397, 27.9148971], [85.303348, 27.9147656], [85.3034021, 27.914756], [85.3035735, 27.9147257], [85.3038442, 27.9144905], [85.3040846, 27.9142722], [85.304169, 27.9141955], [85.3042029, 27.91406], [85.3042029, 27.9138427], [85.3042254, 27.9137171], [85.3042209, 27.9135577], [85.3042502, 27.9133603], [85.3043585, 27.9132846], [85.3044645, 27.9131989], [85.30457, 27.913076], [85.304574, 27.9130548], [85.3045804, 27.913021], [85.3045153, 27.9129677], [85.3042785, 27.9128075], [85.3042475, 27.9128], [85.3038772, 27.9127099], [85.3035726, 27.9127278], [85.3033922, 27.912656], [85.3032749, 27.9125942], [85.3031508, 27.9125683], [85.302905, 27.9123391], [85.3028035, 27.9122793], [85.3026411, 27.9120182], [85.3025597, 27.9119204], [85.3022972, 27.9117643], [85.3022098, 27.9117821], [85.302109, 27.9118712], [85.3019209, 27.9119009], [85.301894, 27.911984], [85.3019142, 27.9121206], [85.3020553, 27.9122512], [85.3020821, 27.9123818], [85.3019881, 27.9125065], [85.3018671, 27.9125897], [85.3016656, 27.9126193], [85.3012557, 27.9126075], [85.3009399, 27.9124472], [85.3007921, 27.9122809], [85.3006174, 27.9121087], [85.3002612, 27.9119068], [85.2998715, 27.9118], [85.2995826, 27.9117287], [85.2991727, 27.9118059], [85.2988502, 27.9117287], [85.2984971, 27.9113853]]}}, {"type": "Feature", "properties": {"osm_id": 1041582604, "status": "affected", "confidence": "low", "flooded_fraction": 0.25, "highway": "track", "name": null, "length_km": 0.290394, "flooded_length_km": 0.072598, "flood_probability": 0.1793}, "geometry": {"type": "LineString", "coordinates": [[85.301419, 27.9173373], [85.3014658, 27.9174338], [85.3015798, 27.9175523], [85.3017743, 27.9176756], [85.3019205, 27.9177775], [85.3020492, 27.9178521], [85.3021726, 27.9179173], [85.3023201, 27.9180038], [85.3025213, 27.9180145], [85.3026822, 27.9179659], [85.3029223, 27.9178818], [85.3030068, 27.9178818], [85.3033769, 27.9177763], [85.303688, 27.9177265], [85.3039724, 27.917563]]}}, {"type": "Feature", "properties": {"osm_id": 342050063, "status": "affected", "confidence": "medium", "flooded_fraction": 0.4, "highway": "unclassified", "name": null, "length_km": 0.177525, "flooded_length_km": 0.07101, "flood_probability": 0.26}, "geometry": {"type": "LineString", "coordinates": [[85.3241526, 27.9219622], [85.3241929, 27.9220681], [85.3242445, 27.9221567], [85.3243118, 27.9222161], [85.3244746, 27.9223249], [85.3245649, 27.9224244], [85.3246416, 27.9226311], [85.3246341, 27.922837], [85.3247437, 27.923103], [85.3247522, 27.9232729], [85.3247534, 27.9233934]]}}, {"type": "Feature", "properties": {"osm_id": 886486180, "status": "possibly_affected", "confidence": "medium", "flooded_fraction": 0.1667, "highway": "path", "name": null, "length_km": 0.087719, "flooded_length_km": 0.01462, "flood_probability": 0.1093}, "geometry": {"type": "LineString", "coordinates": [[85.185917, 28.0036442], [85.1859196, 28.0036784], [85.1859961, 28.0037056], [85.1860564, 28.0037861], [85.1861423, 28.0038726], [85.1862214, 28.0039223], [85.1862871, 28.0039614], [85.1863045, 28.0040384], [85.1863099, 28.0040703], [85.1863568, 28.0041153], [85.1863998, 28.004171], [85.1864346, 28.0042408]]}}, {"type": "Feature", "properties": {"osm_id": 342085111, "status": "possibly_affected", "confidence": "medium", "flooded_fraction": 0.1, "highway": "path", "name": null, "length_km": 0.364134, "flooded_length_km": 0.036413, "flood_probability": 0.0567}, "geometry": {"type": "LineString", "coordinates": [[85.2360202, 27.900614], [85.2378958, 27.9007435], [85.2384152, 27.9009061], [85.2396649, 27.9010901]]}}, {"type": "Feature", "properties": {"osm_id": 341859298, "status": "affected", "confidence": "low", "flooded_fraction": 0.25, "highway": "path", "name": null, "length_km": 0.136007, "flooded_length_km": 0.034002, "flood_probability": 0.0855}, "geometry": {"type": "LineString", "coordinates": [[85.2826491, 27.8715542], [85.2826206, 27.8717234], [85.2826354, 27.8718151], [85.2826132, 27.8719307], [85.2828057, 27.8721053], [85.2828822, 27.8721685], [85.2829176, 27.8722603], [85.2828995, 27.8723234], [85.2830105, 27.8724893], [85.2830007, 27.8725918], [85.2830402, 27.8726289]]}}, {"type": "Feature", "properties": {"osm_id": 341705740, "status": "possibly_affected", "confidence": "medium", "flooded_fraction": 0.101, "highway": "unclassified", "name": null, "length_km": 1.944155, "flooded_length_km": 0.196379, "flood_probability": 0.0766}, "geometry": {"type": "LineString", "coordinates": [[85.1805855, 27.9771902], [85.1807436, 27.976938], [85.1807879, 27.9768288], [85.1808392, 27.9766809], [85.1808885, 27.9765661], [85.18094, 27.9764741], [85.181146, 27.9761326], [85.1811663, 27.9760953], [85.1811911, 27.9760295], [85.1811966, 27.9760001], [85.1811968, 27.9759452], [85.1811864, 27.9758921], [85.1811631, 27.9758064], [85.1811588, 27.9757419], [85.1811691, 27.9756422], [85.1811942, 27.9755262], [85.1812065, 27.9754357], [85.1812417, 27.9749668], [85.1812425, 27.9749529], [85.1812337, 27.9748949], [85.1808488, 27.9741799], [85.1805552, 27.9732156], [85.1804678, 27.9727394], [85.180421, 27.9724846], [85.1800819, 27.9716403], [85.1798511, 27.971317], [85.1795434, 27.9710018], [85.1778812, 27.9702292], [85.1777598, 27.970129], [85.1776265, 27.9698549], [85.1774355, 27.9696528], [85.1770117, 27.9692873], [85.1767551, 27.9689898], [85.1765381, 27.9687741], [85.1762005, 27.968395], [85.1756349, 27.9676064], [85.1756125, 27.96756], [85.1756079, 27.9675029], [85.1756143, 27.9673783], [85.1756015, 27.9673284], [85.1755672, 27.9672933], [85.1752062, 27.9671282], [85.1750955, 27.9670501], [85.1746607, 27.9667064], [85.1744616, 27.9665866], [85.1741685, 27.9664032], [85.1740378, 27.9663233], [85.1739124, 27.9662995], [85.1736986, 27.9662732], [85.1735071, 27.9662121], [85.1734205, 27.9661514], [85.1734138, 27.9660521], [85.1734557, 27.9659045], [85.1733617, 27.9657698], [85.1732354, 27.9657054], [85.1731159, 27.9656684], [85.1728459, 27.9656306], [85.1726242, 27.965473], [85.1725011, 27.9654005], [85.1722343, 27.9653693], [85.171974, 27.9653231], [85.1712809, 27.9650697], [85.1711026, 27.9649912], [85.1709311, 27.9648801], [85.1708054, 27.9647164], [85.1708509, 27.9645369], [85.1708249, 27.964387]]}}, {"type": "Feature", "properties": {"osm_id": 340503509, "status": "affected", "confidence": "high", "flooded_fraction": 0.7143, "highway": "unclassified", "name": null, "length_km": 0.11068, "flooded_length_km": 0.079057, "flood_probability": 0.7167}, "geometry": {"type": "LineString", "coordinates": [[85.1642206, 27.9551986], [85.1642761, 27.9551659], [85.1643574, 27.9548915], [85.1644486, 27.9547907], [85.1645836, 27.9548894], [85.1649724, 27.9547528]]}}, {"type": "Feature", "properties": {"osm_id": 343305096, "status": "possibly_affected", "confidence": "medium", "flooded_fraction": 0.125, "highway": "path", "name": null, "length_km": 0.455629, "flooded_length_km": 0.056954, "flood_probability": 0.0922}, "geometry": {"type": "LineString", "coordinates": [[85.1858642, 27.9734484], [85.1860041, 27.9733891], [85.1860418, 27.9732838], [85.1861731, 27.9733038], [85.1862285, 27.9733322], [85.186289, 27.9733259], [85.1863668, 27.9732453], [85.186466, 27.9731814], [85.1865385, 27.9730795], [85.1865707, 27.97289], [85.1866531, 27.9726676], [85.1867068, 27.9726083], [85.1868462, 27.972542], [85.1871225, 27.9724781], [85.1874417, 27.9724709], [85.1876992, 27.9725207], [85.1878601, 27.9725183], [85.1880164, 27.9725678], [85.1881632, 27.9725704], [85.1886541, 27.9726226], [85.1889679, 27.9726226], [85.1892629, 27.972632], [85.1896197, 27.9726865], [85.1897898, 27.9727503]]}}, {"type": "Feature", "properties": {"osm_id": 341635528, "status": "possibly_affected", "confidence": "medium", "flooded_fraction": 0.1111, "highway": "track", "name": null, "length_km": 0.50546, "flooded_length_km": 0.056162, "flood_probability": 0.0447}, "geometry": {"type": "LineString", "coordinates": [[85.3107491, 27.8607489], [85.3106322, 27.8605039], [85.3105947, 27.860343], [85.310554, 27.8601876], [85.3104836, 27.8600238], [85.3104464, 27.8599565], [85.3104515, 27.8598728], [85.3105233, 27.8597531], [85.3105505, 27.8597039], [85.3105526, 27.8596524], [85.3105196, 27.8595888], [85.3105036, 27.8595335], [85.3104995, 27.8594715], [85.310509, 27.8594171], [85.3105667, 27.859329], [85.3106363, 27.8592786], [85.3107501, 27.8592627], [85.3108335, 27.8592663], [85.3109005, 27.8592486], [85.3109532, 27.8592131], [85.3110989, 27.8590723], [85.3112183, 27.8590245], [85.3113337, 27.8588964], [85.3113578, 27.8588134], [85.3113645, 27.8587292], [85.3114651, 27.8585407], [85.3115416, 27.8584967], [85.3116455, 27.8584417], [85.3117026, 27.858402], [85.3117587, 27.8583712], [85.3118191, 27.8583956], [85.3118749, 27.8584358], [85.3119375, 27.8585127], [85.3119989, 27.8585893], [85.3120394, 27.8586286], [85.3122094, 27.8588466], [85.312365, 27.8590873], [85.3124642, 27.8591869], [85.3125179, 27.8592343], [85.3125434, 27.8593221], [85.3125635, 27.8595248], [85.3125839, 27.8596307]]}}, {"type": "Feature", "properties": {"osm_id": 340421417, "status": "possibly_affected", "confidence": "medium", "flooded_fraction": 0.112, "highway": "secondary", "name": null, "length_km": 2.476487, "flooded_length_km": 0.277367, "flood_probability": 0.0802}, "geometry": {"type": "LineString", "coordinates": [[85.3057367, 27.8626975], [85.3053513, 27.8628749], [85.3051929, 27.8629673], [85.3051061, 27.863008], [85.3050102, 27.8630383], [85.3048768, 27.8630738], [85.3046981, 27.8631065], [85.3046334, 27.863052], [85.3045625, 27.8629321], [85.3044772, 27.8628187], [85.3044035, 27.8627191], [85.3043311, 27.8626538], [85.3042096, 27.8625884], [85.3040996, 27.8625278], [85.3039959, 27.8624528], [85.3039158, 27.8623853], [85.3037977, 27.8622744], [85.303629, 27.8621232], [85.3035138, 27.8620199], [85.3031697, 27.8616533], [85.303042, 27.861583], [85.3029155, 27.8615462], [85.3027818, 27.8615193], [85.3026823, 27.8614836], [85.3026034, 27.8614482], [85.3024973, 27.8613693], [85.3024027, 27.8612488], [85.3023322, 27.8611584], [85.3022946, 27.8611426], [85.3022524, 27.861145], [85.3021996, 27.8611452], [85.3021163, 27.8611776], [85.3018762, 27.861295], [85.3017851, 27.8613223], [85.3017032, 27.8613246], [85.3016026, 27.8612713], [85.3014269, 27.8611536], [85.301354, 27.8611002], [85.3012729, 27.8610353], [85.3011981, 27.8609465], [85.3010566, 27.8608038], [85.3010083, 27.8607794], [85.300975, 27.8607692], [85.3009392, 27.8607676], [85.3008691, 27.8607722], [85.3007081, 27.8608243], [85.3004291, 27.8609061], [85.3000583, 27.8609914], [85.299872, 27.8609797], [85.2997064, 27.8609564], [85.2995646, 27.8609435], [85.2994198, 27.8609448], [85.2992702, 27.8609332], [85.2991553, 27.8608998], [85.299127, 27.86088], [85.2991104, 27.8608501], [85.2990886, 27.8607671], [85.2990854, 27.8607216], [85.2991044, 27.8606618], [85.2991082, 27.8606179], [85.2990998, 27.8605515], [85.2990575, 27.8604591], [85.2989951, 27.8603771], [85.2989415, 27.8603277], [85.2988811, 27.8603009], [85.298764, 27.8602736], [85.2986464, 27.8602748], [85.2985811, 27.8602948], [85.2985205, 27.8603618], [85.2984737, 27.8604532], [85.2984285, 27.8605952], [85.2983775, 27.860694], [85.2982497, 27.860823], [85.2981646, 27.8608579], [85.2980597, 27.8608898], [85.2979064, 27.8608892], [85.2977601, 27.8608715], [85.2976951, 27.8608364], [85.2976489, 27.8607743], [85.2976117, 27.8605948], [85.2975559, 27.8604593], [85.2975257, 27.8604235], [85.2974913, 27.860405], [85.2974576, 27.8603973], [85.2973748, 27.860407], [85.2967281, 27.8607941], [85.2965648, 27.8608872], [85.2963735, 27.8610281], [85.2962198, 27.861168], [85.2961273, 27.8612496], [85.296017, 27.8613117], [85.2959221, 27.8613226], [85.2958501, 27.8613112], [85.2957443, 27.8612971], [85.2956859, 27.8612905], [85.2956128, 27.8613019], [85.2955812, 27.8613321], [85.2954912, 27.8614323], [85.2953355, 27.8615331], [85.295097, 27.8616207], [85.2948649, 27.8616495], [85.2946686, 27.8616611], [85.2945944, 27.8616499], [85.2945134, 27.8616268], [85.2944369, 27.8615964], [85.2940321, 27.8613851], [85.2938229, 27.8613211], [85.2937183, 27.8613448], [85.293664, 27.8613946], [85.293623, 27.8615046], [85.2935831, 27.8616977], [85.2935269, 27.8619559], [85.2934781, 27.8620626], [85.2933998, 27.8621319], [85.2933073, 27.8622188], [85.2929864, 27.8624791], [85.2929215, 27.8625058], [85.2928616, 27.8625418], [85.292732, 27.8626524], [85.2926078, 27.8627664], [85.2924549, 27.8628479], [85.2922863, 27.862876], [85.2921566, 27.8628727], [85.2920605, 27.8628918], [85.2919942, 27.8629471], [85.2919677, 27.8630084], [85.2919396, 27.8630932], [85.2918731, 27.8631795], [85.2917346, 27.8632504], [85.2916155, 27.8632821], [85.2914813, 27.8632749], [85.2913521, 27.8632443], [85.2912253, 27.8632002], [85.2911883, 27.8631942], [85.2911361, 27.8632065], [85.2910958, 27.8632412], [85.2910554, 27.8633025], [85.2909812, 27.8634266], [85.2909321, 27.8634818], [85.2908682, 27.863541], [85.2907824, 27.8635799], [85.2906468, 27.8636189], [85.2900459, 27.8637531], [85.2898718, 27.8637784], [85.2897683, 27.8638097], [85.2896122, 27.8638595], [85.2894914, 27.8638705], [85.2892964, 27.8638468], [85.2891719, 27.8637918], [85.2890777, 27.8637429], [85.2889708, 27.863651], [85.2888746, 27.863626], [85.2887786, 27.8636491], [85.2886991, 27.863714], [85.2886529, 27.8638269], [85.2886234, 27.8639545], [85.2885908, 27.8640181], [85.2885241, 27.8640666], [85.288419, 27.8640892], [85.2882725, 27.8640851], [85.2881174, 27.8640808], [85.2878964, 27.8641128], [85.2878019, 27.8641565], [85.2877275, 27.8642098], [85.2876705, 27.8642975], [85.2876294, 27.8644376], [85.2875899, 27.8645427], [85.2875226, 27.8646191], [85.2874281, 27.864696], [85.2871968, 27.864855], [85.2870547, 27.8649543], [85.286856, 27.8650312], [85.2867324, 27.8650711], [85.2865077, 27.8651725], [85.2863964, 27.8652361], [85.2862939, 27.8652632], [85.2861748, 27.8652739]]}}, {"type": "Feature", "properties": {"osm_id": 886262263, "status": "possibly_affected", "confidence": "low", "flooded_fraction": 0.0984, "highway": "track", "name": null, "length_km": 1.194521, "flooded_length_km": 0.117494, "flood_probability": 0.0682}, "geometry": {"type": "LineString", "coordinates": [[85.1850006, 28.0099942], [85.1850215, 28.0102493], [85.1848644, 28.010388], [85.1846917, 28.010803], [85.1848397, 28.0110708], [85.1850769, 28.0112122], [85.1851786, 28.0116747], [85.1852158, 28.011764], [85.1853573, 28.0121044], [85.1854652, 28.0126022], [85.1856161, 28.0129205], [85.1856223, 28.0130293], [85.1856808, 28.0130075], [85.185724, 28.012828], [85.1857147, 28.0124145], [85.1856747, 28.0121289], [85.1857024, 28.0120446], [85.1857548, 28.0120936], [85.1857794, 28.0123085], [85.1859489, 28.0125995], [85.186029, 28.012896], [85.1860444, 28.0131109], [85.1860228, 28.0132306], [85.1860629, 28.0132714], [85.1861307, 28.0131925], [85.1861553, 28.0129286], [85.1862139, 28.0125614], [85.1861892, 28.0122568], [85.1861707, 28.0120283], [85.1863186, 28.0117427], [85.1863987, 28.0116012], [85.186562, 28.0114625], [85.1867161, 28.0113863], [85.1868609, 28.0114027], [85.1868855, 28.0115087], [85.1867469, 28.0116556], [85.1866945, 28.0119032], [85.1868331, 28.0122568], [85.1869348, 28.012488], [85.1871197, 28.0127328], [85.1871412, 28.0129368], [85.1872183, 28.0129694], [85.1872799, 28.0128171], [85.1872583, 28.012303], [85.187283, 28.0119902], [85.1873819, 28.011884]]}}, {"type": "Feature", "properties": {"osm_id": 340421702, "status": "possibly_affected", "confidence": "low", "flooded_fraction": 0.0526, "highway": "unclassified", "name": null, "length_km": 0.344077, "flooded_length_km": 0.018109, "flood_probability": 0.0341}, "geometry": {"type": "LineString", "coordinates": [[85.1708249, 27.964387], [85.1706711, 27.9643833], [85.1704059, 27.9644897], [85.1700958, 27.9645571], [85.1699382, 27.9646274], [85.1698989, 27.9649917], [85.1696731, 27.9650795], [85.1695598, 27.9650354], [85.1694303, 27.9649433], [85.1692524, 27.9649649], [85.1691401, 27.9650784], [85.1691238, 27.9651335], [85.1689944, 27.9650713], [85.1688415, 27.9650246], [85.168735, 27.9649822], [85.16853, 27.964944], [85.1683495, 27.9648523], [85.1682542, 27.9647373], [85.1681689, 27.9645861]]}}, {"type": "Feature", "properties": {"osm_id": 341889629, "status": "affected", "confidence": "high", "flooded_fraction": 0.5, "highway": "unclassified", "name": null, "length_km": 0.018143, "flooded_length_km": 0.009071, "flood_probability": 0.049}, "geometry": {"type": "LineString", "coordinates": [[85.1614217, 27.948402], [85.1614311, 27.9482385]]}}, {"type": "Feature", "properties": {"osm_id": 342150576, "status": "affected", "confidence": "high", "flooded_fraction": 0.5, "highway": "track", "name": null, "length_km": 0.080965, "flooded_length_km": 0.040482, "flood_probability": 0.4061}, "geometry": {"type": "LineString", "coordinates": [[85.1607121, 27.9473763], [85.1606262, 27.9472555], [85.1604841, 27.9471145], [85.1603312, 27.9469403], [85.1602413, 27.9467816]]}}, {"type": "Feature", "properties": {"osm_id": 342152182, "status": "affected", "confidence": "medium", "flooded_fraction": 0.375, "highway": "path", "name": null, "length_km": 0.124322, "flooded_length_km": 0.046621, "flood_probability": 0.23}, "geometry": {"type": "LineString", "coordinates": [[85.1638588, 27.94956], [85.1637911, 27.9495755], [85.1637066, 27.9495956], [85.1636355, 27.9495731], [85.1636154, 27.9495092], [85.1636369, 27.9494014], [85.1636476, 27.9492497], [85.1636852, 27.9491123], [85.163708, 27.9490294], [85.1636758, 27.94895], [85.1636195, 27.9489002], [85.1635122, 27.948873], [85.1633928, 27.9488825]]}}, {"type": "Feature", "properties": {"osm_id": 303977024, "status": "possibly_affected", "confidence": "medium", "flooded_fraction": 0.1446, "highway": "secondary", "name": null, "length_km": 1.633247, "flooded_length_km": 0.236132, "flood_probability": 0.0867}, "geometry": {"type": "LineString", "coordinates": [[85.3180635, 27.8588134], [85.3179613, 27.8588765], [85.3178467, 27.8589545], [85.3176997, 27.8590014], [85.3175752, 27.859022], [85.3174519, 27.8590124], [85.3168493, 27.8589893], [85.3156986, 27.8590545], [85.3152868, 27.8590291], [85.3148332, 27.8590399], [85.3143541, 27.859057], [85.3141383, 27.8590214], [85.314007, 27.8589503], [85.313946, 27.8589285], [85.3138843, 27.8589093], [85.3137892, 27.8589189], [85.3136887, 27.8589456], [85.3135572, 27.8590215], [85.313456, 27.8591288], [85.3133976, 27.8591887], [85.3133272, 27.8592379], [85.3130463, 27.8593754], [85.3129477, 27.8594383], [85.3129048, 27.8594804], [85.3128753, 27.8595195], [85.3128283, 27.8595533], [85.3127733, 27.859571], [85.3126627, 27.8596109], [85.3125839, 27.8596307], [85.3123216, 27.8597301], [85.3122134, 27.8597786], [85.3121465, 27.8598224], [85.3119962, 27.8599256], [85.3119318, 27.859973], [85.3116557, 27.8601814], [85.3115711, 27.8602564], [85.31151, 27.8603129], [85.3114279, 27.8603672], [85.311297, 27.8604479], [85.3112197, 27.8604947], [85.3111071, 27.8605563], [85.3107491, 27.8607489], [85.3103386, 27.8610217], [85.3101359, 27.8611736], [85.309779, 27.8614561], [85.3095341, 27.8616527], [85.3095021, 27.861682], [85.3094619, 27.8617413], [85.3094043, 27.8618816], [85.3093856, 27.862066], [85.3094142, 27.8621869], [85.3094693, 27.8622867], [85.3095193, 27.862342], [85.3095822, 27.8624143], [85.3096603, 27.8625541], [85.3096794, 27.8626183], [85.3096583, 27.8626765], [85.3095948, 27.862737], [85.309414, 27.8628526], [85.3093591, 27.8629131], [85.3092955, 27.8630381], [85.3092054, 27.8632706], [85.3091804, 27.8633804], [85.309153, 27.8635284], [85.3091176, 27.8636348], [85.3090797, 27.8637026], [85.3090322, 27.8637346], [85.3089731, 27.8637541], [85.3088524, 27.8637595], [85.3086253, 27.8637378], [85.3084914, 27.8637196], [85.3081651, 27.8636463], [85.3077449, 27.8635055], [85.3073673, 27.8633493], [85.3070931, 27.8631787], [85.3070261, 27.8631243], [85.3069915, 27.8630749], [85.3069762, 27.8630106], [85.3069776, 27.862833], [85.3070077, 27.8626811], [85.3070055, 27.862546], [85.306978, 27.8625099], [85.3069108, 27.8624637], [85.3067479, 27.8623952], [85.3066878, 27.8623901], [85.3066405, 27.8624017], [85.3064923, 27.8624749], [85.3064352, 27.8625115], [85.3063154, 27.8625785], [85.3061092, 27.8626339], [85.3057367, 27.8626975]]}}, {"type": "Feature", "properties": {"osm_id": 886486190, "status": "possibly_affected", "confidence": "medium", "flooded_fraction": 0.1818, "highway": "track", "name": null, "length_km": 0.404431, "flooded_length_km": 0.073533, "flood_probability": 0.0787}, "geometry": {"type": "LineString", "coordinates": [[85.1860815, 28.0200563], [85.18617, 28.019997], [85.1862408, 28.0198283], [85.1864921, 28.0196564], [85.1866124, 28.0195283], [85.1866867, 28.0192815], [85.1865027, 28.0191596], [85.1862903, 28.0189941], [85.1861771, 28.0187379], [85.1861735, 28.0184879], [85.1862868, 28.0182286], [85.1864567, 28.0181817], [85.1864424, 28.018044], [85.1863933, 28.0175711], [85.1863682, 28.0173288], [85.1861627, 28.0169785]]}}, {"type": "Feature", "properties": {"osm_id": 341889628, "status": "affected", "confidence": "low", "flooded_fraction": 0.25, "highway": "track", "name": null, "length_km": 0.534088, "flooded_length_km": 0.133522, "flood_probability": 0.2172}, "geometry": {"type": "LineString", "coordinates": [[85.1614311, 27.9482385], [85.1610995, 27.9476677], [85.1607121, 27.9473763], [85.1603781, 27.9471737], [85.1603071, 27.947105], [85.1602762, 27.947015], [85.1602507, 27.9469143], [85.1602413, 27.9467816], [85.1601555, 27.9465328], [85.1597974, 27.9459564], [85.1595155, 27.9455536], [85.1593295, 27.9452878], [85.1589361, 27.9446604], [85.1588192, 27.944444], [85.1587031, 27.944229], [85.1586576, 27.9442378]]}}, {"type": "Feature", "properties": {"osm_id": 343296364, "status": "affected", "confidence": "medium", "flooded_fraction": 0.4444, "highway": "path", "name": null, "length_km": 0.155925, "flooded_length_km": 0.0693, "flood_probability": 0.4465}, "geometry": {"type": "LineString", "coordinates": [[85.1852717, 27.9716704], [85.1854575, 27.9716345], [85.1855621, 27.9715824], [85.1857251, 27.9714907], [85.185825, 27.9714616], [85.1859832, 27.9714947], [85.1860744, 27.9714545], [85.1861898, 27.9711749], [85.1862541, 27.9711536], [85.1863268, 27.9711111], [85.1864005, 27.9711226], [85.1864514, 27.9711581], [85.1865265, 27.9711865]]}}, {"type": "Feature", "properties": {"osm_id": 340503485, "status": "affected", "confidence": "high", "flooded_fraction": 1.0, "highway": "unclassified", "name": null, "length_km": 0.027902, "flooded_length_km": 0.027902, "flood_probability": 0.9984}, "geometry": {"type": "LineString", "coordinates": [[85.1640549, 27.9551629], [85.163916, 27.9553824]]}}, {"type": "Feature", "properties": {"osm_id": 340762984, "status": "possibly_affected", "confidence": "medium", "flooded_fraction": 0.1081, "highway": "path", "name": null, "length_km": 0.713061, "flooded_length_km": 0.077088, "flood_probability": 0.0662}, "geometry": {"type": "LineString", "coordinates": [[85.2354955, 27.9038276], [85.2354587, 27.9036635], [85.235607, 27.9031186], [85.2356964, 27.9025691], [85.2357941, 27.9019689], [85.2358754, 27.9014228], [85.2359973, 27.900812], [85.2360202, 27.900614], [85.236038, 27.9004599], [85.2361762, 27.8995904], [85.2362435, 27.8988186], [85.236347, 27.8978155], [85.2363795, 27.8974562]]}}, {"type": "Feature", "properties": {"osm_id": 340627644, "status": "affected", "confidence": "low", "flooded_fraction": 0.2857, "highway": "residential", "name": null, "length_km": 0.112968, "flooded_length_km": 0.032277, "flood_probability": 0.0951}, "geometry": {"type": "LineString", "coordinates": [[85.233252, 27.8976847], [85.2332138, 27.8978892], [85.2331139, 27.8981208], [85.232859, 27.8983721], [85.2326231, 27.8984562]]}}, {"type": "Feature", "properties": {"osm_id": 344869669, "status": "affected", "confidence": "medium", "flooded_fraction": 0.3077, "highway": "unclassified", "name": null, "length_km": 0.220396, "flooded_length_km": 0.067814, "flood_probability": 0.1703}, "geometry": {"type": "LineString", "coordinates": [[85.2525932, 27.8826146], [85.2526536, 27.8824752], [85.2527113, 27.8823222], [85.252781, 27.882225], [85.2528427, 27.8821254], [85.2528856, 27.8820934], [85.2529607, 27.8820021], [85.2530292, 27.881905], [85.2531458, 27.8818267], [85.2532451, 27.8817532], [85.2533282, 27.881662], [85.2534154, 27.8815434], [85.2534972, 27.8814379], [85.2535804, 27.8813478], [85.2536608, 27.8812446], [85.2537668, 27.881119], [85.2538687, 27.8810111]]}}, {"type": "Feature", "properties": {"osm_id": 340764294, "status": "possibly_affected", "confidence": "low", "flooded_fraction": 0.0952, "highway": "unclassified", "name": null, "length_km": 0.393679, "flooded_length_km": 0.037493, "flood_probability": 0.0628}, "geometry": {"type": "LineString", "coordinates": [[85.2521682, 27.9137376], [85.2522043, 27.9137814], [85.2522594, 27.9138372], [85.2523867, 27.9139615], [85.2524297, 27.9141424], [85.2522848, 27.9143557], [85.2521508, 27.9145453], [85.2521185, 27.9147278], [85.2521184, 27.9150044], [85.2521721, 27.915194], [85.2522752, 27.9153167], [85.252376, 27.9153914], [85.2524431, 27.9155763], [85.2524939, 27.9158481], [85.2525785, 27.9159887], [85.252724, 27.9162933], [85.2527757, 27.9163881], [85.2528092, 27.9164585], [85.2528408, 27.9165439], [85.2528447, 27.9167109], [85.2528683, 27.9168467], [85.2529124, 27.9169763]]}}, {"type": "Feature", "properties": {"osm_id": 342369810, "status": "possibly_affected", "confidence": "medium", "flooded_fraction": 0.125, "highway": "track", "name": null, "length_km": 0.133519, "flooded_length_km": 0.01669, "flood_probability": 0.0852}, "geometry": {"type": "LineString", "coordinates": [[85.2746038, 27.8703962], [85.2745701, 27.870485], [85.2745371, 27.8706097], [85.2745411, 27.8707041], [85.2745611, 27.8707761], [85.2746185, 27.8709164], [85.2746305, 27.8710085], [85.2746011, 27.8711606], [85.2745971, 27.8712963], [85.2746025, 27.871439], [85.2746158, 27.8715169], [85.2745945, 27.8715747]]}}, {"type": "Feature", "properties": {"osm_id": 340476882, "status": "affected", "confidence": "high", "flooded_fraction": 1.0, "highway": "unclassified", "name": null, "length_km": 0.059371, "flooded_length_km": 0.059371, "flood_probability": 0.9041}, "geometry": {"type": "LineString", "coordinates": [[85.1755169, 27.9831375], [85.1755723, 27.9828679], [85.1756217, 27.9826099]]}}, {"type": "Feature", "properties": {"osm_id": 887084592, "status": "possibly_affected", "confidence": "medium", "flooded_fraction": 0.1111, "highway": "path", "name": null, "length_km": 0.320147, "flooded_length_km": 0.035572, "flood_probability": 0.0628}, "geometry": {"type": "LineString", "coordinates": [[85.2096035, 27.9109679], [85.2097107, 27.9105744], [85.2098954, 27.9102708], [85.2099039, 27.9102568], [85.2099092, 27.9100838], [85.2100594, 27.9099439], [85.2102847, 27.9098799], [85.210325, 27.9096334], [85.2102445, 27.9092803], [85.210274, 27.9089413], [85.2102445, 27.9087991], [85.2102886, 27.9087362], [85.2103142, 27.9086996], [85.2103491, 27.9086474], [85.2103288, 27.9085393], [85.2102982, 27.9083764]]}}, {"type": "Feature", "properties": {"osm_id": 540060781, "status": "affected", "confidence": "low", "flooded_fraction": 0.25, "highway": "path", "name": null, "length_km": 0.046963, "flooded_length_km": 0.011741, "flood_probability": 0.0107}, "geometry": {"type": "LineString", "coordinates": [[85.2330936, 27.8969004], [85.2331342, 27.8970484], [85.2331952, 27.8973144]]}}, {"type": "Feature", "properties": {"osm_id": 342369530, "status": "possibly_affected", "confidence": "low", "flooded_fraction": 0.0762, "highway": "secondary", "name": null, "length_km": 6.793023, "flooded_length_km": 0.517943, "flood_probability": 0.0487}, "geometry": {"type": "LineString", "coordinates": [[85.2666131, 27.8745903], [85.2665603, 27.8746186], [85.2665016, 27.8746537], [85.2664432, 27.8747063], [85.2661734, 27.8749568], [85.2660329, 27.8750897], [85.26588, 27.8752022], [85.2652595, 27.875574], [85.2650992, 27.8756926], [85.2649309, 27.8758165], [85.2647983, 27.8758926], [85.2642843, 27.8761489], [85.2640189, 27.8762734], [85.26329, 27.8765662], [85.2630393, 27.8766826], [85.2627307, 27.876929], [85.2624609, 27.8770766], [85.2621862, 27.8771779], [85.2615696, 27.8773291], [85.2613413, 27.8773795], [85.2611265, 27.8774612], [85.260759, 27.8776454], [85.2606123, 27.8777049], [85.2604249, 27.8777666], [85.2598917, 27.8780601], [85.2595603, 27.8781986], [85.2594285, 27.8783027], [85.2592795, 27.8784819], [85.2589531, 27.8789258], [85.2587163, 27.8792263], [85.2584848, 27.8795074], [85.258289, 27.8797089], [85.2581897, 27.8797895], [85.2580664, 27.8798583], [85.2577759, 27.8799772], [85.2567735, 27.8802886], [85.2557921, 27.8805973], [85.2555008, 27.8807355], [85.2552661, 27.8808588], [85.254686, 27.881205], [85.2533309, 27.8820768], [85.2525932, 27.8826146], [85.2524615, 27.8827123], [85.2520733, 27.8829861], [85.2515931, 27.883241], [85.2511087, 27.8835147], [85.2508365, 27.8837701], [85.2505454, 27.8840582], [85.2499607, 27.8846722], [85.2487797, 27.8858096], [85.2486613, 27.8858917], [85.2485072, 27.8859624], [85.2482107, 27.8860823], [85.2480014, 27.8861788], [85.2477352, 27.8862691], [85.2474716, 27.8862998], [85.2473431, 27.8862909], [85.2468246, 27.8862329], [85.2466557, 27.8862728], [85.2462861, 27.886526], [85.2459902, 27.8866723], [85.2457523, 27.886797], [85.2449391, 27.8872597], [85.2440749, 27.8877369], [85.2438628, 27.8878422], [85.2431828, 27.8882119], [85.2430337, 27.8882845], [85.2428906, 27.888338], [85.2416565, 27.8886265], [85.241297, 27.8887555], [85.2407438, 27.8890943], [85.2403966, 27.889251], [85.2402063, 27.8894071], [85.2399209, 27.8897645], [85.2397495, 27.8898558], [85.2394532, 27.8899471], [85.238847, 27.8900905], [85.2386498, 27.8901593], [85.2382306, 27.8903362], [85.2380678, 27.8903833], [85.2378897, 27.8904049], [85.2377526, 27.89042], [85.2376083, 27.8904701], [85.2373154, 27.8906845], [85.2371435, 27.8907567], [85.23695, 27.8907834], [85.2367201, 27.890817], [85.2365123, 27.8909053], [85.2364112, 27.8909872], [85.236275, 27.8910974], [85.236001, 27.8913492], [85.2358276, 27.8915189], [85.2356607, 27.8917586], [85.2354018, 27.8920827], [85.2352243, 27.8922732], [85.2349318, 27.8925772], [85.2342806, 27.8929394], [85.2338836, 27.893196], [85.2337065, 27.8933904], [85.2336261, 27.8935896], [85.233551, 27.8937705], [85.2334812, 27.893893], [85.2331835, 27.894168], [85.2331133, 27.8942385], [85.2329099, 27.8947322], [85.2328364, 27.8948245], [85.2326685, 27.8949218], [85.2324703, 27.8950053], [85.2323422, 27.895027], [85.2319649, 27.8950951], [85.2318593, 27.8951232], [85.2314645, 27.8952281], [85.2310261, 27.8952925], [85.2306803, 27.8953393], [85.2302338, 27.8954241], [85.229938, 27.8954101], [85.2295656, 27.8953401], [85.2291477, 27.8951668], [85.2286245, 27.8950071], [85.2283806, 27.894979], [85.2280075, 27.8948746], [85.2274915, 27.8948668], [85.2272159, 27.8949097], [85.2269194, 27.8949484], [85.2266337, 27.8950172], [85.2263975, 27.895064], [85.2261989, 27.8950829], [85.2257638, 27.8950687], [85.2255088, 27.8951275], [85.2253314, 27.8951898], [85.2250962, 27.8952473], [85.2249615, 27.8952378], [85.2247426, 27.8951921], [85.224638, 27.8951992], [85.2245291, 27.8952451], [85.2243948, 27.8953152], [85.2242398, 27.8953944], [85.2241257, 27.8954078], [85.2239501, 27.8954053], [85.2231195, 27.8953954], [85.2228516, 27.8953841], [85.2227604, 27.8954078], [85.2226399, 27.8954913], [85.2225569, 27.8955754], [85.2224316, 27.8957464], [85.2223581, 27.8957965], [85.2222523, 27.8958268], [85.2218927, 27.8958795], [85.2217063, 27.8959151], [85.221481, 27.8959965], [85.2213206, 27.8961045], [85.2211458, 27.8961718], [85.22101, 27.8962207], [85.2208941, 27.8962295], [85.2206724, 27.8962852], [85.2202643, 27.8964563], [85.2198583, 27.8966504], [85.2194574, 27.8968086], [85.2190114, 27.8969102], [85.2187891, 27.8969305], [85.2183721, 27.8969074], [85.2179883, 27.8968646], [85.2172911, 27.8967689], [85.2162035, 27.8965767], [85.2157805, 27.896524], [85.2154238, 27.8965564], [85.2150578, 27.8967106], [85.2149246, 27.8967829], [85.2148546, 27.8968642], [85.2147424, 27.8970524], [85.2146203, 27.8971939], [85.2143815, 27.8974162], [85.2142807, 27.8975139], [85.2139205, 27.8978938], [85.2137724, 27.8980177], [85.2136694, 27.8980641], [85.21348, 27.8981149], [85.2133056, 27.8981198], [85.2128641, 27.898104], [85.2124947, 27.8980717], [85.2121015, 27.8980535], [85.2117206, 27.8981103], [85.2113323, 27.8981673], [85.2111178, 27.8981449], [85.210354, 27.8979265], [85.209791, 27.8977257], [85.2095661, 27.8975705], [85.2093211, 27.8974196], [85.2092019, 27.8973895], [85.2091006, 27.8973898], [85.2088707, 27.8974415], [85.208379, 27.897573], [85.2076805, 27.8977234]]}}, {"type": "Feature", "properties": {"osm_id": 340627634, "status": "possibly_affected", "confidence": "medium", "flooded_fraction": 0.1, "highway": "residential", "name": null, "length_km": 0.566583, "flooded_length_km": 0.056658, "flood_probability": 0.0668}, "geometry": {"type": "LineString", "coordinates": [[85.2382055, 27.8967692], [85.2373824, 27.8964652], [85.2373336, 27.8964579], [85.2370727, 27.8964467], [85.2370083, 27.8964525], [85.2367098, 27.8964953], [85.2366476, 27.8964947], [85.2365081, 27.8964496], [85.2364399, 27.8964489], [85.2363022, 27.8964662], [85.2361265, 27.8965047], [85.2359191, 27.896499], [85.2356418, 27.8965069], [85.2353007, 27.8965038], [85.2350335, 27.896481], [85.2347283, 27.8964729], [85.2344441, 27.8964917], [85.2341813, 27.8965], [85.2340116, 27.8964781], [85.2338208, 27.8964281], [85.2335382, 27.8964198], [85.2333082, 27.8963898], [85.2330715, 27.8963655], [85.2329575, 27.8963661], [85.2328657, 27.8963803], [85.232702, 27.8964164], [85.2325681, 27.8964504]]}}, {"type": "Feature", "properties": {"osm_id": 340627645, "status": "possibly_affected", "confidence": "medium", "flooded_fraction": 0.1778, "highway": "residential", "name": null, "length_km": 0.863904, "flooded_length_km": 0.153583, "flood_probability": 0.1069}, "geometry": {"type": "LineString", "coordinates": [[85.2382055, 27.8967692], [85.2381758, 27.8969521], [85.2381584, 27.8971365], [85.2381182, 27.897916], [85.2380645, 27.8987019], [85.2380363, 27.8991148], [85.2378958, 27.9007435], [85.2378087, 27.9017537], [85.2377418, 27.9026448], [85.2377174, 27.9028101], [85.237691, 27.9029053], [85.2375845, 27.9033409], [85.2372492, 27.9044977]]}}, {"type": "Feature", "properties": {"osm_id": 342147692, "status": "affected", "confidence": "high", "flooded_fraction": 1.0, "highway": "track", "name": null, "length_km": 0.107596, "flooded_length_km": 0.107596, "flood_probability": 0.7138}, "geometry": {"type": "LineString", "coordinates": [[85.1582794, 27.9399023], [85.1584496, 27.9402067], [85.1585197, 27.9402787], [85.1586908, 27.9403636], [85.1587413, 27.9403996], [85.1587592, 27.9405162], [85.1588716, 27.940558], [85.1589189, 27.9406242]]}}, {"type": "Feature", "properties": {"osm_id": 340771374, "status": "affected", "confidence": "medium", "flooded_fraction": 0.3208, "highway": "path", "name": null, "length_km": 1.035758, "flooded_length_km": 0.332224, "flood_probability": 0.2459}, "geometry": {"type": "LineString", "coordinates": [[85.2300241, 27.9015977], [85.229775, 27.9015832], [85.2293515, 27.9018863], [85.2291071, 27.9022512], [85.2290734, 27.9028545], [85.2293399, 27.9030999], [85.2297395, 27.9034247], [85.2297905, 27.9035693], [85.2296162, 27.9037944], [85.2292863, 27.903766], [85.2290422, 27.9038584], [85.2286211, 27.9039746], [85.2280149, 27.9041215], [85.2280444, 27.9042092], [85.2284145, 27.9043396], [85.2287149, 27.9043989], [85.2291387, 27.9043704], [85.2293801, 27.9044866], [85.2296644, 27.904515], [85.2299648, 27.9044913], [85.2305469, 27.9043515], [85.2312121, 27.9043325], [85.231609, 27.904323], [85.2316734, 27.9042282], [85.2316949, 27.9040955], [85.2318746, 27.9036617], [85.232006, 27.9033251], [85.2320972, 27.902851]]}}, {"type": "Feature", "properties": {"osm_id": 886991757, "status": "possibly_affected", "confidence": "medium", "flooded_fraction": 0.1515, "highway": "unclassified", "name": null, "length_km": 0.627448, "flooded_length_km": 0.095068, "flood_probability": 0.0818}, "geometry": {"type": "LineString", "coordinates": [[85.1970756, 27.9071375], [85.1975316, 27.9070679], [85.1978213, 27.9069896], [85.1980332, 27.9069873], [85.1981136, 27.9069209], [85.1981404, 27.906755], [85.1983228, 27.9067123], [85.1985562, 27.9067502], [85.1986018, 27.9067265], [85.1986554, 27.9063947], [85.1988673, 27.9058827], [85.1991302, 27.9054063], [85.1991798, 27.9053204], [85.1992562, 27.9051882], [85.1994869, 27.9049891], [85.1995406, 27.9048184], [85.1995593, 27.9046644], [85.1994574, 27.9042946], [85.1992777, 27.9038845], [85.1990497, 27.9036048], [85.1990443, 27.9031995], [85.1989176, 27.9029678]]}}, {"type": "Feature", "properties": {"osm_id": 341057549, "status": "possibly_affected", "confidence": "medium", "flooded_fraction": 0.15, "highway": "path", "name": null, "length_km": 0.365523, "flooded_length_km": 0.054828, "flood_probability": 0.0588}, "geometry": {"type": "LineString", "coordinates": [[85.292931, 27.9205113], [85.2928962, 27.9204686], [85.2928413, 27.9204071], [85.2927099, 27.9200456], [85.2928145, 27.9197482], [85.2930586, 27.919414], [85.2930022, 27.9192197], [85.2929592, 27.9191696], [85.2928681, 27.9190633], [85.2928318, 27.9188001], [85.2928386, 27.9185324], [85.2928976, 27.9183428], [85.2927957, 27.9181081], [85.2929841, 27.9180352], [85.2933732, 27.9176513]]}}, {"type": "Feature", "properties": {"osm_id": 342212023, "status": "possibly_affected", "confidence": "medium", "flooded_fraction": 0.1429, "highway": "residential", "name": null, "length_km": 0.399533, "flooded_length_km": 0.057076, "flood_probability": 0.0842}, "geometry": {"type": "LineString", "coordinates": [[85.243475, 27.9024702], [85.2430587, 27.9023415], [85.2427744, 27.9022799], [85.2425519, 27.9023392], [85.2424659, 27.9024719], [85.2423345, 27.9027065], [85.2422513, 27.9029222], [85.2423104, 27.9030716], [85.2422057, 27.9032731], [85.2420341, 27.9035599], [85.2419992, 27.9037021], [85.2420743, 27.903849], [85.2420609, 27.9040268], [85.2419938, 27.9043966], [85.241906, 27.9049305]]}}, {"type": "Feature", "properties": {"osm_id": 340519617, "status": "affected", "confidence": "medium", "flooded_fraction": 0.4091, "highway": "path", "name": null, "length_km": 0.407951, "flooded_length_km": 0.166889, "flood_probability": 0.2814}, "geometry": {"type": "LineString", "coordinates": [[85.2843949, 27.9121968], [85.2845835, 27.9121769], [85.2847642, 27.9120611], [85.2847766, 27.9119943], [85.2848545, 27.9118905], [85.2849685, 27.9117832], [85.2850096, 27.9117003], [85.2849207, 27.9115004], [85.284888, 27.9113232], [85.2847528, 27.9110595], [85.2848181, 27.9108905], [85.2849393, 27.9107957], [85.2850699, 27.9106268], [85.2853404, 27.9104784], [85.2856855, 27.910293], [85.2857072, 27.9102699], [85.2858674, 27.9100993], [85.2860213, 27.9099221], [85.286032, 27.9099016], [85.2861052, 27.9097613], [85.2861845, 27.9096748], [85.2862585, 27.9095321], [85.2863234, 27.9094381]]}}, {"type": "Feature", "properties": {"osm_id": 341067137, "status": "possibly_affected", "confidence": "medium", "flooded_fraction": 0.1562, "highway": "unclassified", "name": null, "length_km": 1.243937, "flooded_length_km": 0.194365, "flood_probability": 0.1024}, "geometry": {"type": "LineString", "coordinates": [[85.3000583, 27.8609914], [85.2999926, 27.8608391], [85.2999853, 27.8608006], [85.3000027, 27.8607372], [85.3000356, 27.8606998], [85.3001395, 27.8606358], [85.3003909, 27.8604324], [85.3005083, 27.8603293], [85.3005814, 27.8602985], [85.3006726, 27.8602789], [85.3008208, 27.8602421], [85.3008744, 27.8602214], [85.3009019, 27.8601935], [85.3009281, 27.8600933], [85.3009274, 27.8600228], [85.3009026, 27.8599528], [85.3008067, 27.859788], [85.3007175, 27.8596197], [85.3006545, 27.8595355], [85.3005968, 27.8594981], [85.300511, 27.8594383], [85.3004868, 27.8593843], [85.3004902, 27.8593019], [85.3005311, 27.8591353], [85.3006042, 27.8590221], [85.3007034, 27.858913], [85.3007825, 27.8587933], [85.3008248, 27.8586777], [85.3008281, 27.8585775], [85.3008342, 27.8582805], [85.3008261, 27.8581494], [85.3008302, 27.8580884], [85.3008804, 27.8580166], [85.3010085, 27.8579508], [85.3010575, 27.857917], [85.3011017, 27.8578412], [85.3011225, 27.8577469], [85.3011359, 27.8575934], [85.3011741, 27.8575056], [85.3012586, 27.8574244], [85.3012922, 27.8573787], [85.3012955, 27.8573426], [85.3012687, 27.8572708], [85.3012338, 27.8571938], [85.3012265, 27.8571072], [85.3012452, 27.8570266], [85.3013156, 27.8569098], [85.3013639, 27.8568553], [85.3014618, 27.8568209], [85.3015798, 27.8567859], [85.3016569, 27.8567219], [85.3017649, 27.8565203], [85.3018769, 27.8563365], [85.3019225, 27.8562838], [85.3019775, 27.8562772], [85.3020848, 27.8563087], [85.3021853, 27.8563401], [85.3022363, 27.8563715], [85.3023315, 27.8564385], [85.3024106, 27.8564747], [85.3024629, 27.856483], [85.3025669, 27.8564842], [85.3026091, 27.8565002], [85.3026286, 27.8565221], [85.3026406, 27.8565494], [85.3026587, 27.8565891], [85.3026983, 27.8566578], [85.3027285, 27.8566952], [85.3027681, 27.856719], [85.3029069, 27.8567503], [85.3029987, 27.8567889], [85.3030785, 27.8568339], [85.303165, 27.8569056], [85.3032783, 27.8569692], [85.3034761, 27.8569935], [85.3036612, 27.8570107], [85.3038489, 27.857026], [85.3040623, 27.8570711], [85.3042244, 27.8571055], [85.304427, 27.8571328], [85.3045865, 27.85716], [85.3046523, 27.8572021], [85.3046912, 27.8572679], [85.3047221, 27.8574481], [85.3048333, 27.8577114], [85.3048749, 27.8577724], [85.3049339, 27.8578109], [85.3050613, 27.8578513], [85.3052424, 27.8578785], [85.305347, 27.8578774], [85.3054878, 27.8578382], [85.3055616, 27.8577866], [85.3055924, 27.8576888], [85.3056447, 27.8575738], [85.3057453, 27.8575086], [85.30587, 27.8574932], [85.3060471, 27.8574814], [85.3061356, 27.8574961], [85.3061785, 27.8575187], [85.3061932, 27.8575502], [85.3061758, 27.8576082], [85.3061503, 27.8576722], [85.3060967, 27.8577802], [85.306102, 27.8578601], [85.3061134, 27.857923], [85.3061624, 27.8579787], [85.3061966, 27.858003], [85.3062489, 27.8580238], [85.3063367, 27.8580363], [85.3063989, 27.8580163]]}}, {"type": "Feature", "properties": {"osm_id": 342147690, "status": "affected", "confidence": "high", "flooded_fraction": 0.9091, "highway": "track", "name": null, "length_km": 0.18707, "flooded_length_km": 0.170064, "flood_probability": 0.6601}, "geometry": {"type": "LineString", "coordinates": [[85.1571346, 27.9401491], [85.1572548, 27.9399331], [85.1573312, 27.9398395], [85.1575284, 27.9397377], [85.1577443, 27.9395979], [85.1578207, 27.9396085], [85.1578529, 27.9396014], [85.1579106, 27.9396369], [85.1579924, 27.9397471], [85.158093, 27.9398372], [85.1581922, 27.9398893], [85.1582794, 27.9399023], [85.1583639, 27.9398076], [85.1585034, 27.9396903]]}}, {"type": "Feature", "properties": {"osm_id": 237590768, "status": "affected", "confidence": "high", "flooded_fraction": 1.0, "highway": "unclassified", "name": null, "length_km": 0.020551, "flooded_length_km": 0.020551, "flood_probability": 0.9398}, "geometry": {"type": "LineString", "coordinates": [[85.15, 27.92260844677883], [85.1501953, 27.9225429]]}}, {"type": "Feature", "properties": {"osm_id": 342150055, "status": "possibly_affected", "confidence": "medium", "flooded_fraction": 0.1818, "highway": "path", "name": null, "length_km": 0.193757, "flooded_length_km": 0.035229, "flood_probability": 0.1113}, "geometry": {"type": "LineString", "coordinates": [[85.1583242, 27.9424843], [85.158351, 27.9425577], [85.1583846, 27.942611], [85.1583537, 27.9427615], [85.158343, 27.9428634], [85.1583309, 27.9428918], [85.1583068, 27.9429025], [85.1582679, 27.9428279], [85.1582102, 27.9427343], [85.158166, 27.9426454], [85.1581351, 27.9426156], [85.158123, 27.9426039], [85.158064, 27.9425648], [85.1580278, 27.9425542], [85.1578562, 27.9426407], [85.1576148, 27.9427591], [85.1575759, 27.9427627], [85.1574565, 27.942771], [85.1573076, 27.9427722], [85.1571263, 27.9428099]]}}, {"type": "Feature", "properties": {"osm_id": 342150127, "status": "possibly_affected", "confidence": "medium", "flooded_fraction": 0.1818, "highway": "path", "name": null, "length_km": 0.188786, "flooded_length_km": 0.034325, "flood_probability": 0.1267}, "geometry": {"type": "LineString", "coordinates": [[85.1581351, 27.9426156], [85.1581629, 27.9427443], [85.1582168, 27.9428714], [85.1582722, 27.9429852], [85.1584175, 27.9432273], [85.1585164, 27.9434497], [85.1585418, 27.9435899], [85.1586302, 27.9438678], [85.1586752, 27.9440187], [85.1587051, 27.9441907], [85.1587031, 27.944229]]}}, {"type": "Feature", "properties": {"osm_id": 340476880, "status": "affected", "confidence": "high", "flooded_fraction": 0.4667, "highway": "unclassified", "name": null, "length_km": 0.873786, "flooded_length_km": 0.407767, "flood_probability": 0.4088}, "geometry": {"type": "LineString", "coordinates": [[85.1756217, 27.9826099], [85.1756414, 27.9825432], [85.1756736, 27.9824997], [85.175749, 27.9824619], [85.1758258, 27.9824589], [85.1758813, 27.9824774], [85.175933, 27.9825121], [85.1760138, 27.9825929], [85.1760785, 27.9826548], [85.1761737, 27.9826911], [85.1762876, 27.9827129], [85.1764152, 27.9826931], [85.1769595, 27.9824481], [85.1774562, 27.9822856], [85.1778034, 27.9822161], [85.1779465, 27.9819606], [85.178609, 27.9813482], [85.1790639, 27.9804922], [85.1790958, 27.9801635], [85.1794767, 27.9794729], [85.1796951, 27.9790581], [85.1798063, 27.9788872], [85.1798915, 27.9786418], [85.179939, 27.9784777], [85.1800758, 27.9782858], [85.1801328, 27.9782098], [85.1801777, 27.9781058], [85.1802099, 27.9779779], [85.1803359, 27.9777505], [85.1805855, 27.9771902]]}}, {"type": "Feature", "properties": {"osm_id": 340503489, "status": "affected", "confidence": "high", "flooded_fraction": 1.0, "highway": "unclassified", "name": null, "length_km": 0.029557, "flooded_length_km": 0.029557, "flood_probability": 0.8187}, "geometry": {"type": "LineString", "coordinates": [[85.1641788, 27.9486331], [85.1639631, 27.9486413], [85.1638814, 27.9486223]]}}, {"type": "Feature", "properties": {"osm_id": 533186371, "status": "affected", "confidence": "high", "flooded_fraction": 0.4762, "highway": "unclassified", "name": null, "length_km": 1.233604, "flooded_length_km": 0.587431, "flood_probability": 0.4122}, "geometry": {"type": "LineString", "coordinates": [[85.1708249, 27.964387], [85.1707299, 27.9641383], [85.1706804, 27.9640623], [85.1706044, 27.9639857], [85.1705377, 27.9639417], [85.1704887, 27.9639242], [85.1704405, 27.963927], [85.1700828, 27.9639699], [85.1699787, 27.9639526], [85.1699294, 27.9639232], [85.1699166, 27.9638871], [85.170026, 27.9635666], [85.1700312, 27.9635225], [85.1700259, 27.9634766], [85.1700114, 27.9634416], [85.1699845, 27.9634097], [85.1698907, 27.9633784], [85.1698065, 27.963344], [85.169725, 27.9632873], [85.1695625, 27.9630843], [85.1692641, 27.9626691], [85.1689214, 27.9621801], [85.1684495, 27.9615164], [85.1684653, 27.9611183], [85.1681015, 27.9603172], [85.1677556, 27.9595419], [85.1674185, 27.9591285], [85.1671155, 27.9586896], [85.1667055, 27.9581942], [85.1665092, 27.9579118], [85.1660136, 27.9573692], [85.1657796, 27.9572056], [85.165451, 27.9570846], [85.1646879, 27.956778], [85.164409, 27.9567045], [85.1640787, 27.9565839], [85.1637344, 27.9564392], [85.1636593, 27.9563859], [85.1636281, 27.9563409]]}}, {"type": "Feature", "properties": {"osm_id": 340729962, "status": "possibly_affected", "confidence": "medium", "flooded_fraction": 0.1569, "highway": "secondary", "name": null, "length_km": 2.013728, "flooded_length_km": 0.315879, "flood_probability": 0.1028}, "geometry": {"type": "LineString", "coordinates": [[85.2845933, 27.8663958], [85.2845597, 27.8664079], [85.2844642, 27.8664323], [85.2837976, 27.8664971], [85.2836729, 27.8665186], [85.2832978, 27.8666703], [85.2830619, 27.8667707], [85.2828764, 27.8668729], [85.2824945, 27.8670654], [85.2821482, 27.8672574], [85.2819913, 27.8673392], [85.2819013, 27.8673751], [85.2817999, 27.8673935], [85.2816134, 27.8674095], [85.2814605, 27.8674193], [85.2811997, 27.8674393], [85.2808176, 27.8674935], [85.2802615, 27.8675707], [85.2792394, 27.867733], [85.2786444, 27.8678226], [85.2784888, 27.8678638], [85.2782537, 27.867985], [85.2779494, 27.8681634], [85.2763345, 27.8691076], [85.2759368, 27.8693379], [85.2753165, 27.8696896], [85.2746062, 27.8700806], [85.273994, 27.8704181], [85.2734931, 27.870724], [85.2730031, 27.8710071], [85.2725192, 27.8713037], [85.271739, 27.8717784], [85.2714526, 27.8719454], [85.2710916, 27.8721825], [85.270806, 27.8723947], [85.2705416, 27.8725894], [85.2703054, 27.8727481], [85.2699354, 27.8729625], [85.2696199, 27.8731181], [85.2694762, 27.8731823], [85.2692118, 27.87329], [85.2690175, 27.8733743], [85.268708, 27.8735138], [85.2683792, 27.8736519], [85.2681833, 27.8737412], [85.2676977, 27.8739975], [85.2673175, 27.8742196], [85.2671259, 27.8743374], [85.2670021, 27.8744003], [85.2668723, 27.8744931], [85.2667617, 27.8745385], [85.2666811, 27.8745663]]}}, {"type": "Feature", "properties": {"osm_id": 340493986, "status": "possibly_affected", "confidence": "medium", "flooded_fraction": 0.12, "highway": "path", "name": null, "length_km": 0.476601, "flooded_length_km": 0.057192, "flood_probability": 0.0611}, "geometry": {"type": "LineString", "coordinates": [[85.2874109, 27.9139697], [85.2876711, 27.9138898], [85.2877615, 27.9137928], [85.2877524, 27.9136985], [85.2878172, 27.9136582], [85.2879173, 27.9136541], [85.2880868, 27.9136133], [85.2881792, 27.9136283], [85.2882054, 27.9136201], [85.2882393, 27.9135643], [85.2882855, 27.913469], [85.288381, 27.9134091], [85.2884928, 27.9133909], [85.2885903, 27.9133409], [85.2886913, 27.9133125], [85.2887479, 27.913263], [85.2888033, 27.9131908], [85.2888594, 27.9131546], [85.2888979, 27.9131103], [85.2889429, 27.9130814], [85.2889977, 27.9129942], [85.2890386, 27.9129401], [85.2890771, 27.912873], [85.2890958, 27.9127899], [85.28916, 27.9127585], [85.2892143, 27.912693], [85.2892517, 27.9126398], [85.2892709, 27.9126006], [85.2892919, 27.9125687], [85.2893386, 27.9125573], [85.2893766, 27.9125279], [85.2894169, 27.9124479], [85.2894916, 27.9123773], [85.2896153, 27.9122411], [85.2897788, 27.9122686], [85.2898928, 27.9122496], [85.289992, 27.912137], [85.2900483, 27.9120221], [85.2901114, 27.9119332], [85.2902334, 27.9118135], [85.290216, 27.9116891], [85.2902635, 27.9116046], [85.2902927, 27.9115053], [85.2902609, 27.9113786], [85.2901459, 27.9112707], [85.2901177, 27.9112014]]}}, {"type": "Feature", "properties": {"osm_id": 341231981, "status": "affected", "confidence": "low", "flooded_fraction": 0.2667, "highway": "path", "name": null, "length_km": 0.26488, "flooded_length_km": 0.070635, "flood_probability": 0.1707}, "geometry": {"type": "LineString", "coordinates": [[85.2761482, 27.9159057], [85.2761697, 27.9159862], [85.2762018, 27.9160384], [85.2762367, 27.9160917], [85.276289, 27.9161367], [85.2763936, 27.9161569], [85.2764607, 27.9161901], [85.276517, 27.9163015], [85.2765304, 27.9163204], [85.2765532, 27.9163903], [85.27658, 27.9164697], [85.2765814, 27.9165041], [85.2765224, 27.916497], [85.2764929, 27.9166119], [85.2764929, 27.9166605], [85.2765197, 27.9167316], [85.2765331, 27.9168359], [85.2765318, 27.9168727], [85.2765318, 27.9169118], [85.2765398, 27.9169959], [85.2765693, 27.9170066], [85.2766176, 27.9170054], [85.2766297, 27.9170777], [85.276631, 27.9171239], [85.2766404, 27.917163], [85.276631, 27.9171855], [85.2766605, 27.9172045], [85.2766994, 27.9172448], [85.2767839, 27.9173277], [85.2768439, 27.9173864], [85.2770129, 27.9174504], [85.2770558, 27.9174788], [85.2770692, 27.9178011]]}}, {"type": "Feature", "properties": {"osm_id": 341396713, "status": "possibly_affected", "confidence": "medium", "flooded_fraction": 0.1538, "highway": "track", "name": null, "length_km": 0.229914, "flooded_length_km": 0.035371, "flood_probability": 0.1061}, "geometry": {"type": "LineString", "coordinates": [[85.1755477, 28.0182231], [85.1756413, 28.018243], [85.1757993, 28.0182715], [85.175938, 28.0182829], [85.1760574, 28.0182858], [85.1762251, 28.0182487], [85.1763509, 28.0181946], [85.1765122, 28.0181491], [85.1765731, 28.0181214], [85.1765924, 28.0181132], [85.1766136, 28.0180992], [85.1766506, 28.0181055], [85.1766664, 28.0181082], [85.1767701, 28.0182338], [85.1768229, 28.018259], [85.1769002, 28.0182607], [85.1769754, 28.0182267], [85.1770669, 28.0182087], [85.1771807, 28.0182195], [85.1772762, 28.0182159], [85.1774551, 28.0182123], [85.1775972, 28.0181835], [85.1777392, 28.0182054]]}}, {"type": "Feature", "properties": {"osm_id": 543847784, "status": "affected", "confidence": "high", "flooded_fraction": 0.7647, "highway": "path", "name": null, "length_km": 0.314424, "flooded_length_km": 0.240442, "flood_probability": 0.6578}, "geometry": {"type": "LineString", "coordinates": [[85.1809529, 27.9789206], [85.1807342, 27.9792595], [85.1804028, 27.9791708], [85.1802487, 27.9792447], [85.1802677, 27.9795955], [85.1802387, 27.9798183], [85.1801035, 27.9800344], [85.1800746, 27.9803092], [85.1800579, 27.9804334], [85.1800244, 27.9805457], [85.1799005, 27.9808365], [85.1798752, 27.9810466], [85.1798416, 27.9811647]]}}, {"type": "Feature", "properties": {"osm_id": 1218707152, "status": "affected", "confidence": "medium", "flooded_fraction": 0.3846, "highway": "path", "name": null, "length_km": 0.234139, "flooded_length_km": 0.090053, "flood_probability": 0.2923}, "geometry": {"type": "LineString", "coordinates": [[85.3465192, 27.922017], [85.346497, 27.9219528], [85.3461234, 27.9216691], [85.3461549, 27.9215597], [85.3463611, 27.9214812], [85.3466045, 27.921552], [85.3469404, 27.92162], [85.3471437, 27.9215302], [85.3474984, 27.9214559], [85.3473845, 27.9212403]]}}, {"type": "Feature", "properties": {"osm_id": 340641806, "status": "possibly_affected", "confidence": "medium", "flooded_fraction": 0.1538, "highway": "path", "name": null, "length_km": 0.222048, "flooded_length_km": 0.034161, "flood_probability": 0.1121}, "geometry": {"type": "LineString", "coordinates": [[85.2857072, 27.9102699], [85.2857864, 27.9102766], [85.2858955, 27.9102421], [85.2859232, 27.9102723], [85.2859769, 27.910278], [85.2860649, 27.9103471], [85.2861479, 27.9104737], [85.2861821, 27.9105615], [85.2861674, 27.9106191], [85.2861723, 27.9106694], [85.2861512, 27.9107515], [85.2861984, 27.9108608], [85.2862065, 27.9109831], [85.2862537, 27.9110479], [85.286301, 27.9110839], [85.2863417, 27.9111529], [85.2863238, 27.9112493], [85.2862798, 27.9113501], [85.2862717, 27.9114306], [85.2862961, 27.911517], [85.2863238, 27.9115961], [85.2863596, 27.9116882], [85.2863531, 27.9117932], [85.2863824, 27.9118609], [85.2863988, 27.9118775]]}}, {"type": "Feature", "properties": {"osm_id": 340734016, "status": "possibly_affected", "confidence": "low", "flooded_fraction": 0.0667, "highway": "path", "name": null, "length_km": 1.166271, "flooded_length_km": 0.077751, "flood_probability": 0.0317}, "geometry": {"type": "LineString", "coordinates": [[85.2183407, 27.9081225], [85.2183895, 27.9082087], [85.218113, 27.9083812], [85.2180236, 27.9084243], [85.2179585, 27.908647], [85.2179585, 27.9088195], [85.2179585, 27.9089704], [85.2179667, 27.9090925], [85.218113, 27.9093799], [85.2183325, 27.909538], [85.2182756, 27.9096386], [85.2181943, 27.9097679], [85.2181781, 27.9099332], [85.2180724, 27.91012], [85.2179016, 27.9102996], [85.2176902, 27.9103859], [85.2174625, 27.9105583], [85.2173162, 27.9106158], [85.2170723, 27.9108026], [85.2168365, 27.9109247], [85.2166023, 27.9109549], [85.2164462, 27.910975], [85.2160965, 27.9108457], [85.2156737, 27.9107523], [85.2153891, 27.910623], [85.2152184, 27.9105152], [85.2150639, 27.9103571], [85.2148119, 27.9102709], [85.2147224, 27.9103715], [85.2144785, 27.9102924], [85.2141451, 27.9102206], [85.2139906, 27.9102206], [85.2139174, 27.9102206], [85.2138199, 27.9101344], [85.2137711, 27.9101919], [85.2136491, 27.9101487], [85.2135434, 27.9100697], [85.2136329, 27.9099619], [85.2135028, 27.9099404], [85.2136329, 27.9098757], [85.213763, 27.9097392], [85.2137467, 27.9096027], [85.2136003, 27.9095236], [85.2134052, 27.9094805], [85.213267, 27.9094805], [85.2129499, 27.9094805], [85.2127466, 27.9095452], [85.2126328, 27.9096386], [85.2125677, 27.909811], [85.2124783, 27.9098326], [85.2123482, 27.9096961], [85.2123319, 27.9094374], [85.2123061, 27.9093255], [85.21221, 27.9093224], [85.2120636, 27.9092147], [85.2119579, 27.9091859], [85.2118197, 27.909229], [85.2116733, 27.9092075], [85.211527, 27.9091356], [85.211387, 27.9090619]]}}, {"type": "Feature", "properties": {"osm_id": 430920662, "status": "possibly_affected", "confidence": "medium", "flooded_fraction": 0.1389, "highway": "path", "name": null, "length_km": 0.688775, "flooded_length_km": 0.095663, "flood_probability": 0.0876}, "geometry": {"type": "LineString", "coordinates": [[85.3013238, 27.8641369], [85.3012761, 27.864098], [85.301133, 27.8639396], [85.3010225, 27.8637194], [85.3009492, 27.863506], [85.3008281, 27.8634675], [85.3005504, 27.8630241], [85.3003358, 27.8626477], [85.3000602, 27.8622834], [85.2998066, 27.8621525], [85.2996858, 27.8620837], [85.2993639, 27.8619867], [85.2991357, 27.8619006], [85.2989405, 27.861851], [85.2988528, 27.8618466], [85.2987309, 27.8618445], [85.2986016, 27.8618208], [85.2985092, 27.8617731], [85.2981149, 27.8616009], [85.2979466, 27.8615427], [85.2978638, 27.8615513], [85.2975357, 27.8616095], [85.2973114, 27.8616634], [85.2972089, 27.8616935], [85.2970929, 27.8617087], [85.2969002, 27.8617604], [85.2967465, 27.8618014], [85.2966003, 27.861879], [85.2964501, 27.8619954], [85.2963452, 27.8620817], [85.2961453, 27.8622079], [85.2960136, 27.8622769], [85.2959477, 27.862279]]}}, {"type": "Feature", "properties": {"osm_id": 340491894, "status": "affected", "confidence": "high", "flooded_fraction": 0.8, "highway": "unclassified", "name": null, "length_km": 0.067575, "flooded_length_km": 0.05406, "flood_probability": 0.7068}, "geometry": {"type": "LineString", "coordinates": [[85.3238501, 27.9214239], [85.3239975, 27.9216898], [85.3240176, 27.9218003], [85.3240842, 27.9218831], [85.3241526, 27.9219622]]}}, {"type": "Feature", "properties": {"osm_id": 887084593, "status": "possibly_affected", "confidence": "medium", "flooded_fraction": 0.1538, "highway": "path", "name": null, "length_km": 0.222698, "flooded_length_km": 0.034261, "flood_probability": 0.1064}, "geometry": {"type": "LineString", "coordinates": [[85.2102886, 27.9087362], [85.2100719, 27.9086792], [85.2099215, 27.9086199], [85.2096634, 27.9086846], [85.2094296, 27.9087384], [85.209143, 27.9086774], [85.2089824, 27.9085894], [85.2088421, 27.9087744], [85.2086755, 27.9089289], [85.2085921, 27.9090241], [85.208584, 27.9092468]]}}, {"type": "Feature", "properties": {"osm_id": 340627639, "status": "affected", "confidence": "high", "flooded_fraction": 0.7143, "highway": "residential", "name": null, "length_km": 0.119545, "flooded_length_km": 0.085389, "flood_probability": 0.5973}, "geometry": {"type": "LineString", "coordinates": [[85.2326231, 27.8984562], [85.2321268, 27.8981706], [85.2315877, 27.8978933]]}}, {"type": "Feature", "properties": {"osm_id": 342148060, "status": "affected", "confidence": "high", "flooded_fraction": 0.5, "highway": "secondary", "name": null, "length_km": 0.081004, "flooded_length_km": 0.040502, "flood_probability": 0.5004}, "geometry": {"type": "LineString", "coordinates": [[85.2075513, 27.8986514], [85.2076391, 27.8979246]]}}, {"type": "Feature", "properties": {"osm_id": 342148059, "status": "affected", "confidence": "high", "flooded_fraction": 0.8889, "highway": "secondary", "name": null, "length_km": 0.141739, "flooded_length_km": 0.12599, "flood_probability": 0.7021}, "geometry": {"type": "LineString", "coordinates": [[85.2073679, 27.8999126], [85.2074538, 27.8996703], [85.2074893, 27.8994628], [85.2074985, 27.8991823], [85.2074996, 27.898942], [85.2075513, 27.8986514]]}}, {"type": "Feature", "properties": {"osm_id": 340736835, "status": "possibly_affected", "confidence": "low", "flooded_fraction": 0.0667, "highway": "path", "name": null, "length_km": 0.265048, "flooded_length_km": 0.01767, "flood_probability": 0.0365}, "geometry": {"type": "LineString", "coordinates": [[85.2122356, 27.9002784], [85.2125754, 27.9001408], [85.2129435, 27.9000282], [85.2133399, 27.8999531], [85.2137221, 27.8999531], [85.2142459, 27.9000532], [85.2145574, 27.9001658], [85.2147556, 27.9003285]]}}, {"type": "Feature", "properties": {"osm_id": 476985598, "status": "possibly_affected", "confidence": "low", "flooded_fraction": 0.2, "highway": "path", "name": null, "length_km": 0.168041, "flooded_length_km": 0.033608, "flood_probability": 0.1238}, "geometry": {"type": "LineString", "coordinates": [[85.2747522, 27.9174617], [85.2747641, 27.9174152], [85.274803, 27.9173998], [85.2748714, 27.9173772], [85.2749116, 27.9173915], [85.2749545, 27.9174069], [85.2750055, 27.9173938], [85.2750645, 27.9173891], [85.2750994, 27.9173844], [85.2751302, 27.9173713], [85.2751074, 27.9173524], [85.2750846, 27.9173287], [85.2751101, 27.917318], [85.2751383, 27.9173073], [85.2751637, 27.9173251], [85.2751973, 27.9173168], [85.2752415, 27.917318], [85.2752804, 27.9172896], [85.27533, 27.9172848], [85.2753595, 27.9172493], [85.2753837, 27.9172078], [85.2754132, 27.9171817], [85.2754414, 27.9171462], [85.2754749, 27.9171059], [85.2754802, 27.9170727], [85.2754869, 27.9170597], [85.2754856, 27.9170419], [85.2754655, 27.9170395], [85.2754212, 27.9170312], [85.2753542, 27.9170063], [85.2753099, 27.9169803], [85.2752563, 27.9169506], [85.2752013, 27.9169601], [85.2751034, 27.9169957], [85.275039, 27.9170063], [85.2750028, 27.9170288], [85.2749639, 27.9170478], [85.2749277, 27.917049]]}}, {"type": "Feature", "properties": {"osm_id": 340734174, "status": "possibly_affected", "confidence": "low", "flooded_fraction": 0.0515, "highway": "path", "name": null, "length_km": 1.903456, "flooded_length_km": 0.098116, "flood_probability": 0.0357}, "geometry": {"type": "LineString", "coordinates": [[85.2224302, 27.9062141], [85.2226926, 27.906314], [85.2228857, 27.906295], [85.2231325, 27.9063045], [85.2231325, 27.9064941], [85.2232505, 27.9066837], [85.2233471, 27.9067596], [85.2233471, 27.9069113], [85.2233149, 27.9071483], [85.2234007, 27.9071862], [85.2234329, 27.9070061], [85.2235616, 27.9068734], [85.2237011, 27.9067217], [85.2238513, 27.9064846], [85.2239586, 27.9063993], [85.2240015, 27.90657], [85.2239479, 27.9066648], [85.2238406, 27.906788], [85.2238299, 27.9069397], [85.2238406, 27.9071768], [85.2239264, 27.9073095], [85.2240659, 27.9074896], [85.224141, 27.9076603], [85.224141, 27.9077836], [85.2241517, 27.9079447], [85.2242376, 27.9082481], [85.2242697, 27.9084283], [85.2244521, 27.9084472], [85.2245702, 27.9083145], [85.2246023, 27.9082007], [85.2247847, 27.9081533], [85.2248813, 27.9082766], [85.2249564, 27.9081533], [85.2249886, 27.9078973], [85.2250851, 27.907812], [85.2252997, 27.9076034], [85.2253963, 27.9074896], [85.225525, 27.9074328], [85.2256967, 27.9074043], [85.2257932, 27.9072621], [85.2259971, 27.9072526], [85.2261473, 27.9073095], [85.2261688, 27.9074707], [85.2260615, 27.9077172], [85.2260615, 27.9079542], [85.2261902, 27.9080301], [85.2262546, 27.9081533], [85.2263082, 27.9083429], [85.2263941, 27.9085136], [85.2263297, 27.9087032], [85.2262009, 27.9088454], [85.2261044, 27.9090066], [85.2262546, 27.9091868], [85.2266086, 27.9092816], [85.2267803, 27.9093953], [85.2268876, 27.9095755], [85.226909, 27.9097366], [85.226791, 27.9099168], [85.2267481, 27.9100211], [85.2267052, 27.9104477], [85.2267267, 27.9106373], [85.2267052, 27.9108649], [85.2266301, 27.9110829], [85.2265764, 27.9112157], [85.2266516, 27.911301], [85.226791, 27.9113768], [85.2266945, 27.9114432], [85.2264799, 27.9115001], [85.2262975, 27.9115759], [85.2261258, 27.9117087], [85.2261688, 27.9118224], [85.2263404, 27.911794], [85.2265443, 27.9116992], [85.2267374, 27.9116707], [85.2268125, 27.9117845], [85.2270485, 27.9119836], [85.2271665, 27.91205], [85.2271665, 27.9122301], [85.2269198, 27.9124482], [85.2269627, 27.9126852], [85.2270592, 27.9129032], [85.2272094, 27.9131782], [85.2273704, 27.9133773], [85.2273489, 27.9135005], [85.2273275, 27.9136522], [85.2274562, 27.9137375], [85.2274589, 27.9138916], [85.2274092, 27.9141238], [85.2273932, 27.9142637], [85.2273999, 27.9144237], [85.2273811, 27.9146501], [85.2273543, 27.9147756], [85.2273583, 27.9149143], [85.2274134, 27.9150516]]}}, {"type": "Feature", "properties": {"osm_id": 890512545, "status": "possibly_affected", "confidence": "low", "flooded_fraction": 0.0588, "highway": "path", "name": null, "length_km": 0.987582, "flooded_length_km": 0.058093, "flood_probability": 0.0345}, "geometry": {"type": "LineString", "coordinates": [[85.2123061, 27.9093255], [85.2126177, 27.9092923], [85.2127679, 27.9092319], [85.2127357, 27.9087424], [85.2127171, 27.9083753], [85.2127169, 27.9083217], [85.212914, 27.9082364], [85.2130669, 27.9079686], [85.2131394, 27.9079188], [85.2134398, 27.9078311], [85.2135859, 27.9076237], [85.2140178, 27.9075715], [85.2144, 27.9075147], [85.2145489, 27.9074495], [85.2147017, 27.907363], [85.2151041, 27.9072824], [85.215497, 27.9071224], [85.2158149, 27.9068557], [85.2158672, 27.906787], [85.2161086, 27.906749], [85.2162963, 27.9066246], [85.2167442, 27.9065251], [85.2170607, 27.9064492], [85.2172485, 27.9062714], [85.2173665, 27.906243], [85.2174818, 27.9062762], [85.2175114, 27.9063354], [85.2178118, 27.9062999], [85.2179834, 27.9061031], [85.2180746, 27.9060178], [85.2182892, 27.9060534], [85.2185386, 27.906032], [85.2195713, 27.905558], [85.2200809, 27.9054158]]}}, {"type": "Feature", "properties": {"osm_id": 342392372, "status": "possibly_affected", "confidence": "low", "flooded_fraction": 0.05, "highway": "unclassified", "name": null, "length_km": 0.374559, "flooded_length_km": 0.018728, "flood_probability": 0.0333}, "geometry": {"type": "LineString", "coordinates": [[85.1770851, 27.8809086], [85.1774552, 27.8807141], [85.1774978, 27.8805902], [85.1773909, 27.8804812], [85.1770733, 27.8804262], [85.1765696, 27.8803702], [85.1759214, 27.8805559], [85.1756205, 27.8805949], [85.1754778, 27.8805605], [85.1754091, 27.8804613], [85.1753037, 27.8802267], [85.1751219, 27.8799566], [85.1749405, 27.87971]]}}, {"type": "Feature", "properties": {"osm_id": 341563121, "status": "affected", "confidence": "high", "flooded_fraction": 1.0, "highway": "path", "name": null, "length_km": 0.035188, "flooded_length_km": 0.035188, "flood_probability": 0.6783}, "geometry": {"type": "LineString", "coordinates": [[85.3345741, 27.9235583], [85.3345317, 27.9235245], [85.3344625, 27.9234753], [85.334418, 27.923436], [85.3343958, 27.9234065], [85.3343935, 27.9233837], [85.3343962, 27.9233595], [85.3344074, 27.9233389], [85.334412, 27.9233123]]}}, {"type": "Feature", "properties": {"osm_id": 342283975, "status": "possibly_affected", "confidence": "medium", "flooded_fraction": 0.1111, "highway": "track", "name": null, "length_km": 0.157917, "flooded_length_km": 0.017546, "flood_probability": 0.0787}, "geometry": {"type": "LineString", "coordinates": [[85.284617, 27.8721071], [85.284881, 27.8721668], [85.2849021, 27.8723091], [85.2848229, 27.8723208], [85.2847147, 27.8723278], [85.2849417, 27.8724608], [85.2851845, 27.8725774], [85.2853006, 27.8727058], [85.2855355, 27.8727757]]}}, {"type": "Feature", "properties": {"osm_id": 304401275, "status": "possibly_affected", "confidence": "low", "flooded_fraction": 0.0909, "highway": "unclassified", "name": null, "length_km": 0.198831, "flooded_length_km": 0.018076, "flood_probability": 0.0572}, "geometry": {"type": "LineString", "coordinates": [[85.2809024, 27.869178], [85.2808098, 27.8689034], [85.280814, 27.8688546], [85.2808264, 27.8687088], [85.2810439, 27.8680292], [85.2811997, 27.8674393]]}}, {"type": "Feature", "properties": {"osm_id": 341859278, "status": "possibly_affected", "confidence": "low", "flooded_fraction": 0.2222, "highway": "path", "name": null, "length_km": 0.147908, "flooded_length_km": 0.032869, "flood_probability": 0.0987}, "geometry": {"type": "LineString", "coordinates": [[85.2916378, 27.8598592], [85.2916291, 27.8597664], [85.2916058, 27.8596582], [85.2916903, 27.8594649], [85.2916757, 27.8593103], [85.2915795, 27.8592201], [85.2914746, 27.8591969], [85.2913288, 27.8592407], [85.2912152, 27.8592123], [85.2910811, 27.8592458], [85.2909761, 27.8592561], [85.2909054, 27.8593195]]}}, {"type": "Feature", "properties": {"osm_id": 540060782, "status": "possibly_affected", "confidence": "medium", "flooded_fraction": 0.1429, "highway": "unclassified", "name": null, "length_km": 0.806776, "flooded_length_km": 0.115254, "flood_probability": 0.0738}, "geometry": {"type": "LineString", "coordinates": [[85.2391965, 27.904643], [85.239304, 27.9041558], [85.2395003, 27.903183], [85.2395044, 27.9030869], [85.2395285, 27.9028404], [85.2395753, 27.9025746], [85.2396419, 27.901482], [85.2396649, 27.9010901], [85.2396902, 27.9008761], [85.2397127, 27.9005579], [85.2397678, 27.8997809], [85.2397771, 27.8996501], [85.2400246, 27.8987057], [85.2400507, 27.8974228]]}}, {"type": "Feature", "properties": {"osm_id": 341587479, "status": "affected", "confidence": "high", "flooded_fraction": 1.0, "highway": "path", "name": null, "length_km": 0.122178, "flooded_length_km": 0.122178, "flood_probability": 0.9612}, "geometry": {"type": "LineString", "coordinates": [[85.1722648, 27.9641172], [85.1724341, 27.9641259], [85.1724441, 27.9641447], [85.1724957, 27.9641855], [85.1725695, 27.9641993], [85.1726744, 27.9642453], [85.1727562, 27.9642522], [85.1728094, 27.9642405], [85.1728546, 27.9641868], [85.1728841, 27.9641464], [85.1730353, 27.9641099], [85.1731087, 27.9641531], [85.1731731, 27.9642088], [85.1732336, 27.9642361], [85.1732462, 27.964241], [85.1732629, 27.9642401], [85.1732813, 27.9642373], [85.1732285, 27.9641981]]}}, {"type": "Feature", "properties": {"osm_id": 298744772, "status": "possibly_affected", "confidence": "medium", "flooded_fraction": 0.1984, "highway": "unclassified", "name": null, "length_km": 2.486301, "flooded_length_km": 0.493314, "flood_probability": 0.1724}, "geometry": {"type": "LineString", "coordinates": [[85.1840244, 27.9748923], [85.1839958, 27.9748902], [85.183965, 27.9748985], [85.1839422, 27.9749127], [85.1839234, 27.9749304], [85.1839086, 27.9749743], [85.1838832, 27.9750974], [85.183863, 27.9752052], [85.183804, 27.9753225], [85.1837191, 27.9754513], [85.1831228, 27.9760686], [85.1829565, 27.9762605], [85.1828641, 27.976411], [85.1827231, 27.9767106], [85.1824987, 27.9772784], [85.1824139, 27.9774154], [85.1821019, 27.9781204], [85.1820821, 27.97821], [85.1820983, 27.9782679], [85.1824059, 27.9784972], [85.1824389, 27.9785396], [85.1824334, 27.9785961], [85.182285, 27.9791936], [85.1822847, 27.9794704], [85.1822591, 27.9794993], [85.1821355, 27.9796086], [85.182012, 27.9799588], [85.181882, 27.9801686], [85.1816212, 27.9808699], [85.1815982, 27.9810474], [85.1812645, 27.9814731], [85.1812228, 27.9816391], [85.1812315, 27.9818333], [85.1811381, 27.9820854], [85.1811255, 27.9821869], [85.1811439, 27.9823833], [85.1812043, 27.9825334], [85.1815746, 27.9833201], [85.1817966, 27.9837545], [85.181789, 27.9838512], [85.1817015, 27.9849581], [85.1817992, 27.9861967], [85.1818014, 27.9864811], [85.1817618, 27.9867096], [85.1816981, 27.9869147], [85.1817238, 27.9871388], [85.1820305, 27.9873957], [85.1822459, 27.9879441], [85.1825949, 27.9882495], [85.1825337, 27.9886922], [85.1825681, 27.9889661], [85.1826236, 27.9891926], [85.1828093, 27.9892856], [85.1829851, 27.9893632], [85.183253, 27.9897549], [85.1832602, 27.9899448], [85.1833703, 27.9901989], [85.1834296, 27.9903176], [85.183549, 27.9904663], [85.183487, 27.9907106], [85.1834497, 27.9909236], [85.1834895, 27.9911371], [85.1840692, 27.9928995], [85.1841148, 27.9930716], [85.1844018, 27.9941558], [85.184679, 27.9946779], [85.1848602, 27.9949145], [85.1852005, 27.995359]]}}, {"type": "Feature", "properties": {"osm_id": 520471224, "status": "affected", "confidence": "low", "flooded_fraction": 0.25, "highway": "unclassified", "name": null, "length_km": 0.126732, "flooded_length_km": 0.031683, "flood_probability": 0.1389}, "geometry": {"type": "LineString", "coordinates": [[85.1764614, 27.9838457], [85.1761481, 27.9836851], [85.1758065, 27.9835307], [85.175612, 27.9833657], [85.1755169, 27.9831375]]}}, {"type": "Feature", "properties": {"osm_id": 379104232, "status": "affected", "confidence": "low", "flooded_fraction": 0.2734, "highway": "primary", "name": "Pasang Lhamu Highway", "length_km": 5.742042, "flooded_length_km": 1.569624, "flood_probability": 0.2396}, "geometry": {"type": "LineString", "coordinates": [[85.1549519, 27.9308719], [85.1553143, 27.9310098], [85.1556744, 27.931018], [85.1558585, 27.9310126], [85.1560224, 27.9310804], [85.1561059, 27.9311414], [85.1561778, 27.9312473], [85.1561981, 27.931307], [85.1562201, 27.9317723], [85.15662, 27.9322748], [85.1569603, 27.9327241], [85.1570813, 27.9331048], [85.1571241, 27.9332397], [85.1576726, 27.933917], [85.1578503, 27.9341894], [85.1578556, 27.9345557], [85.1576619, 27.9350801], [85.1578037, 27.93555], [85.1576669, 27.936864], [85.1577785, 27.9372865], [85.1578882, 27.9376365], [85.1581229, 27.9381045], [85.1583335, 27.9384114], [85.1585856, 27.9386779], [85.1588565, 27.938967], [85.1588751, 27.9389884], [85.159578, 27.9397976], [85.1597675, 27.9400325], [85.1599535, 27.9402845], [85.1600876, 27.9405677], [85.1602016, 27.9408722], [85.1603343, 27.9411818], [85.1607776, 27.9420212], [85.1609358, 27.9422783], [85.1610394, 27.9426012], [85.1612281, 27.9432776], [85.1618388, 27.944425], [85.1623063, 27.9455154], [85.1625473, 27.9458248], [85.162688, 27.9460054], [85.1628507, 27.9462694], [85.1629158, 27.9465269], [85.1630763, 27.9467578], [85.1634655, 27.9471879], [85.163754, 27.9474932], [85.1639898, 27.9483084], [85.1641788, 27.9486331], [85.1642363, 27.9487319], [85.1643009, 27.9489374], [85.1640844, 27.9493523], [85.1640745, 27.9495036], [85.1641973, 27.9500305], [85.1640751, 27.9503251], [85.1639165, 27.9505716], [85.1638472, 27.9507623], [85.163897, 27.9513227], [85.1639423, 27.9522161], [85.1640911, 27.9533377], [85.1642476, 27.9536159], [85.1644139, 27.9538812], [85.1647975, 27.9544736], [85.1649724, 27.9547528], [85.1652427, 27.9551677], [85.1652646, 27.9554062], [85.1653571, 27.9556108], [85.1657903, 27.9556621], [85.1661907, 27.9559016], [85.1673233, 27.9566219], [85.167831, 27.957063], [85.1682729, 27.9578785], [85.1685182, 27.9582756], [85.1688186, 27.9585694], [85.1693869, 27.9592706], [85.1696032, 27.9594906], [85.170583, 27.9604872], [85.1724484, 27.9622715], [85.1726825, 27.9624994], [85.1727612, 27.9625831], [85.1727728, 27.9625936], [85.173829, 27.963543], [85.1739, 27.9636064], [85.1739519, 27.9636417], [85.1740413, 27.9636786], [85.1742895, 27.9637383], [85.1745316, 27.9638024], [85.1746397, 27.9638375], [85.1748079, 27.9639019], [85.1748842, 27.9639266], [85.1753427, 27.9640382], [85.1754531, 27.9640704], [85.1755024, 27.9640904], [85.1755906, 27.9641365], [85.1756633, 27.9641845], [85.1757706, 27.9642688], [85.1758487, 27.9643102], [85.1759189, 27.9643392], [85.1759968, 27.9643653], [85.176166, 27.9644061], [85.1763277, 27.9644587], [85.1764424, 27.9645091], [85.1764988, 27.9645393], [85.176605, 27.9646103], [85.1766506, 27.9646515], [85.1766887, 27.9646963], [85.1767494, 27.9647919], [85.176827, 27.964933], [85.1768561, 27.9649748], [85.1768897, 27.9650122], [85.1769295, 27.9650438], [85.1771088, 27.965167], [85.1773264, 27.9653234], [85.1775223, 27.9654726], [85.1777414, 27.9656872], [85.1780846, 27.9660366], [85.1784474, 27.9664543], [85.1785657, 27.9665813], [85.1786291, 27.966632], [85.1787203, 27.9666965], [85.1790698, 27.9669235], [85.1791138, 27.9669598], [85.1792013, 27.9670455], [85.1793153, 27.9671796], [85.1793838, 27.9672778], [85.1797191, 27.9679763], [85.1798193, 27.9681543], [85.1799, 27.9682786], [85.1799577, 27.968358], [85.1799932, 27.9683987], [85.1800382, 27.9684417], [85.1801478, 27.96853], [85.1803248, 27.9686504], [85.1804593, 27.9687276], [85.1805912, 27.9687778], [85.1808256, 27.9688454], [85.180903, 27.9688485], [85.1809313, 27.9688705], [85.1810176, 27.9688844], [85.1811268, 27.9688849], [85.1813196, 27.968866], [85.1813935, 27.9688454], [85.1815031, 27.9688326], [85.1817176, 27.9687805], [85.1818324, 27.9687646], [85.1819183, 27.9687595], [85.1820203, 27.9687601], [85.1821429, 27.9687766], [85.1823566, 27.9688247], [85.1830947, 27.9690215], [85.1837196, 27.9691989], [85.1838151, 27.9692289], [85.1839225, 27.9692683], [85.184035, 27.9693186], [85.184091, 27.9693482], [85.1842029, 27.9694215], [85.1842577, 27.969464], [85.1843599, 27.9695528], [85.1844447, 27.9696369], [85.1845034, 27.9697039], [85.1845939, 27.9698521], [85.184658, 27.9699707], [85.1846901, 27.9700381], [85.1847381, 27.9701068], [85.1847908, 27.9703121]]}}, {"type": "Feature", "properties": {"osm_id": 912640592, "status": "affected", "confidence": "high", "flooded_fraction": 1.0, "highway": "service", "name": null, "length_km": 0.04825, "flooded_length_km": 0.04825, "flood_probability": 0.961}, "geometry": {"type": "LineString", "coordinates": [[85.185357, 27.971883], [85.185231, 27.971864], [85.18518, 27.9718261], [85.1851451, 27.9717834], [85.1851317, 27.9717361], [85.1851371, 27.9717005], [85.1851612, 27.9716792], [85.1852607, 27.9716436]]}}, {"type": "Feature", "properties": {"osm_id": 340459286, "status": "possibly_affected", "confidence": "medium", "flooded_fraction": 0.1026, "highway": "track", "name": null, "length_km": 0.746588, "flooded_length_km": 0.076573, "flood_probability": 0.0713}, "geometry": {"type": "LineString", "coordinates": [[85.2904946, 27.8665465], [85.2907833, 27.8662545], [85.2908986, 27.8661715], [85.2909896, 27.8660829], [85.2913841, 27.8658016], [85.2914967, 27.8656925], [85.2917167, 27.865555], [85.2919675, 27.865331], [85.292208, 27.8651376], [85.2925321, 27.8649385], [85.2927466, 27.8648721], [85.2929612, 27.8648389], [85.2931828, 27.8648265], [85.2934073, 27.8646997], [85.293519, 27.8647026], [85.293555, 27.8647035], [85.2936275, 27.864829], [85.2937129, 27.8650979], [85.2937578, 27.8651748], [85.2936608, 27.8652221], [85.2933986, 27.8651261], [85.2933218, 27.8651491], [85.2932563, 27.8652301], [85.2932538, 27.865354], [85.2933233, 27.8655948], [85.293429, 27.8657407], [85.2934995, 27.8659286], [85.2935333, 27.8660186], [85.2938088, 27.8661146], [85.2941575, 27.8661667], [85.2944037, 27.8661169], [85.294566, 27.8661169], [85.2947253, 27.8661656], [85.2949412, 27.8662482], [85.2949633, 27.8662704], [85.294961, 27.8663215], [85.2949588, 27.8664135]]}}, {"type": "Feature", "properties": {"osm_id": 847027740, "status": "affected", "confidence": "high", "flooded_fraction": 0.5, "highway": "unclassified", "name": null, "length_km": 0.124913, "flooded_length_km": 0.062457, "flood_probability": 0.3717}, "geometry": {"type": "LineString", "coordinates": [[85.1834497, 27.9909236], [85.1832193, 27.9910785], [85.1830906, 27.9912799], [85.1830396, 27.9914812], [85.182935, 27.9916801], [85.182884, 27.9918246], [85.1828465, 27.9918767]]}}, {"type": "Feature", "properties": {"osm_id": 342032756, "status": "affected", "confidence": "high", "flooded_fraction": 0.8, "highway": "track", "name": null, "length_km": 0.462631, "flooded_length_km": 0.370105, "flood_probability": 0.5926}, "geometry": {"type": "LineString", "coordinates": [[85.1508295, 27.9353679], [85.1508756, 27.9353457], [85.1509294, 27.9352885], [85.1509892, 27.935227], [85.1510272, 27.9351731], [85.1510574, 27.9351415], [85.1511181, 27.9350915], [85.1511495, 27.9350194], [85.151176, 27.9349586], [85.1512092, 27.9348895], [85.1512417, 27.9348387], [85.1512765, 27.9347949], [85.1513435, 27.9347468], [85.1513854, 27.9346968], [85.1514168, 27.9346461], [85.1514838, 27.9346073], [85.151624, 27.9345225], [85.1516613, 27.9345115], [85.1517249, 27.9345251], [85.1517604, 27.9345578], [85.1518346, 27.9346426], [85.1519226, 27.9347037], [85.1519854, 27.9347407], [85.1520702, 27.9347592], [85.1521278, 27.9347555], [85.1521708, 27.9347379], [85.1522032, 27.9346926], [85.1522469, 27.9346218], [85.1522887, 27.9345547], [85.1523153, 27.934488], [85.152404, 27.9343927], [85.1525002, 27.9343275], [85.1525784, 27.9342492], [85.1526479, 27.9341839], [85.1527333, 27.9340896], [85.1527837, 27.9340606], [85.1528771, 27.9340565], [85.1530257, 27.9340396], [85.1530609, 27.9340301], [85.1531155, 27.933978], [85.153129, 27.9338689], [85.1531578, 27.9338213], [85.1533604, 27.9336792], [85.1537378, 27.9335431], [85.1540744, 27.9334625], [85.1542957, 27.9334614]]}}, {"type": "Feature", "properties": {"osm_id": 340503490, "status": "affected", "confidence": "high", "flooded_fraction": 0.4737, "highway": "unclassified", "name": null, "length_km": 0.725994, "flooded_length_km": 0.343892, "flood_probability": 0.3559}, "geometry": {"type": "LineString", "coordinates": [[85.1638597, 27.9488026], [85.1639051, 27.9490222], [85.1638528, 27.9492876], [85.1638407, 27.9494428], [85.1638588, 27.94956], [85.1638635, 27.9495909], [85.1639208, 27.9499002], [85.1638423, 27.9501497], [85.1637272, 27.9504039], [85.1636122, 27.9506626], [85.1636069, 27.9508429], [85.1636697, 27.9517162], [85.1636901, 27.9520556], [85.1636192, 27.9523039], [85.1634675, 27.9526175], [85.1634084, 27.9528593], [85.1634158, 27.9531501], [85.1635637, 27.9535749], [85.163756, 27.9541695], [85.1639077, 27.9546858], [85.1639817, 27.9549896], [85.1640147, 27.9551226], [85.1640549, 27.9551629]]}}, {"type": "Feature", "properties": {"osm_id": 533372341, "status": "possibly_affected", "confidence": "medium", "flooded_fraction": 0.1304, "highway": "unclassified", "name": null, "length_km": 0.420557, "flooded_length_km": 0.054855, "flood_probability": 0.0852}, "geometry": {"type": "LineString", "coordinates": [[85.2790535, 27.8724787], [85.2790651, 27.8723971], [85.2791689, 27.8723241], [85.2794378, 27.872297], [85.279551, 27.872101], [85.2799449, 27.8719447], [85.2800068, 27.8719021], [85.2800934, 27.8714839], [85.2801878, 27.8711045], [85.2806925, 27.8707208], [85.2811099, 27.870552], [85.2815169, 27.8703719], [85.2813034, 27.8700917], [85.2812484, 27.8699738]]}}, {"type": "Feature", "properties": {"osm_id": 1547173429, "status": "possibly_affected", "confidence": "low", "flooded_fraction": 0.0909, "highway": "path", "name": "Likhu Khola Bridge", "length_km": 0.192494, "flooded_length_km": 0.017499, "flood_probability": 0.0505}, "geometry": {"type": "LineString", "coordinates": [[85.2928615, 27.8630667], [85.293519, 27.8647026]]}}, {"type": "Feature", "properties": {"osm_id": 341626898, "status": "possibly_affected", "confidence": "medium", "flooded_fraction": 0.1724, "highway": "path", "name": null, "length_km": 0.550752, "flooded_length_km": 0.094957, "flood_probability": 0.1101}, "geometry": {"type": "LineString", "coordinates": [[85.2996858, 27.8620837], [85.2998077, 27.8620041], [85.2999262, 27.8619609], [85.3000603, 27.8619179], [85.3001482, 27.8619113], [85.3002189, 27.8619522], [85.300331, 27.8620062], [85.3003992, 27.8620212], [85.3005798, 27.8620515], [85.3008305, 27.8620943], [85.3009867, 27.8621353], [85.3010131, 27.8621701], [85.3011075, 27.8621573], [85.3011651, 27.862163], [85.3012643, 27.862238], [85.3013908, 27.8623144], [85.301474, 27.8623299], [85.301586, 27.8623342], [85.3016804, 27.8622931], [85.30189, 27.8622436], [85.3020517, 27.8622408], [85.3021933, 27.8622731], [85.3022623, 27.8622791], [85.3024536, 27.8622791], [85.3025407, 27.8622971], [85.3027265, 27.862349], [85.3028781, 27.862382], [85.3029687, 27.862453], [85.3030501, 27.862482], [85.3031381, 27.8625425], [85.3032269, 27.8625885], [85.3033093, 27.8627201], [85.3033493, 27.8627441], [85.3035045, 27.8627742], [85.3036426, 27.8627962], [85.3037953, 27.8628002], [85.303896, 27.8627946], [85.3040442, 27.8628066], [85.3041031, 27.8628407], [85.3041443, 27.8629407], [85.3041923, 27.8630143], [85.3042355, 27.8630475], [85.3043019, 27.8631055], [85.3043171, 27.863164], [85.304314, 27.863259], [85.304314, 27.863328], [85.3043536, 27.863383], [85.3044, 27.8634441]]}}, {"type": "Feature", "properties": {"osm_id": 340503483, "status": "affected", "confidence": "high", "flooded_fraction": 1.0, "highway": "unclassified", "name": null, "length_km": 0.016778, "flooded_length_km": 0.016778, "flood_probability": 0.9983}, "geometry": {"type": "LineString", "coordinates": [[85.1640549, 27.9551629], [85.1642206, 27.9551986]]}}, {"type": "Feature", "properties": {"osm_id": 341174341, "status": "possibly_affected", "confidence": "medium", "flooded_fraction": 0.1471, "highway": "unclassified", "name": null, "length_km": 0.649696, "flooded_length_km": 0.095543, "flood_probability": 0.1026}, "geometry": {"type": "LineString", "coordinates": [[85.1634916, 27.9562868], [85.1634045, 27.9563231], [85.1633575, 27.9564093], [85.1633656, 27.9564937], [85.1634409, 27.9566075], [85.1639946, 27.9568716], [85.1645032, 27.9571174], [85.1647912, 27.9572459], [85.1650728, 27.9573905], [85.1651928, 27.9574858], [85.16525, 27.9575984], [85.1652418, 27.957842], [85.1651707, 27.9580003], [85.1650079, 27.9580927], [85.1648918, 27.9581118], [85.1647739, 27.9580999], [85.1644103, 27.9580147], [85.164049, 27.9579168], [85.1631207, 27.9574756], [85.1630062, 27.9574283], [85.1629149, 27.9573506], [85.1628115, 27.9571367], [85.1627393, 27.9569059], [85.1627272, 27.9567472], [85.1626838, 27.9566507], [85.1625676, 27.9565873], [85.1624888, 27.95659]]}}, {"type": "Feature", "properties": {"osm_id": 443690834, "status": "affected", "confidence": "high", "flooded_fraction": 0.5, "highway": "path", "name": null, "length_km": 0.081759, "flooded_length_km": 0.04088, "flood_probability": 0.2688}, "geometry": {"type": "LineString", "coordinates": [[85.1815241, 28.0189988], [85.1814437, 28.0190035], [85.18139, 28.0189869], [85.1813686, 28.0190438], [85.1813927, 28.0190959], [85.1814195, 28.0190722], [85.1814893, 28.0190817], [85.1814866, 28.0191243], [85.181449, 28.0191574], [85.1815697, 28.0192995], [85.1815891, 28.0193791], [85.1816019, 28.0194321]]}}, {"type": "Feature", "properties": {"osm_id": 342323739, "status": "affected", "confidence": "high", "flooded_fraction": 0.6667, "highway": "path", "name": null, "length_km": 0.154711, "flooded_length_km": 0.10314, "flood_probability": 0.5286}, "geometry": {"type": "LineString", "coordinates": [[85.2438744, 27.9050675], [85.2439664, 27.9048989], [85.2440277, 27.9047906], [85.2440706, 27.9046626], [85.2441189, 27.9045417], [85.2441537, 27.9043734], [85.2441618, 27.9042502], [85.2440988, 27.9041907], [85.243973, 27.9041439], [85.2438472, 27.9040736], [85.2437114, 27.9040239], [85.2436385, 27.9040122]]}}, {"type": "Feature", "properties": {"osm_id": 342207736, "status": "affected", "confidence": "medium", "flooded_fraction": 0.4375, "highway": "path", "name": null, "length_km": 0.605872, "flooded_length_km": 0.265069, "flood_probability": 0.2964}, "geometry": {"type": "LineString", "coordinates": [[85.2335545, 27.9018579], [85.2337073, 27.9019513], [85.2341633, 27.9021148], [85.2350136, 27.9023945], [85.2356964, 27.9025691], [85.2365129, 27.9026837], [85.2373283, 27.9027951], [85.237691, 27.9029053], [85.2395044, 27.9030869]]}}, {"type": "Feature", "properties": {"osm_id": 342228600, "status": "affected", "confidence": "high", "flooded_fraction": 0.6667, "highway": "path", "name": null, "length_km": 0.146221, "flooded_length_km": 0.097481, "flood_probability": 0.4436}, "geometry": {"type": "LineString", "coordinates": [[85.1893726, 27.895428], [85.1892709, 27.8954295], [85.188964, 27.8955321], [85.1884755, 27.8956032], [85.1879572, 27.8957928]]}}, {"type": "Feature", "properties": {"osm_id": 341859279, "status": "possibly_affected", "confidence": "low", "flooded_fraction": 0.0833, "highway": "path", "name": null, "length_km": 0.216681, "flooded_length_km": 0.018057, "flood_probability": 0.0598}, "geometry": {"type": "LineString", "coordinates": [[85.2913629, 27.8606004], [85.2914861, 27.8606059], [85.2916349, 27.8606426], [85.2916874, 27.8606632], [85.2917602, 27.8606786], [85.2918477, 27.8607173], [85.2919235, 27.8607328], [85.2919264, 27.8607843], [85.2918914, 27.8608075], [85.2919351, 27.8608693], [85.2919993, 27.8608874], [85.2921683, 27.8610136], [85.2922091, 27.8610858], [85.2922412, 27.8610652], [85.2922937, 27.861127], [85.2923944, 27.861107], [85.2924192, 27.861138], [85.2924627, 27.8612353], [85.2925443, 27.8613126], [85.2926143, 27.8613358], [85.2926842, 27.8614131], [85.2927863, 27.8614981], [85.2929058, 27.8616579]]}}, {"type": "Feature", "properties": {"osm_id": 341867684, "status": "affected", "confidence": "high", "flooded_fraction": 0.5, "highway": "path", "name": null, "length_km": 0.097956, "flooded_length_km": 0.048978, "flood_probability": 0.3195}, "geometry": {"type": "LineString", "coordinates": [[85.1571894, 27.9402827], [85.1572494, 27.9402597], [85.1572964, 27.9402113], [85.1573407, 27.9401813], [85.1573929, 27.9401191], [85.1574164, 27.9400569], [85.157466, 27.94002], [85.1575155, 27.9399831], [85.1575886, 27.9399301], [85.1576382, 27.9398541], [85.1576773, 27.9397918], [85.1577086, 27.9397273], [85.1577921, 27.9396812], [85.1578364, 27.9396443]]}}, {"type": "Feature", "properties": {"osm_id": 281810148, "status": "affected", "confidence": "high", "flooded_fraction": 1.0, "highway": "path", "name": "Tupche Aama ko pool", "length_km": 0.064957, "flooded_length_km": 0.064957, "flood_probability": 0.9754}, "geometry": {"type": "LineString", "coordinates": [[85.1732285, 27.9641981], [85.173644, 27.9637426]]}}, {"type": "Feature", "properties": {"osm_id": 342165672, "status": "possibly_affected", "confidence": "low", "flooded_fraction": 0.0909, "highway": "unclassified", "name": null, "length_km": 0.197982, "flooded_length_km": 0.017998, "flood_probability": 0.0616}, "geometry": {"type": "LineString", "coordinates": [[85.1559464, 27.8675258], [85.1558643, 27.8674345], [85.1558274, 27.8673556], [85.155889, 27.8672523], [85.1559843, 27.8671734], [85.1561259, 27.8671081], [85.1562605, 27.8670825], [85.1564081, 27.8670758], [85.1565197, 27.8670775], [85.1565954, 27.8670172], [85.1566805, 27.8669068], [85.1567411, 27.8668349], [85.1569535, 27.8667572], [85.1570981, 27.8667028], [85.1573067, 27.8666297]]}}, {"type": "Feature", "properties": {"osm_id": 340760185, "status": "possibly_affected", "confidence": "low", "flooded_fraction": 0.2083, "highway": "residential", "name": null, "length_km": 0.455571, "flooded_length_km": 0.094911, "flood_probability": 0.1264}, "geometry": {"type": "LineString", "coordinates": [[85.2333615, 27.8988609], [85.2334995, 27.8991206], [85.2335915, 27.8993207], [85.2336301, 27.8995808], [85.2336835, 27.8997618], [85.2338747, 27.8999432], [85.2340516, 27.9000777], [85.2341967, 27.9002904], [85.2341613, 27.9004217], [85.23414, 27.9005789], [85.2340749, 27.9008663], [85.2339204, 27.9013693], [85.2337497, 27.9016927], [85.2335545, 27.9018579], [85.233522, 27.9021597], [85.2331628, 27.9024719]]}}, {"type": "Feature", "properties": {"osm_id": 342123063, "status": "possibly_affected", "confidence": "low", "flooded_fraction": 0.0663, "highway": "unclassified", "name": null, "length_km": 3.287997, "flooded_length_km": 0.217879, "flood_probability": 0.0418}, "geometry": {"type": "LineString", "coordinates": [[85.2323547, 27.8960659], [85.2325681, 27.8964504], [85.2325708, 27.8964813], [85.2324769, 27.8966627], [85.2322709, 27.8968455], [85.2320068, 27.8970328], [85.2317432, 27.8971977], [85.231547, 27.8973385], [85.2315013, 27.897433], [85.2315214, 27.8976529], [85.2315492, 27.8977539], [85.2315877, 27.8978933], [85.2312012, 27.8981003], [85.2311563, 27.8981307], [85.2308189, 27.8984141], [85.2301417, 27.8994897], [85.230127, 27.9006065], [85.2297674, 27.9013628], [85.2298129, 27.9014633], [85.2300241, 27.9015977], [85.2302681, 27.901753], [85.2308143, 27.9018093], [85.2315563, 27.9022035], [85.232239, 27.9024127], [85.2329903, 27.9023599], [85.2331628, 27.9024719], [85.2334999, 27.9026508], [85.2337602, 27.902843], [85.2338007, 27.9028729], [85.2345082, 27.9033849], [85.2353419, 27.9037584], [85.2354955, 27.9038276], [85.236169, 27.9040818], [85.2370118, 27.9043856], [85.2372492, 27.9044977], [85.2377268, 27.9045768], [85.2383738, 27.9045881], [85.2389789, 27.9046109], [85.2391965, 27.904643], [85.2393392, 27.9046839], [85.2395361, 27.904754], [85.2396718, 27.9047527], [85.2399319, 27.904774], [85.2401787, 27.9048025], [85.2404469, 27.9048688], [85.2408224, 27.9050016], [85.2410048, 27.9050347], [85.2412087, 27.9050585], [85.2414715, 27.9050347], [85.241906, 27.9049305], [85.2421582, 27.9048641], [85.2424425, 27.9048072], [85.2426463, 27.9048167], [85.2428287, 27.9048167], [85.2429789, 27.9049068], [85.2432257, 27.9049447], [85.2433812, 27.9050347], [85.2435744, 27.9050916], [85.2436924, 27.905177], [85.2438426, 27.9052576], [85.2439552, 27.9053097], [85.2441001, 27.9053761], [85.24432, 27.9055562], [85.2445292, 27.9056226], [85.2448243, 27.9056653], [85.2450281, 27.9057364], [85.2451965, 27.9058581], [85.245468, 27.9060066], [85.2457148, 27.9059971], [85.2457523, 27.9061014], [85.2458703, 27.906182], [85.2462566, 27.9062815], [85.2465463, 27.9064095], [85.2468359, 27.9065375], [85.2470934, 27.9066015], [85.2472852, 27.9066703], [85.2475762, 27.9067722], [85.2478954, 27.9068717], [85.2481468, 27.9069515], [85.2484774, 27.9069666], [85.2488047, 27.9069903], [85.2490246, 27.9069997], [85.2492016, 27.9069523], [85.2494216, 27.9069239], [85.2495771, 27.9069523], [85.2497917, 27.906976], [85.2500814, 27.9069666], [85.2502477, 27.9069523], [85.250414, 27.9069571], [85.2507144, 27.9069334], [85.250929, 27.9068765], [85.2510953, 27.906867], [85.2512991, 27.9068812], [85.2514976, 27.9068954], [85.2517068, 27.9069049], [85.2519429, 27.9069049], [85.2520676, 27.906905], [85.2523143, 27.9069097], [85.2525678, 27.9069369], [85.2528535, 27.9069038], [85.2531311, 27.9069926], [85.2532652, 27.9070234], [85.253575, 27.9070566], [85.2541861, 27.907005]]}}, {"type": "Feature", "properties": {"osm_id": 343553907, "status": "possibly_affected", "confidence": "low", "flooded_fraction": 0.0769, "highway": "track", "name": null, "length_km": 0.233548, "flooded_length_km": 0.017965, "flood_probability": 0.0464}, "geometry": {"type": "LineString", "coordinates": [[85.1583805, 27.9444393], [85.1583433, 27.944476], [85.1576465, 27.9440071], [85.1574206, 27.9438551], [85.1571298, 27.9432623], [85.1569973, 27.9428974]]}}, {"type": "Feature", "properties": {"osm_id": 345313941, "status": "affected", "confidence": "high", "flooded_fraction": 0.9048, "highway": "primary", "name": "Pasang Lhamu Highway", "length_km": 0.390029, "flooded_length_km": 0.352884, "flood_probability": 0.8506}, "geometry": {"type": "LineString", "coordinates": [[85.1848611, 27.9705325], [85.1848665, 27.9705501], [85.1850635, 27.9711128], [85.1852607, 27.9716436], [85.1852717, 27.9716704], [85.185357, 27.971883], [85.18546, 27.9721694], [85.1855365, 27.9723799], [85.1856682, 27.9727902], [85.1856836, 27.9728983], [85.1856883, 27.9729353], [85.1858642, 27.9734484], [85.1859169, 27.973602], [85.1858962, 27.9737114], [85.185882, 27.9739074]]}}, {"type": "Feature", "properties": {"osm_id": 886486192, "status": "possibly_affected", "confidence": "low", "flooded_fraction": 0.2105, "highway": "track", "name": null, "length_km": 0.34469, "flooded_length_km": 0.072566, "flood_probability": 0.1292}, "geometry": {"type": "LineString", "coordinates": [[85.1835191, 28.0201714], [85.183721, 28.0200672], [85.1837698, 28.0199273], [85.1836153, 28.0197119], [85.1837739, 28.0195109], [85.184339, 28.019353], [85.1847862, 28.0194858], [85.1850017, 28.0195181], [85.1853704, 28.0196524], [85.1857808, 28.0198134], [85.1859686, 28.0200029], [85.1860815, 28.0200563]]}}, {"type": "Feature", "properties": {"osm_id": 27033237, "status": "possibly_affected", "confidence": "medium", "flooded_fraction": 0.1385, "highway": "primary", "name": "Pasang Lhamu Highway", "length_km": 1.272007, "flooded_length_km": 0.176124, "flood_probability": 0.1168}, "geometry": {"type": "LineString", "coordinates": [[85.1536115, 27.923276], [85.1536965, 27.9232302], [85.1538149, 27.923179], [85.153903, 27.9232462], [85.1539389, 27.9233105], [85.1539458, 27.9234019], [85.1538999, 27.9234796], [85.153723, 27.9237416], [85.1536696, 27.923834], [85.153677, 27.9239162], [85.1537159, 27.9239822], [85.1537827, 27.9240377], [85.1540204, 27.924137], [85.1541302, 27.9242003], [85.1541812, 27.9242733], [85.1541894, 27.9243741], [85.1541748, 27.9244695], [85.1541409, 27.9245158], [85.1540585, 27.9245692], [85.1539621, 27.9245961], [85.1539333, 27.9245926], [85.1538867, 27.924587], [85.153399, 27.9243743], [85.1532057, 27.9243331], [85.1530304, 27.9243522], [85.1529009, 27.9243989], [85.1527916, 27.924488], [85.1527145, 27.9245985], [85.1526773, 27.9247284], [85.1529064, 27.9257598], [85.1529385, 27.926561], [85.1528263, 27.927202], [85.1527696, 27.9274962], [85.1526423, 27.9277545], [85.1525766, 27.9278379], [85.151961, 27.9283237], [85.1519237, 27.9284467], [85.1518969, 27.9286121], [85.1520942, 27.928911], [85.1524607, 27.9291956], [85.1525683, 27.9297052], [85.1525514, 27.9298816], [85.1525814, 27.9299843], [85.1526225, 27.9300555], [85.1526687, 27.930098], [85.1535474, 27.9305511], [85.1538452, 27.9306037], [85.1542525, 27.9306633], [85.1548193, 27.9308323]]}}, {"type": "Feature", "properties": {"osm_id": 343553908, "status": "affected", "confidence": "high", "flooded_fraction": 1.0, "highway": "track", "name": null, "length_km": 0.01008, "flooded_length_km": 0.01008, "flood_probability": 0.5586}, "geometry": {"type": "LineString", "coordinates": [[85.1584489, 27.9443716], [85.1583805, 27.9444393]]}}, {"type": "Feature", "properties": {"osm_id": 1434607566, "status": "affected", "confidence": "high", "flooded_fraction": 1.0, "highway": "residential", "name": null, "length_km": 0.175096, "flooded_length_km": 0.175096, "flood_probability": 0.9088}, "geometry": {"type": "LineString", "coordinates": [[85.1851827, 27.9724803], [85.1851089, 27.9725403], [85.1850982, 27.9726043], [85.1851371, 27.9727274], [85.1852149, 27.9729738], [85.1853061, 27.973251], [85.1853906, 27.9734345], [85.1854536, 27.9735376], [85.1855099, 27.9735838], [85.185589, 27.9736193], [85.1856655, 27.9736134], [85.1859169, 27.973602]]}}, {"type": "Feature", "properties": {"osm_id": 345313942, "status": "affected", "confidence": "high", "flooded_fraction": 1.0, "highway": "primary", "name": "Pasang Lhamu Highway", "length_km": 0.025385, "flooded_length_km": 0.025385, "flood_probability": 0.7005}, "geometry": {"type": "LineString", "coordinates": [[85.1847908, 27.9703121], [85.1848611, 27.9705325]]}}, {"type": "Feature", "properties": {"osm_id": 341867681, "status": "possibly_affected", "confidence": "medium", "flooded_fraction": 0.1818, "highway": "unclassified", "name": null, "length_km": 0.849039, "flooded_length_km": 0.154371, "flood_probability": 0.1269}, "geometry": {"type": "LineString", "coordinates": [[85.1520296, 27.9361604], [85.1523136, 27.9362688], [85.1523178, 27.9362688], [85.1524833, 27.9363025], [85.1525937, 27.9363625], [85.1526998, 27.93643], [85.152861, 27.936475], [85.1529502, 27.9365275], [85.1530902, 27.9366212], [85.1531836, 27.9367], [85.1532642, 27.9367337], [85.1533873, 27.9368125], [85.1534637, 27.9369212], [85.1535571, 27.9370862], [85.1537098, 27.9371799], [85.1538796, 27.9373074], [85.1540578, 27.9374798], [85.1541682, 27.9375436], [85.1542743, 27.9375698], [85.1543889, 27.9376486], [85.154495, 27.9377273], [85.1545799, 27.9378098], [85.1547029, 27.937926], [85.1548642, 27.938046], [85.1549745, 27.938106], [85.1550806, 27.9382185], [85.1552207, 27.9383047], [85.1553013, 27.9383647], [85.1554541, 27.9384697], [85.1555687, 27.9385484], [85.1556663, 27.9386571], [85.1557554, 27.9387246], [85.1558531, 27.9388296], [85.1559549, 27.9389196], [85.1560525, 27.9390133], [85.1562053, 27.9391697], [85.156327, 27.9393045], [85.1564051, 27.9394297], [85.1564978, 27.9395164], [85.156545, 27.9395614], [85.1566263, 27.9396203], [85.1567198, 27.9396881], [85.1568451, 27.9397596], [85.1569338, 27.9398471], [85.1569912, 27.9399416], [85.157072, 27.94005], [85.1571346, 27.9401491], [85.1571894, 27.9402827], [85.1572239, 27.9403836], [85.1572312, 27.9404049], [85.1572364, 27.9405616], [85.1572364, 27.9405639], [85.1571946, 27.9408797], [85.1571764, 27.940988], [85.1571477, 27.9410963], [85.1570851, 27.9411793], [85.1569859, 27.9412231], [85.1568946, 27.9412577], [85.1568346, 27.9413199], [85.1567668, 27.9413775], [85.1567019, 27.9414224]]}}, {"type": "Feature", "properties": {"osm_id": 886461640, "status": "affected", "confidence": "high", "flooded_fraction": 0.5, "highway": "path", "name": null, "length_km": 0.325247, "flooded_length_km": 0.162624, "flood_probability": 0.3913}, "geometry": {"type": "LineString", "coordinates": [[85.1856057, 28.0246661], [85.1861081, 28.024646], [85.1863414, 28.0246673], [85.1866257, 28.0247952], [85.1869395, 28.024923], [85.1872265, 28.0251196], [85.187307, 28.0252806], [85.1873606, 28.0255387], [85.1873928, 28.0258559], [85.1875457, 28.0259506], [85.1879856, 28.0261685]]}}, {"type": "Feature", "properties": {"osm_id": 341587490, "status": "affected", "confidence": "high", "flooded_fraction": 1.0, "highway": "service", "name": null, "length_km": 0.067356, "flooded_length_km": 0.067356, "flood_probability": 0.8348}, "geometry": {"type": "LineString", "coordinates": [[85.1706307, 27.9636381], [85.1702496, 27.963347], [85.170068, 27.963355]]}}, {"type": "Feature", "properties": {"osm_id": 343303369, "status": "affected", "confidence": "medium", "flooded_fraction": 0.4, "highway": "path", "name": null, "length_km": 0.072719, "flooded_length_km": 0.029088, "flood_probability": 0.3672}, "geometry": {"type": "LineString", "coordinates": [[85.1797873, 27.9821684], [85.1797873, 27.9815122]]}}, {"type": "Feature", "properties": {"osm_id": 264573590, "status": "affected", "confidence": "high", "flooded_fraction": 0.6667, "highway": "track", "name": null, "length_km": 0.084502, "flooded_length_km": 0.056335, "flood_probability": 0.4948}, "geometry": {"type": "LineString", "coordinates": [[85.1501744, 27.9269408], [85.1502214, 27.9268139], [85.1502522, 27.9265095], [85.1502442, 27.9264527], [85.1502254, 27.92641], [85.1501691, 27.9263768], [85.1500055, 27.9263247], [85.15, 27.926321526580224]]}}, {"type": "Feature", "properties": {"osm_id": 341268018, "status": "affected", "confidence": "high", "flooded_fraction": 1.0, "highway": "path", "name": null, "length_km": 0.057224, "flooded_length_km": 0.057224, "flood_probability": 0.9863}, "geometry": {"type": "LineString", "coordinates": [[85.15, 27.92291592146517], [85.1500417, 27.9229391], [85.1500808, 27.9229623], [85.1501121, 27.9229809], [85.1501952, 27.923047], [85.1502811, 27.9231302], [85.1503476, 27.9231718], [85.1504058, 27.9231988], [85.1504612, 27.9232232]]}}, {"type": "Feature", "properties": {"osm_id": 341587474, "status": "affected", "confidence": "high", "flooded_fraction": 0.5294, "highway": "track", "name": null, "length_km": 0.30342, "flooded_length_km": 0.160634, "flood_probability": 0.4221}, "geometry": {"type": "LineString", "coordinates": [[85.1696032, 27.9594906], [85.1694168, 27.9596477], [85.1691356, 27.9597706], [85.1690545, 27.9598128], [85.1689661, 27.9598538], [85.1689342, 27.9598871], [85.1689182, 27.9599319], [85.1689124, 27.9599946], [85.1689197, 27.9605808], [85.1690987, 27.9607845], [85.1693344, 27.9609855], [85.1696336, 27.9612081], [85.169777, 27.9612842], [85.1698672, 27.9614199], [85.1699799, 27.9614835]]}}, {"type": "Feature", "properties": {"osm_id": 298744773, "status": "affected", "confidence": "high", "flooded_fraction": 0.75, "highway": "unclassified", "name": null, "length_km": 0.048152, "flooded_length_km": 0.036114, "flood_probability": 0.4933}, "geometry": {"type": "LineString", "coordinates": [[85.1852005, 27.995359], [85.1848082, 27.9956189]]}}, {"type": "Feature", "properties": {"osm_id": 343303367, "status": "possibly_affected", "confidence": "low", "flooded_fraction": 0.0833, "highway": "path", "name": null, "length_km": 0.219808, "flooded_length_km": 0.018317, "flood_probability": 0.0035}, "geometry": {"type": "LineString", "coordinates": [[85.17887, 27.9838307], [85.1788861, 27.9837861], [85.1789612, 27.9837127], [85.1790283, 27.9836203], [85.1790819, 27.9834995], [85.1790953, 27.9833456], [85.1793153, 27.9829713], [85.1795292, 27.9828379], [85.1795352, 27.9828298], [85.1797364, 27.9826468], [85.1798329, 27.9825308], [85.1798303, 27.9823863], [85.1797766, 27.9823271], [85.1797873, 27.9821684]]}}, {"type": "Feature", "properties": {"osm_id": 341587491, "status": "affected", "confidence": "high", "flooded_fraction": 0.7895, "highway": "service", "name": null, "length_km": 0.352205, "flooded_length_km": 0.278057, "flood_probability": 0.6431}, "geometry": {"type": "LineString", "coordinates": [[85.1707299, 27.9641383], [85.1708155, 27.964139], [85.1709515, 27.964223], [85.1710455, 27.9642605], [85.1711717, 27.9643048], [85.171294, 27.9643253], [85.171473, 27.9643401], [85.1715824, 27.9643424], [85.1716635, 27.9643571], [85.1718618, 27.9644015], [85.1719842, 27.9644242], [85.1720231, 27.9643534], [85.1720682, 27.9643618], [85.1721023, 27.9643186], [85.1721392, 27.9642692], [85.1721654, 27.9642429], [85.1722021, 27.9642011], [85.1722304, 27.9641757], [85.1722389, 27.9641425], [85.1722648, 27.9641172], [85.1722404, 27.9640922], [85.1722108, 27.9640615], [85.1721644, 27.9640274], [85.1721052, 27.9640023], [85.1720627, 27.9639966], [85.1720099, 27.9639944], [85.1719533, 27.963991], [85.1719056, 27.9639875], [85.1718477, 27.963991], [85.1717907, 27.9639929], [85.1716897, 27.9639891], [85.1715862, 27.9639836], [85.1714805, 27.9639759], [85.1713942, 27.96396], [85.1711457, 27.9639088], [85.1710453, 27.9638826], [85.1709732, 27.9638576], [85.1707659, 27.9637541], [85.1706976, 27.9636996], [85.1706307, 27.9636381]]}}, {"type": "Feature", "properties": {"osm_id": 341587488, "status": "affected", "confidence": "high", "flooded_fraction": 0.6667, "highway": "path", "name": null, "length_km": 0.029405, "flooded_length_km": 0.019603, "flood_probability": 0.5163}, "geometry": {"type": "LineString", "coordinates": [[85.1739, 27.9636064], [85.1738326, 27.9636353], [85.173644, 27.9637426]]}}, {"type": "Feature", "properties": {"osm_id": 379104231, "status": "affected", "confidence": "high", "flooded_fraction": 0.5, "highway": "primary", "name": "Pasang Lhamu Highway", "length_km": 0.013769, "flooded_length_km": 0.006885, "flood_probability": 0.7944}, "geometry": {"type": "LineString", "coordinates": [[85.1548193, 27.9308323], [85.1549519, 27.9308719]]}}, {"type": "Feature", "properties": {"osm_id": 859950273, "status": "affected", "confidence": "high", "flooded_fraction": 0.6, "highway": "unclassified", "name": null, "length_km": 0.073955, "flooded_length_km": 0.044373, "flood_probability": 0.3242}, "geometry": {"type": "LineString", "coordinates": [[85.1593539, 27.9552073], [85.1593436, 27.9551083], [85.159343, 27.9550532], [85.1594093, 27.9549756], [85.1594865, 27.9549164], [85.1595998, 27.954885], [85.1596715, 27.9548654], [85.1597332, 27.9548234], [85.1597775, 27.9547494]]}}, {"type": "Feature", "properties": {"osm_id": 264564366, "status": "affected", "confidence": "low", "flooded_fraction": 0.2778, "highway": "track", "name": null, "length_km": 0.320309, "flooded_length_km": 0.088975, "flood_probability": 0.2249}, "geometry": {"type": "LineString", "coordinates": [[85.1502749, 27.9316532], [85.150342, 27.9315442], [85.1504815, 27.9313547], [85.1506612, 27.9311864], [85.1507551, 27.9311129], [85.1508865, 27.931011], [85.150975, 27.9309234], [85.1510394, 27.9308357], [85.1511011, 27.9307148], [85.1516402, 27.9301614], [85.1516577, 27.9301295], [85.1517099, 27.9301176], [85.1517602, 27.930091], [85.1520371, 27.9300015], [85.1523402, 27.9298475], [85.1525683, 27.9297052]]}}, {"type": "Feature", "properties": {"osm_id": 340503487, "status": "affected", "confidence": "high", "flooded_fraction": 1.0, "highway": "unclassified", "name": null, "length_km": 0.020094, "flooded_length_km": 0.020094, "flood_probability": 0.8357}, "geometry": {"type": "LineString", "coordinates": [[85.1638814, 27.9486223], [85.1638597, 27.9488026]]}}, {"type": "Feature", "properties": {"osm_id": 340620350, "status": "affected", "confidence": "medium", "flooded_fraction": 0.3913, "highway": "track", "name": null, "length_km": 0.421673, "flooded_length_km": 0.165002, "flood_probability": 0.3525}, "geometry": {"type": "LineString", "coordinates": [[85.1585856, 27.9386779], [85.1585482, 27.9387218], [85.1584891, 27.9387289], [85.158402, 27.9386945], [85.1583188, 27.9386246], [85.1582317, 27.9385192], [85.1580533, 27.9382728], [85.1579205, 27.9380204], [85.1577086, 27.9377195], [85.1576456, 27.9375998], [85.1575973, 27.9374659], [85.1574981, 27.9372313], [85.1574605, 27.9370169], [85.1574243, 27.9369079], [85.1573633, 27.9366956], [85.1572701, 27.9363711], [85.15725, 27.9361804], [85.157203, 27.9360536], [85.1571279, 27.9359126], [85.156857, 27.9354019]]}}, {"type": "Feature", "properties": {"osm_id": 341462137, "status": "affected", "confidence": "high", "flooded_fraction": 1.0, "highway": "unclassified", "name": null, "length_km": 0.049112, "flooded_length_km": 0.049112, "flood_probability": 0.9795}, "geometry": {"type": "LineString", "coordinates": [[85.1855365, 27.9723799], [85.1852346, 27.9724756], [85.1851827, 27.9724803], [85.1851358, 27.9724554], [85.1851236, 27.972432], [85.1850809, 27.9724338]]}}, {"type": "Feature", "properties": {"osm_id": 341322915, "status": "affected", "confidence": "medium", "flooded_fraction": 0.3208, "highway": "track", "name": null, "length_km": 1.020901, "flooded_length_km": 0.327459, "flood_probability": 0.2072}, "geometry": {"type": "LineString", "coordinates": [[85.171441, 27.893243], [85.1714423, 27.8931532], [85.1713869, 27.8929596], [85.1712674, 27.8927303], [85.1710706, 27.8926023], [85.1709318, 27.892532], [85.170603, 27.8924101], [85.170385, 27.8922477], [85.1702062, 27.8921959], [85.1700964, 27.8921722], [85.1699678, 27.8921036], [85.1692716, 27.8915593], [85.1691329, 27.8914688], [85.1689724, 27.8914169], [85.1687254, 27.8913705], [85.1684351, 27.8913842], [85.1683746, 27.8913688], [85.1680924, 27.8912968], [85.1678979, 27.8913323], [85.167759, 27.8913241], [85.1676046, 27.8912996], [85.1674348, 27.8913159], [85.1672248, 27.8913159], [85.1670149, 27.891305], [85.1668244, 27.8912669], [85.1666886, 27.891226], [85.1663613, 27.8911168], [85.1662267, 27.8910622], [85.1660849, 27.8909613], [85.1658981, 27.8908985], [85.1657638, 27.8907471], [85.1656206, 27.8906054], [85.1654558, 27.8905317], [85.1652474, 27.8904597], [85.1650945, 27.8903808], [85.1649139, 27.890358], [85.1647451, 27.8903475], [85.1644891, 27.8902632], [85.1641834, 27.8901492], [85.1640126, 27.8901597], [85.1637387, 27.8902159], [85.1635144, 27.8902843], [85.1633853, 27.8903299], [85.1632186, 27.8903527], [85.1630479, 27.8904036], [85.1628315, 27.890444], [85.1624146, 27.8904808]]}}, {"type": "Feature", "properties": {"osm_id": 340762298, "status": "affected", "confidence": "medium", "flooded_fraction": 0.4118, "highway": "path", "name": null, "length_km": 0.311272, "flooded_length_km": 0.128171, "flood_probability": 0.2207}, "geometry": {"type": "LineString", "coordinates": [[85.2428717, 27.9013041], [85.2430343, 27.901491], [85.243262, 27.901879], [85.2433758, 27.9022455], [85.243475, 27.9024702], [85.2435059, 27.9025401], [85.2434978, 27.9028275], [85.2434652, 27.9033305], [85.2433677, 27.9037616], [85.2433107, 27.9039628]]}}, {"type": "Feature", "properties": {"osm_id": 890523200, "status": "affected", "confidence": "low", "flooded_fraction": 0.2727, "highway": "path", "name": null, "length_km": 0.415214, "flooded_length_km": 0.11324, "flood_probability": 0.182}, "geometry": {"type": "LineString", "coordinates": [[85.2434652, 27.9033305], [85.2445051, 27.9036498], [85.2448404, 27.9038015], [85.2452588, 27.9038869], [85.2453417, 27.9039078], [85.2458221, 27.9040291], [85.246152, 27.9041097], [85.2464121, 27.9041811], [85.246506, 27.9042069], [85.2474839, 27.9044437]]}}, {"type": "Feature", "properties": {"osm_id": 340493984, "status": "possibly_affected", "confidence": "low", "flooded_fraction": 0.2308, "highway": "track", "name": null, "length_km": 0.222786, "flooded_length_km": 0.051412, "flood_probability": 0.1615}, "geometry": {"type": "LineString", "coordinates": [[85.2847063, 27.9141718], [85.2848293, 27.9142805], [85.285309, 27.9144233], [85.2859402, 27.914575], [85.2860632, 27.9143191], [85.2861061, 27.9142758], [85.2862492, 27.9141314], [85.2863874, 27.9138601]]}}, {"type": "Feature", "properties": {"osm_id": 341859275, "status": "possibly_affected", "confidence": "medium", "flooded_fraction": 0.1765, "highway": "path", "name": null, "length_km": 0.318986, "flooded_length_km": 0.056292, "flood_probability": 0.1183}, "geometry": {"type": "LineString", "coordinates": [[85.2965943, 27.8652609], [85.2965914, 27.8654207], [85.2967197, 27.8656165], [85.2970112, 27.8658201], [85.2971394, 27.8660366], [85.2972123, 27.8663535], [85.2974192, 27.8665236], [85.2973726, 27.8666653], [85.2973872, 27.8667271], [85.2973493, 27.8668173], [85.2973143, 27.8671059], [85.2972443, 27.8671936], [85.2971831, 27.8672399], [85.2971278, 27.8673327], [85.2970636, 27.8674229], [85.2970199, 27.8675234], [85.2969412, 27.8675569], [85.2969033, 27.8677244]]}}, {"type": "Feature", "properties": {"osm_id": 1127429339, "status": "possibly_affected", "confidence": "low", "flooded_fraction": 0.0667, "highway": "secondary", "name": "Dupcheshwar Road", "length_km": 0.263499, "flooded_length_km": 0.017567, "flood_probability": 0.041}, "geometry": {"type": "LineString", "coordinates": [[85.2073679, 27.8999126], [85.2081146, 27.9002004], [85.2092146, 27.9006366], [85.2094001, 27.9007362], [85.2095127, 27.9008328], [85.2095589, 27.9008736], [85.209635, 27.9009346], [85.2096914, 27.90096], [85.2097423, 27.9009754]]}}, {"type": "Feature", "properties": {"osm_id": 340472691, "status": "possibly_affected", "confidence": "low", "flooded_fraction": 0.0769, "highway": "track", "name": null, "length_km": 1.017338, "flooded_length_km": 0.078257, "flood_probability": 0.0464}, "geometry": {"type": "LineString", "coordinates": [[85.1571979, 27.8917938], [85.1573186, 27.8918566], [85.1573789, 27.8918875], [85.1574674, 27.8919692], [85.1575546, 27.8921091], [85.1575801, 27.8922466], [85.1575921, 27.8924114], [85.1576082, 27.8925441], [85.1576217, 27.8926591], [85.1576686, 27.8927349], [85.1578403, 27.8928784], [85.1579891, 27.8929981], [85.1581353, 27.8931119], [85.1583552, 27.8931937], [85.1585631, 27.8932517], [85.1586986, 27.8932636], [85.158779, 27.8932589], [85.15894, 27.8932245], [85.1592243, 27.8931308], [85.1593329, 27.8931036], [85.1594241, 27.8931107], [85.1594898, 27.8931617], [85.1595609, 27.8933454], [85.159593, 27.8934745], [85.1596427, 27.8935469], [85.1597151, 27.8935796], [85.1598586, 27.8936069], [85.1600115, 27.8937136], [85.1601335, 27.8937953], [85.1603495, 27.8938664], [85.1606351, 27.8938831], [85.1607394, 27.8938865], [85.1608818, 27.8939269], [85.1609529, 27.8939732], [85.1610978, 27.8941514], [85.161256, 27.89426], [85.1614558, 27.8943229], [85.1616839, 27.8943489], [85.1619158, 27.8943275], [85.1620622, 27.8943103], [85.162148, 27.8943318], [85.1621895, 27.8943801], [85.162263, 27.8944235], [85.1625851, 27.8944607], [85.1626678, 27.8944958], [85.1627454, 27.8945497], [85.1629132, 27.8947102], [85.1631108, 27.894859], [85.1632289, 27.8950243], [85.1633351, 27.8951421], [85.163561, 27.8953128], [85.1639381, 27.8955002], [85.1641571, 27.8955343], [85.1645326, 27.8956161], [85.1648423, 27.8956461], [85.1650814, 27.895632], [85.1651935, 27.895582], [85.1652753, 27.8955749], [85.1653798, 27.8956084]]}}, {"type": "Feature", "properties": {"osm_id": 340724313, "status": "affected", "confidence": "low", "flooded_fraction": 0.2727, "highway": "path", "name": null, "length_km": 0.19582, "flooded_length_km": 0.053405, "flood_probability": 0.1858}, "geometry": {"type": "LineString", "coordinates": [[85.2103036, 27.9010436], [85.2105314, 27.9013094], [85.2107246, 27.9016175], [85.2109579, 27.9019162], [85.2110035, 27.9019755], [85.2108157, 27.9020726], [85.2106857, 27.9021485], [85.2104268, 27.9023618]]}}, {"type": "Feature", "properties": {"osm_id": 275692867, "status": "possibly_affected", "confidence": "medium", "flooded_fraction": 0.1129, "highway": "unclassified", "name": "budisera jane bato", "length_km": 1.202386, "flooded_length_km": 0.135753, "flood_probability": 0.0722}, "geometry": {"type": "LineString", "coordinates": [[85.3211133, 27.8546923], [85.3212296, 27.8548057], [85.321393, 27.8550937], [85.3214523, 27.8552386], [85.3214828, 27.8553934], [85.321451, 27.8554093], [85.3214071, 27.8554314], [85.3212852, 27.8554359], [85.3209106, 27.8552637], [85.3204977, 27.8550512], [85.3203975, 27.8550224], [85.3203125, 27.8550359], [85.3202095, 27.8551569], [85.3201148, 27.8552608], [85.3199965, 27.8552966], [85.3198747, 27.85527], [85.3196963, 27.8551236], [85.3196274, 27.8551248], [85.3195909, 27.8551888], [85.31959, 27.8552696], [85.3196818, 27.8554546], [85.3198818, 27.8557358], [85.3200189, 27.8558633], [85.3201203, 27.8558947], [85.3202236, 27.8558711], [85.3202564, 27.8558712], [85.3203285, 27.8559142], [85.3204177, 27.8559748], [85.320519, 27.8560521], [85.3206386, 27.8561296], [85.3207503, 27.8563652], [85.320796, 27.8569095], [85.3208003, 27.8570225], [85.3208193, 27.8571084], [85.3208174, 27.8571539], [85.3207674, 27.8571717], [85.3207158, 27.8571576], [85.3206516, 27.8569853], [85.3204651, 27.8567439], [85.3203253, 27.8566444], [85.3201411, 27.8566303], [85.3200129, 27.8566746], [85.3197313, 27.8567187], [85.319583, 27.8567834], [85.3194888, 27.856887], [85.3194141, 27.8569219], [85.3193107, 27.8569166], [85.319193, 27.8568515], [85.3190918, 27.856779], [85.3190424, 27.856766], [85.318959, 27.8567592], [85.3188837, 27.8567534], [85.318804, 27.8568196], [85.318821, 27.857017], [85.3188862, 27.8572678], [85.318947, 27.8574582], [85.3189808, 27.8576156], [85.3189567, 27.8577346], [85.3189336, 27.8577951], [85.3189111, 27.8578494], [85.3188477, 27.857898], [85.3185771, 27.8580129], [85.3184144, 27.8580989], [85.3183718, 27.8581422], [85.3183617, 27.8582269], [85.3184311, 27.8583166], [85.3184899, 27.8584504], [85.3186094, 27.8585364], [85.3186367, 27.8585644], [85.318634, 27.8585939], [85.3186079, 27.8586113], [85.3185719, 27.8586191], [85.3184311, 27.8586109], [85.3181036, 27.8584567], [85.3180235, 27.8583575], [85.3179936, 27.8583464], [85.31796, 27.8583662], [85.3179577, 27.8584032], [85.3180093, 27.8586188], [85.3180635, 27.8588134]]}}, {"type": "Feature", "properties": {"osm_id": 340519529, "status": "possibly_affected", "confidence": "low", "flooded_fraction": 0.0714, "highway": "path", "name": null, "length_km": 0.809305, "flooded_length_km": 0.057808, "flood_probability": 0.0433}, "geometry": {"type": "LineString", "coordinates": [[85.2807171, 27.9129126], [85.2807528, 27.9127854], [85.2807259, 27.9126167], [85.2798467, 27.9120609], [85.2798048, 27.9119125], [85.2796089, 27.9117848], [85.2795483, 27.9116859], [85.2796602, 27.911521], [85.2798281, 27.9113974], [85.2801032, 27.9112243], [85.2802711, 27.9110265], [85.2804204, 27.9108617], [85.280509, 27.9108163], [85.2807048, 27.9106103], [85.2807841, 27.9105526], [85.2810779, 27.9103754], [85.2813437, 27.9102806], [85.2814017, 27.9102657], [85.2814984, 27.9102409], [85.2816329, 27.9102064], [85.2818241, 27.9101405], [85.28195, 27.9100993], [85.2822298, 27.910157], [85.2825143, 27.910157], [85.2827614, 27.9101158], [85.2829993, 27.9099715], [85.2830972, 27.9098396], [85.2831191, 27.9097972], [85.2831718, 27.9096954], [85.2832931, 27.9096336], [85.2835636, 27.9096336], [85.2837641, 27.9094893], [85.283988, 27.9094935], [85.2842118, 27.9092668], [85.2843331, 27.9091638], [85.2844776, 27.9091267], [85.2845203, 27.9089858]]}}, {"type": "Feature", "properties": {"osm_id": 540060780, "status": "affected", "confidence": "high", "flooded_fraction": 0.5, "highway": "path", "name": null, "length_km": 0.041414, "flooded_length_km": 0.020707, "flood_probability": 0.3342}, "geometry": {"type": "LineString", "coordinates": [[85.2331952, 27.8973144], [85.233252, 27.8976847]]}}, {"type": "Feature", "properties": {"osm_id": 1020797716, "status": "affected", "confidence": "medium", "flooded_fraction": 0.4, "highway": "secondary", "name": "Dupcheshwar Road", "length_km": 0.17443, "flooded_length_km": 0.069772, "flood_probability": 0.2598}, "geometry": {"type": "LineString", "coordinates": [[85.2056612, 27.8996645], [85.2059598, 27.899645], [85.206397, 27.899619], [85.2065223, 27.8996237], [85.2066464, 27.899651], [85.2067389, 27.8996901], [85.2068164, 27.8997285], [85.2069079, 27.8997612], [85.207044, 27.8998021], [85.207215, 27.8998519], [85.2073679, 27.8999126]]}}, {"type": "Feature", "properties": {"osm_id": 443690833, "status": "affected", "confidence": "high", "flooded_fraction": 1.0, "highway": "path", "name": null, "length_km": 0.042375, "flooded_length_km": 0.042375, "flood_probability": 0.5648}, "geometry": {"type": "LineString", "coordinates": [[85.1815376, 28.0189277], [85.1815241, 28.0189988], [85.1815563, 28.0190367], [85.1816019, 28.0190319], [85.1816368, 28.0190059], [85.1816851, 28.0190509], [85.1817146, 28.0190817], [85.1817387, 28.019129], [85.1817629, 28.0191456]]}}, {"type": "Feature", "properties": {"osm_id": 340757914, "status": "affected", "confidence": "medium", "flooded_fraction": 0.3333, "highway": "unclassified", "name": null, "length_km": 0.150887, "flooded_length_km": 0.050296, "flood_probability": 0.1519}, "geometry": {"type": "LineString", "coordinates": [[85.2756437, 27.8708623], [85.2754022, 27.8707422], [85.2750423, 27.8705957], [85.2747986, 27.8705201], [85.2746745, 27.870467], [85.2746038, 27.8703962], [85.2745878, 27.8703207], [85.2746062, 27.8700806]]}}, {"type": "Feature", "properties": {"osm_id": 340727981, "status": "affected", "confidence": "low", "flooded_fraction": 0.2857, "highway": "path", "name": null, "length_km": 0.805736, "flooded_length_km": 0.23021, "flood_probability": 0.1961}, "geometry": {"type": "LineString", "coordinates": [[85.2315492, 27.8977539], [85.2313463, 27.8976873], [85.2311767, 27.8976449], [85.2309801, 27.897703], [85.2308204, 27.8977457], [85.2306815, 27.8978245], [85.2305189, 27.8978388], [85.23034, 27.8978891], [85.2301692, 27.8979323], [85.2299822, 27.897961], [85.229779, 27.897961], [85.2295919, 27.8979466], [85.2293318, 27.8979466], [85.2291366, 27.8979251], [85.2288114, 27.897882], [85.2286975, 27.8978317], [85.2286158, 27.8977738], [85.2283889, 27.8977088], [85.2282097, 27.8975802], [85.2278194, 27.8975083], [85.2275592, 27.897458], [85.2271364, 27.8974292], [85.2269006, 27.897458], [85.2267055, 27.897537], [85.2265259, 27.8975977], [85.2264615, 27.8976664], [85.2262257, 27.8977454], [85.2259249, 27.8977957], [85.2256591, 27.8977637], [85.2254098, 27.8977049], [85.2251038, 27.8976612], [85.2248344, 27.8976055], [85.2246134, 27.8976181], [85.2244344, 27.8976347], [85.2241686, 27.8977087], [85.2238678, 27.897767], [85.2237133, 27.8978173]]}}, {"type": "Feature", "properties": {"osm_id": 344864655, "status": "possibly_affected", "confidence": "medium", "flooded_fraction": 0.1429, "highway": "residential", "name": null, "length_km": 0.1011, "flooded_length_km": 0.014443, "flood_probability": 0.0837}, "geometry": {"type": "LineString", "coordinates": [[85.2538955, 27.9075698], [85.2537936, 27.9075176], [85.2536997, 27.9074726], [85.2536326, 27.9074157], [85.2534744, 27.9073399], [85.2533671, 27.9072711], [85.2532706, 27.9071811], [85.2531862, 27.9071035], [85.2531311, 27.9069926]]}}, {"type": "Feature", "properties": {"osm_id": 886361371, "status": "affected", "confidence": "high", "flooded_fraction": 0.6, "highway": "track", "name": null, "length_km": 0.077199, "flooded_length_km": 0.046319, "flood_probability": 0.4909}, "geometry": {"type": "LineString", "coordinates": [[85.1727728, 27.9625936], [85.1726588, 27.9626672], [85.172606, 27.9626726], [85.17248, 27.9626403], [85.1723499, 27.9627265], [85.1723173, 27.9628055], [85.1724271, 27.9629563]]}}, {"type": "Feature", "properties": {"osm_id": 340474167, "status": "affected", "confidence": "high", "flooded_fraction": 0.5, "highway": "path", "name": null, "length_km": 0.041653, "flooded_length_km": 0.020826, "flood_probability": 0.4572}, "geometry": {"type": "LineString", "coordinates": [[85.1833768, 28.0090056], [85.1838003, 28.009004]]}}, {"type": "Feature", "properties": {"osm_id": 343553909, "status": "affected", "confidence": "high", "flooded_fraction": 0.5, "highway": "track", "name": null, "length_km": 0.012174, "flooded_length_km": 0.006087, "flood_probability": 0.0424}, "geometry": {"type": "LineString", "coordinates": [[85.1585316, 27.9442899], [85.1584489, 27.9443716]]}}, {"type": "Feature", "properties": {"osm_id": 342123857, "status": "affected", "confidence": "low", "flooded_fraction": 0.2941, "highway": "path", "name": null, "length_km": 0.310499, "flooded_length_km": 0.091323, "flood_probability": 0.2095}, "geometry": {"type": "LineString", "coordinates": [[85.1860745, 28.0042932], [85.1859189, 28.0040931], [85.1856708, 28.0038972], [85.1856642, 28.003791], [85.1858855, 28.0036671], [85.1859028, 28.0036574], [85.185917, 28.0036442], [85.1860048, 28.0035626], [85.1861764, 28.0035389], [85.1864071, 28.0034632], [85.1865466, 28.0030511], [85.1868791, 28.002504], [85.1869333, 28.0021555]]}}, {"type": "Feature", "properties": {"osm_id": 341049679, "status": "affected", "confidence": "high", "flooded_fraction": 0.8571, "highway": "path", "name": null, "length_km": 0.110899, "flooded_length_km": 0.095057, "flood_probability": 0.7582}, "geometry": {"type": "LineString", "coordinates": [[85.1850809, 27.9724338], [85.1839585, 27.9725259]]}}, {"type": "Feature", "properties": {"osm_id": 340421705, "status": "possibly_affected", "confidence": "medium", "flooded_fraction": 0.1667, "highway": "unclassified", "name": null, "length_km": 0.096208, "flooded_length_km": 0.016035, "flood_probability": 0.132}, "geometry": {"type": "LineString", "coordinates": [[85.1699382, 27.9646274], [85.1699687, 27.9647546], [85.1699644, 27.9648857], [85.1700037, 27.9650629], [85.1701171, 27.9651708], [85.170248, 27.9652942], [85.1703614, 27.9653366]]}}, {"type": "Feature", "properties": {"osm_id": 342151600, "status": "possibly_affected", "confidence": "medium", "flooded_fraction": 0.1176, "highway": "track", "name": null, "length_km": 0.316685, "flooded_length_km": 0.037257, "flood_probability": 0.1056}, "geometry": {"type": "LineString", "coordinates": [[85.1614217, 27.948402], [85.1614291, 27.9484366], [85.1614519, 27.9484709], [85.1614948, 27.9484816], [85.1616088, 27.9484709], [85.1617255, 27.9484769], [85.1618127, 27.9484946], [85.1619066, 27.9485349], [85.1620527, 27.9485562], [85.1621292, 27.9485764], [85.1622164, 27.9486475], [85.1622204, 27.94876], [85.1622271, 27.9490017], [85.1622566, 27.9491178], [85.1622552, 27.9492066], [85.1621949, 27.9496248], [85.1621708, 27.9498025], [85.1621627, 27.9498404], [85.1621708, 27.9500454], [85.1619896, 27.9506767]]}}, {"type": "Feature", "properties": {"osm_id": 343303368, "status": "affected", "confidence": "medium", "flooded_fraction": 0.3333, "highway": "path", "name": null, "length_km": 0.039166, "flooded_length_km": 0.013055, "flood_probability": 0.0197}, "geometry": {"type": "LineString", "coordinates": [[85.1797873, 27.9815122], [85.1797882, 27.9813905], [85.1797961, 27.9813168], [85.1798228, 27.981247], [85.1798416, 27.9811647]]}}, {"type": "Feature", "properties": {"osm_id": 854112827, "status": "affected", "confidence": "medium", "flooded_fraction": 0.4167, "highway": "unclassified", "name": null, "length_km": 0.457967, "flooded_length_km": 0.19082, "flood_probability": 0.3951}, "geometry": {"type": "LineString", "coordinates": [[85.1821035, 28.0131265], [85.1821089, 28.0130413], [85.1821759, 28.0129773], [85.1822698, 28.0129608], [85.1823583, 28.012975], [85.1824656, 28.0129892], [85.1825756, 28.0129821], [85.1826695, 28.0129418], [85.1827204, 28.0128968], [85.1827285, 28.01284], [85.1826668, 28.01275], [85.1826292, 28.0126932], [85.1825541, 28.0126221], [85.182483, 28.0125499], [85.1824442, 28.0124883], [85.1823771, 28.012396], [85.1823208, 28.0122989], [85.1822671, 28.0122042], [85.1821746, 28.0120976], [85.1821008, 28.0119958], [85.1820593, 28.0119473], [85.1820458, 28.0118928], [85.1820324, 28.0117401], [85.1820458, 28.0116264], [85.1820619, 28.0115577], [85.1821156, 28.0114192], [85.1821357, 28.0113138], [85.1821223, 28.0112179], [85.1821008, 28.0111552], [85.1820874, 28.0110687], [85.1820874, 28.0109799], [85.1821598, 28.0109326], [85.1822108, 28.0109053], [85.1822215, 28.010845], [85.1822188, 28.0106946], [85.1822121, 28.0105596], [85.1822363, 28.0104602], [85.1822336, 28.0103169], [85.1821934, 28.0102198], [85.1821209, 28.0101689], [85.1821075, 28.0101085], [85.1821116, 28.0100635], [85.182078, 28.009912], [85.1820458, 28.0098457], [85.1820313, 28.0097642]]}}, {"type": "Feature", "properties": {"osm_id": 887084582, "status": "affected", "confidence": "medium", "flooded_fraction": 0.4, "highway": "path", "name": null, "length_km": 0.067156, "flooded_length_km": 0.026863, "flood_probability": 0.3523}, "geometry": {"type": "LineString", "coordinates": [[85.1911927, 27.9007882], [85.1911238, 27.900303], [85.1911078, 27.9001869]]}}, {"type": "Feature", "properties": {"osm_id": 341589678, "status": "affected", "confidence": "medium", "flooded_fraction": 0.3871, "highway": "path", "name": null, "length_km": 0.582874, "flooded_length_km": 0.225629, "flood_probability": 0.2473}, "geometry": {"type": "LineString", "coordinates": [[85.2756596, 27.8686604], [85.2757906, 27.8686414], [85.2758701, 27.8686091], [85.2759044, 27.8685052], [85.2759153, 27.8684724], [85.2758873, 27.8683166], [85.2759539, 27.8681989], [85.276158, 27.8682197], [85.2762934, 27.8682577], [85.2763708, 27.8681723], [85.2764202, 27.8680089], [85.2766866, 27.8679747], [85.2768284, 27.8679614], [85.2769939, 27.8679082], [85.2771572, 27.8678987], [85.2772324, 27.8678513], [85.277241, 27.8677335], [85.2772646, 27.8676537], [85.2772603, 27.8675568], [85.2773613, 27.8675777], [85.2774687, 27.8676822], [85.2776148, 27.8676936], [85.2777094, 27.8676461], [85.2778555, 27.8676442], [85.2779586, 27.8677012], [85.2780381, 27.8676917], [85.2780617, 27.8676005], [85.2781498, 27.8675132], [85.278354, 27.8674638], [85.2783475, 27.8673631], [85.2783776, 27.867251], [85.2784357, 27.8671793], [85.2784743, 27.8671068], [85.2786225, 27.8670859], [85.2788181, 27.867082], [85.2790866, 27.8669623], [85.2792456, 27.8668863], [85.2793917, 27.8667876], [85.2795465, 27.8666356], [85.2797119, 27.8666204], [85.2798258, 27.8664551]]}}, {"type": "Feature", "properties": {"osm_id": 540060778, "status": "affected", "confidence": "low", "flooded_fraction": 0.2727, "highway": "residential", "name": null, "length_km": 0.198016, "flooded_length_km": 0.054004, "flood_probability": 0.1707}, "geometry": {"type": "LineString", "coordinates": [[85.2400507, 27.8974228], [85.2397063, 27.8971867], [85.238966, 27.8969961], [85.2386695, 27.8968742], [85.2382055, 27.8967692]]}}, {"type": "Feature", "properties": {"osm_id": 341626902, "status": "possibly_affected", "confidence": "medium", "flooded_fraction": 0.1429, "highway": "path", "name": null, "length_km": 0.113811, "flooded_length_km": 0.016259, "flood_probability": 0.1192}, "geometry": {"type": "LineString", "coordinates": [[85.3037659, 27.8640932], [85.3037402, 27.8641559], [85.3036904, 27.8642329], [85.3036372, 27.8643369], [85.3035631, 27.8644651], [85.3035087, 27.8645366], [85.3035223, 27.8645974], [85.3035579, 27.8648122], [85.3035985, 27.8650573]]}}, {"type": "Feature", "properties": {"osm_id": 330629358, "status": "possibly_affected", "confidence": "medium", "flooded_fraction": 0.1667, "highway": "path", "name": null, "length_km": 0.217671, "flooded_length_km": 0.036278, "flood_probability": 0.1144}, "geometry": {"type": "LineString", "coordinates": [[85.3120215, 27.9182371], [85.3121129, 27.9181105], [85.3121033, 27.918038], [85.3120819, 27.9179866], [85.3120432, 27.9179256], [85.3120303, 27.9179034], [85.3120236, 27.9178736], [85.312009, 27.9178588], [85.311981, 27.9178642], [85.3119603, 27.9178682], [85.3119429, 27.9178627], [85.3119087, 27.917831], [85.3119042, 27.9178137], [85.3119238, 27.9177497], [85.311923, 27.9177245], [85.3118959, 27.9176744], [85.311785, 27.9175599], [85.3117778, 27.9174927], [85.3118375, 27.9174772], [85.3118221, 27.9174144], [85.3118044, 27.9172514], [85.3117853, 27.9172063], [85.3118482, 27.9170198], [85.31186, 27.9169378], [85.3118545, 27.9168201], [85.3118444, 27.9167743], [85.3118243, 27.9164951]]}}, {"type": "Feature", "properties": {"osm_id": 540060774, "status": "affected", "confidence": "low", "flooded_fraction": 0.2857, "highway": "track", "name": null, "length_km": 0.117478, "flooded_length_km": 0.033565, "flood_probability": 0.0962}, "geometry": {"type": "LineString", "coordinates": [[85.2433644, 27.8946314], [85.2432257, 27.8944027], [85.2430621, 27.8940542], [85.2429333, 27.8938029], [85.2428931, 27.8936607]]}}, {"type": "Feature", "properties": {"osm_id": 890512525, "status": "possibly_affected", "confidence": "low", "flooded_fraction": 0.0698, "highway": "path", "name": null, "length_km": 0.82496, "flooded_length_km": 0.057555, "flood_probability": 0.0431}, "geometry": {"type": "LineString", "coordinates": [[85.2106857, 27.9021485], [85.210712, 27.902211], [85.2108112, 27.9021968], [85.2109185, 27.902403], [85.2109748, 27.9024232], [85.2114791, 27.9023153], [85.2117392, 27.9023627], [85.2118278, 27.9026614], [85.212045, 27.9027372], [85.2120772, 27.9029435], [85.2122784, 27.9030525], [85.2122569, 27.903126], [85.2121899, 27.9032564], [85.212096, 27.9034981], [85.2120477, 27.9038893], [85.2119404, 27.9040315], [85.2120289, 27.9041476], [85.2120584, 27.9043112], [85.2121013, 27.9044866], [85.2122462, 27.9046312], [85.212332, 27.9048184], [85.2124715, 27.9049156], [85.2125627, 27.9050199], [85.21267, 27.905328], [85.2127209, 27.9055888], [85.2128711, 27.9056243], [85.2129301, 27.9059254], [85.2130643, 27.9062098], [85.2131179, 27.9065772], [85.2131313, 27.9069375], [85.2132225, 27.9071484], [85.2132198, 27.9073997], [85.2130374, 27.9076581], [85.2130267, 27.9077481], [85.2130669, 27.9079686]]}}, {"type": "Feature", "properties": {"osm_id": 340724314, "status": "possibly_affected", "confidence": "medium", "flooded_fraction": 0.1429, "highway": "path", "name": null, "length_km": 0.108356, "flooded_length_km": 0.015479, "flood_probability": 0.1003}, "geometry": {"type": "LineString", "coordinates": [[85.2110035, 27.9019755], [85.2112703, 27.9019481], [85.2114616, 27.9018172], [85.211548, 27.9016304], [85.2118451, 27.9014447]]}}, {"type": "Feature", "properties": {"osm_id": 342502060, "status": "affected", "confidence": "low", "flooded_fraction": 0.25, "highway": "track", "name": null, "length_km": 0.528703, "flooded_length_km": 0.132176, "flood_probability": 0.1549}, "geometry": {"type": "LineString", "coordinates": [[85.2863874, 27.9138601], [85.2863723, 27.9135874], [85.2864301, 27.9134425], [85.2864006, 27.9131192], [85.2863975, 27.9129989], [85.2864341, 27.9128623], [85.286423, 27.9127528], [85.286364, 27.9126387], [85.2862857, 27.9125651], [85.2862207, 27.9124402], [85.2861435, 27.912328], [85.2861038, 27.9122462], [85.2861302, 27.9121582], [85.2862898, 27.9120154], [85.2863988, 27.9118775], [85.2864077, 27.9118663], [85.286875, 27.9115416], [85.2869756, 27.9115104], [85.2870569, 27.9114046], [85.2872353, 27.9112399], [85.2873753, 27.9111316], [85.2877656, 27.9107921], [85.2880451, 27.9105811], [85.2881081, 27.9104526], [85.2881264, 27.9102631], [85.2881305, 27.9101275], [85.2881044, 27.9099596]]}}, {"type": "Feature", "properties": {"osm_id": 443707466, "status": "affected", "confidence": "high", "flooded_fraction": 0.5, "highway": "path", "name": null, "length_km": 0.014335, "flooded_length_km": 0.007168, "flood_probability": 0.5245}, "geometry": {"type": "LineString", "coordinates": [[85.1815376, 28.0189277], [85.1815845, 28.0189254], [85.181677, 28.0188946]]}}, {"type": "Feature", "properties": {"osm_id": 342080281, "status": "possibly_affected", "confidence": "medium", "flooded_fraction": 0.1224, "highway": "unclassified", "name": null, "length_km": 1.920904, "flooded_length_km": 0.235213, "flood_probability": 0.0743}, "geometry": {"type": "LineString", "coordinates": [[85.2938201, 27.9125565], [85.2937593, 27.9125236], [85.2935405, 27.9124259], [85.2932473, 27.9123342], [85.2931255, 27.9122944], [85.2930285, 27.9122146], [85.2929969, 27.912111], [85.2930263, 27.9120213], [85.2931638, 27.9118838], [85.2933511, 27.9117522], [85.2933962, 27.9116844], [85.2933894, 27.9116187], [85.293315, 27.9115369], [85.2930195, 27.9114991], [85.2926947, 27.9116027], [85.2924443, 27.9117422], [85.2922481, 27.9117861], [85.2919841, 27.9117841], [85.2915055, 27.9116092], [85.2905291, 27.9113153], [85.2901177, 27.9112014], [85.2900037, 27.9111562], [85.2896789, 27.9109768], [85.2892097, 27.9107974], [85.2890089, 27.9106838], [85.2886516, 27.910353], [85.2883841, 27.9101476], [85.2881721, 27.91003], [85.2881044, 27.9099596], [85.2877825, 27.9098505], [85.2872461, 27.9097083], [85.2865058, 27.9094855], [85.2863234, 27.9094381], [85.2849784, 27.9091198], [85.2848247, 27.9090832], [85.2847042, 27.9090446], [85.2845203, 27.9089858], [85.2844322, 27.9089576], [85.2843285, 27.9089018], [85.2842947, 27.9088002], [85.2842744, 27.9085291], [85.2842022, 27.9083357], [85.2841277, 27.9082201], [85.2839495, 27.9080806], [85.2838968, 27.9080411], [85.2837523, 27.9079328], [85.2836676, 27.9078693], [85.283424, 27.9075922], [85.2833399, 27.9075035], [85.2831443, 27.9072972], [85.2830632, 27.90723], [85.283027, 27.9072035], [85.2829842, 27.9071916], [85.2829224, 27.9071437], [85.2828205, 27.907139], [85.2824449, 27.9072527], [85.2822894, 27.9074228], [85.282118, 27.9075433], [85.2820796, 27.9075703], [85.2818946, 27.9076281], [85.2816059, 27.9076201], [85.2815396, 27.9076085], [85.2814069, 27.907568], [85.2812874, 27.9075641], [85.2807894, 27.9074766], [85.2803337, 27.9072872], [85.2801758, 27.9071716], [85.2798646, 27.9070441], [85.2794248, 27.9069256], [85.2790546, 27.906864], [85.2789259, 27.9068308], [85.2787703, 27.9067502], [85.2785075, 27.9066602], [85.2782661, 27.9066317], [85.2780193, 27.906569]]}}, {"type": "Feature", "properties": {"osm_id": 1268200122, "status": "possibly_affected", "confidence": "low", "flooded_fraction": 0.2222, "highway": "residential", "name": null, "length_km": 0.146397, "flooded_length_km": 0.032533, "flood_probability": 0.1387}, "geometry": {"type": "LineString", "coordinates": [[85.3102657, 27.9245444], [85.3099158, 27.9247065], [85.3096224, 27.9248424], [85.3094407, 27.9249099], [85.3094152, 27.9249141], [85.3093877, 27.9249135], [85.3093388, 27.9248821], [85.3093093, 27.9248566], [85.309259, 27.9248205], [85.3092168, 27.9248169], [85.3091148, 27.9248868], [85.3089949, 27.9249989]]}}, {"type": "Feature", "properties": {"osm_id": 342032755, "status": "possibly_affected", "confidence": "low", "flooded_fraction": 0.2, "highway": "service", "name": null, "length_km": 0.173708, "flooded_length_km": 0.034742, "flood_probability": 0.1443}, "geometry": {"type": "LineString", "coordinates": [[85.1504803, 27.9357801], [85.1505245, 27.9356029], [85.1505781, 27.9353309], [85.1506095, 27.935318], [85.1506535, 27.9353291], [85.150708, 27.935355], [85.1507583, 27.935379], [85.1508295, 27.9353679], [85.1506303, 27.9352571], [85.15, 27.934907555562926]]}}, {"type": "Feature", "properties": {"osm_id": 341170660, "status": "affected", "confidence": "high", "flooded_fraction": 0.6667, "highway": "unclassified", "name": null, "length_km": 0.088642, "flooded_length_km": 0.059094, "flood_probability": 0.7907}, "geometry": {"type": "LineString", "coordinates": [[85.163916, 27.9553824], [85.1638121, 27.9555995], [85.1635697, 27.9561208]]}}, {"type": "Feature", "properties": {"osm_id": 342212029, "status": "affected", "confidence": "medium", "flooded_fraction": 0.3125, "highway": "residential", "name": null, "length_km": 0.284733, "flooded_length_km": 0.088979, "flood_probability": 0.1502}, "geometry": {"type": "LineString", "coordinates": [[85.2395044, 27.9030869], [85.239829, 27.9031179], [85.2402129, 27.9031877], [85.2402558, 27.9031759], [85.2404382, 27.9032256], [85.2404838, 27.9034579], [85.2406098, 27.9034911], [85.2408003, 27.9035267], [85.2409756, 27.9035727], [85.2409799, 27.9036036], [85.241393, 27.9037045], [85.2420743, 27.903849]]}}, {"type": "Feature", "properties": {"osm_id": 886486183, "status": "possibly_affected", "confidence": "medium", "flooded_fraction": 0.1481, "highway": "path", "name": null, "length_km": 0.519511, "flooded_length_km": 0.076965, "flood_probability": 0.097}, "geometry": {"type": "LineString", "coordinates": [[85.1852158, 28.011764], [85.1852036, 28.0120489], [85.1851768, 28.0124065], [85.1851634, 28.0130932], [85.1852572, 28.013536], [85.1854638, 28.0139788], [85.1857078, 28.0143269], [85.1860807, 28.0146915], [85.1863864, 28.0149425], [85.1865501, 28.0152101], [85.1867566, 28.0153972], [85.1870677, 28.0155535], [85.1872743, 28.0157547]]}}, {"type": "Feature", "properties": {"osm_id": 886486178, "status": "affected", "confidence": "high", "flooded_fraction": 0.5882, "highway": "path", "name": null, "length_km": 0.308581, "flooded_length_km": 0.181518, "flood_probability": 0.4219}, "geometry": {"type": "LineString", "coordinates": [[85.1858855, 28.0036671], [85.1857988, 28.0036203], [85.1856838, 28.0035125], [85.1855688, 28.0033719], [85.1854343, 28.0033126], [85.1853883, 28.0031344], [85.1853936, 28.0030094], [85.185298, 28.0028313], [85.1852308, 28.002672], [85.1851954, 28.0025251], [85.1850751, 28.0023001], [85.1850697, 28.0022048], [85.1851352, 28.0019501], [85.1851529, 28.0018579], [85.1851264, 28.0016345], [85.1851211, 28.0015111], [85.1851724, 28.0012705], [85.1851298, 28.0011553]]}}, {"type": "Feature", "properties": {"osm_id": 341859285, "status": "possibly_affected", "confidence": "medium", "flooded_fraction": 0.125, "highway": "path", "name": null, "length_km": 0.456116, "flooded_length_km": 0.057015, "flood_probability": 0.0546}, "geometry": {"type": "LineString", "coordinates": [[85.2853805, 27.8660938], [85.2854467, 27.8661134], [85.2856565, 27.8659356], [85.2859131, 27.8657397], [85.2867292, 27.8653171], [85.2868254, 27.8652346], [85.2868691, 27.865147], [85.2869974, 27.8651496], [85.2873909, 27.86491], [85.2875541, 27.8648069], [85.2877203, 27.8648249], [85.2878223, 27.864776], [85.2879651, 27.8647734], [85.2880467, 27.8647425], [85.2881954, 27.8647837], [85.2884344, 27.8649048], [85.2887317, 27.8650002], [85.2890873, 27.8650388], [85.2892739, 27.8650775], [85.2893205, 27.8651857]]}}, {"type": "Feature", "properties": {"osm_id": 341496222, "status": "possibly_affected", "confidence": "low", "flooded_fraction": 0.069, "highway": "track", "name": null, "length_km": 0.555358, "flooded_length_km": 0.038301, "flood_probability": 0.0496}, "geometry": {"type": "LineString", "coordinates": [[85.2859402, 27.914575], [85.2857865, 27.9148925], [85.2857447, 27.9150512], [85.285756, 27.9151989], [85.2858689, 27.9152318], [85.2859649, 27.9152767], [85.2860124, 27.9154005], [85.2859932, 27.9155761], [85.285957, 27.9157248], [85.2859412, 27.9159005], [85.2861547, 27.9160272], [85.2860372, 27.9163485], [85.2859604, 27.9165042], [85.2859017, 27.9165342], [85.2857774, 27.9165162], [85.2856238, 27.9164324], [85.2855199, 27.9164004], [85.2853731, 27.9162448], [85.2852828, 27.916135], [85.2850381, 27.9160497], [85.2848039, 27.9161729], [85.2847135, 27.9162707], [85.2846277, 27.9164024], [85.2845599, 27.9163925], [85.2843725, 27.9163086], [85.284255, 27.9163186], [85.2841172, 27.9163625], [85.2838304, 27.9163625], [85.2834689, 27.9162807], [85.2832724, 27.9162048]]}}, {"type": "Feature", "properties": {"osm_id": 443701235, "status": "affected", "confidence": "high", "flooded_fraction": 0.8889, "highway": "track", "name": null, "length_km": 0.151248, "flooded_length_km": 0.134442, "flood_probability": 0.7367}, "geometry": {"type": "LineString", "coordinates": [[85.1862582, 28.0162639], [85.1861939, 28.0163397], [85.1862314, 28.0165054], [85.1861188, 28.0167375], [85.1860598, 28.0170311], [85.1859203, 28.0171211], [85.1856252, 28.0174194]]}}, {"type": "Feature", "properties": {"osm_id": 854112826, "status": "affected", "confidence": "medium", "flooded_fraction": 0.4, "highway": "unclassified", "name": null, "length_km": 0.56191, "flooded_length_km": 0.224764, "flood_probability": 0.3434}, "geometry": {"type": "LineString", "coordinates": [[85.1820458, 28.0116264], [85.1822108, 28.0116891], [85.1823717, 28.011727], [85.1825461, 28.0117886], [85.1827258, 28.0118573], [85.1828921, 28.0119117], [85.1830772, 28.0119591], [85.18323, 28.011997], [85.1833588, 28.0120349], [85.1834688, 28.0120917], [85.1835895, 28.0122527], [85.1836941, 28.0123972], [85.183745, 28.0124658], [85.183804, 28.0125535], [85.183835, 28.0126904], [85.1838523, 28.0127334], [85.1838899, 28.0127926], [85.1838979, 28.01284], [85.1838979, 28.0128873], [85.1838979, 28.0129323], [85.1838979, 28.0129856], [85.1839314, 28.0131005], [85.1839395, 28.0131206], [85.1839972, 28.0132129], [85.184024, 28.0132804], [85.1840602, 28.0133645], [85.1840776, 28.0134249], [85.1841111, 28.0135314], [85.1841675, 28.0135681], [85.1842774, 28.0135764], [85.1843941, 28.0135989], [85.1844437, 28.0136273], [85.1845323, 28.0136782], [85.1846369, 28.0137836], [85.184657, 28.0138618], [85.1846623, 28.0139304], [85.1846851, 28.0140098], [85.1847039, 28.0140832], [85.1847441, 28.0141518], [85.184779, 28.0142087], [85.1847804, 28.0142761], [85.1847842, 28.0143531], [85.1847871, 28.0144135], [85.1848072, 28.0145698], [85.1848367, 28.0146929], [85.1848595, 28.0147829], [85.184893, 28.0148764], [85.1849507, 28.0149273], [85.185007, 28.0149711], [85.185011, 28.0150149], [85.1850687, 28.015099], [85.1851143, 28.0151511], [85.1851156, 28.0152694]]}}, {"type": "Feature", "properties": {"osm_id": 341587475, "status": "possibly_affected", "confidence": "medium", "flooded_fraction": 0.1818, "highway": "path", "name": null, "length_km": 0.185681, "flooded_length_km": 0.03376, "flood_probability": 0.0952}, "geometry": {"type": "LineString", "coordinates": [[85.1727612, 27.9625831], [85.172638, 27.9626553], [85.1725114, 27.962578], [85.1723677, 27.9624984], [85.1722317, 27.9624494], [85.1721406, 27.9624217], [85.1720186, 27.9623777], [85.1717254, 27.9622662], [85.1715978, 27.9622669], [85.1714963, 27.9622144], [85.171405, 27.9621632], [85.17135, 27.9620711], [85.1712804, 27.9619687], [85.1711978, 27.9618944]]}}, {"type": "Feature", "properties": {"osm_id": 912640588, "status": "affected", "confidence": "high", "flooded_fraction": 0.6667, "highway": "path", "name": null, "length_km": 0.211301, "flooded_length_km": 0.140868, "flood_probability": 0.5842}, "geometry": {"type": "LineString", "coordinates": [[85.1804678, 27.9727394], [85.1806774, 27.9726604], [85.1809302, 27.9726756], [85.1810796, 27.9727416], [85.181206, 27.9727365], [85.1813094, 27.9728127], [85.1814129, 27.9727518], [85.1815623, 27.9727924], [85.1816484, 27.972904], [85.1817289, 27.9729395], [85.1817898, 27.9730011], [85.1818598, 27.9729723], [85.1820909, 27.9731425], [85.1822058, 27.9732186], [85.1823076, 27.9732329]]}}, {"type": "Feature", "properties": {"osm_id": 341654842, "status": "affected", "confidence": "high", "flooded_fraction": 0.7143, "highway": "path", "name": null, "length_km": 0.253693, "flooded_length_km": 0.18121, "flood_probability": 0.5767}, "geometry": {"type": "LineString", "coordinates": [[85.1512342, 27.9282601], [85.1511985, 27.9281776], [85.1512164, 27.9280117], [85.1507737, 27.927772], [85.1504935, 27.9276825], [85.1503987, 27.9278286], [85.1503624, 27.9279932], [85.1503817, 27.9280156], [85.1502863, 27.9282197], [85.1506694, 27.9288584]]}}, {"type": "Feature", "properties": {"osm_id": 340421985, "status": "affected", "confidence": "high", "flooded_fraction": 0.5, "highway": "path", "name": null, "length_km": 0.13291, "flooded_length_km": 0.066455, "flood_probability": 0.3774}, "geometry": {"type": "LineString", "coordinates": [[85.1822664, 28.0094028], [85.1823951, 28.0093358], [85.1824977, 28.0092171], [85.1826075, 28.0090765], [85.1826959, 28.0089702], [85.1827282, 28.0089587], [85.183009, 28.0090195], [85.1833768, 28.0090056]]}}, {"type": "Feature", "properties": {"osm_id": 443766737, "status": "affected", "confidence": "medium", "flooded_fraction": 0.4286, "highway": "path", "name": null, "length_km": 0.107609, "flooded_length_km": 0.046118, "flood_probability": 0.3243}, "geometry": {"type": "LineString", "coordinates": [[85.1775972, 28.0181835], [85.1776591, 28.0180635], [85.1776417, 28.0179948], [85.1776076, 28.0179362], [85.1775802, 28.0178697], [85.1774828, 28.0178699], [85.1773772, 28.0178347], [85.1773626, 28.0177756], [85.1773587, 28.0177296], [85.1773126, 28.0176614], [85.1773265, 28.0175994], [85.1772165, 28.0175946], [85.1771084, 28.0176157]]}}, {"type": "Feature", "properties": {"osm_id": 543839167, "status": "affected", "confidence": "high", "flooded_fraction": 0.9062, "highway": "path", "name": null, "length_km": 0.607528, "flooded_length_km": 0.550572, "flood_probability": 0.841}, "geometry": {"type": "LineString", "coordinates": [[85.1911229, 27.9747425], [85.1907963, 27.9750204], [85.1906309, 27.9754198], [85.190151, 27.9749425], [85.1898698, 27.9748646], [85.1891197, 27.9745187], [85.1884909, 27.974548], [85.1881111, 27.9745414], [85.1879527, 27.9745711], [85.187607, 27.9744693], [85.1871245, 27.9743103], [85.1867668, 27.97427], [85.1866035, 27.974234], [85.1862702, 27.9741173], [85.1858603, 27.9739625]]}}, {"type": "Feature", "properties": {"osm_id": 1128415151, "status": "affected", "confidence": "medium", "flooded_fraction": 0.321, "highway": "unclassified", "name": null, "length_km": 1.589456, "flooded_length_km": 0.510196, "flood_probability": 0.2448}, "geometry": {"type": "LineString", "coordinates": [[85.1852005, 27.995359], [85.1853349, 27.9955345], [85.1861202, 27.9961545], [85.1864894, 27.9969883], [85.1863763, 27.9981646], [85.1861407, 27.9996668], [85.1859582, 27.9998799], [85.1857934, 28.0000723], [85.185264, 28.0008031], [85.1851298, 28.0011553], [85.1849918, 28.0015175], [85.1847607, 28.0021034], [85.1845081, 28.0024993], [85.1844922, 28.0028079], [85.18466, 28.0031996], [85.1847047, 28.0036308], [85.1846675, 28.0040521], [85.184685, 28.0042553], [85.1847197, 28.004615], [85.1845929, 28.0060305], [85.1843849, 28.0067044], [85.1842412, 28.0071508], [85.184138, 28.0076039], [85.1839476, 28.0083668], [85.1839367, 28.0084103], [85.1840314, 28.0086901], [85.1840733, 28.0087663]]}}, {"type": "Feature", "properties": {"osm_id": 341462133, "status": "affected", "confidence": "high", "flooded_fraction": 0.4615, "highway": "unclassified", "name": null, "length_km": 0.229818, "flooded_length_km": 0.10607, "flood_probability": 0.259}, "geometry": {"type": "LineString", "coordinates": [[85.1822993, 27.973309], [85.1823076, 27.9732329], [85.1823494, 27.9731983], [85.1824241, 27.9731324], [85.1825333, 27.9730867], [85.1826999, 27.973178], [85.1828436, 27.9731121], [85.1829355, 27.9730461], [85.1830677, 27.9730207], [85.1831596, 27.9730055], [85.1832975, 27.9730765], [85.1834067, 27.9731171], [85.1834929, 27.9731171], [85.1837744, 27.9727416], [85.1837629, 27.9725792], [85.1838261, 27.9725488], [85.1839585, 27.9725259]]}}, {"type": "Feature", "properties": {"osm_id": 886262253, "status": "affected", "confidence": "high", "flooded_fraction": 0.75, "highway": "path", "name": null, "length_km": 0.299545, "flooded_length_km": 0.224659, "flood_probability": 0.7416}, "geometry": {"type": "LineString", "coordinates": [[85.1859582, 27.9998799], [85.186086, 28.0000741], [85.1861557, 28.000176], [85.1862174, 28.0002423], [85.186196, 28.0004838], [85.1862389, 28.0007183], [85.1863247, 28.0009338], [85.1863435, 28.0011706], [85.1863247, 28.0013814], [85.1863462, 28.0015282], [85.1863274, 28.0017532], [85.1863194, 28.0018669], [85.1865447, 28.0020397], [85.1869333, 28.0021555]]}}, {"type": "Feature", "properties": {"osm_id": 1128013962, "status": "possibly_affected", "confidence": "medium", "flooded_fraction": 0.1818, "highway": "primary", "name": "Pasang Lhamu Highway", "length_km": 0.196874, "flooded_length_km": 0.035795, "flood_probability": 0.1923}, "geometry": {"type": "LineString", "coordinates": [[85.1856624, 27.9744799], [85.1855461, 27.9747503], [85.1855113, 27.9748073], [85.1854764, 27.9748499], [85.1854238, 27.9748878], [85.1853336, 27.9749165], [85.1852767, 27.9749262], [85.1851838, 27.9749263], [85.1846789, 27.9748746], [85.1846057, 27.9748619], [85.1844251, 27.9748088], [85.1842654, 27.9747864], [85.1841789, 27.9747887], [85.1841192, 27.9748002], [85.1840688, 27.974826], [85.1840353, 27.9748659], [85.1840244, 27.9748923]]}}, {"type": "Feature", "properties": {"osm_id": 443701236, "status": "affected", "confidence": "high", "flooded_fraction": 0.875, "highway": "track", "name": null, "length_km": 0.125865, "flooded_length_km": 0.110132, "flood_probability": 0.6247}, "geometry": {"type": "LineString", "coordinates": [[85.1860598, 28.0170311], [85.1861627, 28.0169785], [85.1863655, 28.0168748], [85.1865908, 28.0167754], [85.1868805, 28.0165291], [85.1870307, 28.0163255]]}}, {"type": "Feature", "properties": {"osm_id": 859950202, "status": "affected", "confidence": "high", "flooded_fraction": 0.5714, "highway": "unclassified", "name": null, "length_km": 0.103469, "flooded_length_km": 0.059125, "flood_probability": 0.6405}, "geometry": {"type": "LineString", "coordinates": [[85.1646879, 27.956778], [85.164763, 27.956714], [85.1648824, 27.9566169], [85.1650621, 27.9565825], [85.1656602, 27.9566406]]}}, {"type": "Feature", "properties": {"osm_id": 341461646, "status": "affected", "confidence": "high", "flooded_fraction": 1.0, "highway": "primary", "name": "Falaakhu River Bridge", "length_km": 0.067022, "flooded_length_km": 0.067022, "flood_probability": 0.9923}, "geometry": {"type": "LineString", "coordinates": [[85.185882, 27.9739074], [85.1858603, 27.9739625], [85.1856624, 27.9744799]]}}, {"type": "Feature", "properties": {"osm_id": 341705733, "status": "affected", "confidence": "medium", "flooded_fraction": 0.4444, "highway": "path", "name": null, "length_km": 0.141924, "flooded_length_km": 0.063077, "flood_probability": 0.4152}, "geometry": {"type": "LineString", "coordinates": [[85.1801328, 27.9782098], [85.181017, 27.9786576], [85.1809529, 27.9789206], [85.1810743, 27.9789257]]}}, {"type": "Feature", "properties": {"osm_id": 340736833, "status": "possibly_affected", "confidence": "low", "flooded_fraction": 0.0756, "highway": "track", "name": null, "length_km": 2.352502, "flooded_length_km": 0.17792, "flood_probability": 0.0406}, "geometry": {"type": "LineString", "coordinates": [[85.2110953, 27.9012594], [85.2113438, 27.9009791], [85.2119242, 27.900929], [85.2123914, 27.9008414], [85.212986, 27.9007038], [85.2133682, 27.9005287], [85.2136655, 27.9004035], [85.2141751, 27.900341], [85.2147556, 27.9003285], [85.2150387, 27.9005036], [85.2153218, 27.9007038], [85.2157182, 27.9008539], [85.2162279, 27.9010666], [85.2167941, 27.9014044], [85.2172613, 27.9016797], [85.2177993, 27.9019424], [85.2182098, 27.9023428], [85.2184505, 27.902568], [85.2187761, 27.9027807], [85.2191583, 27.9029058], [85.2198662, 27.9030059], [85.2205882, 27.9030684], [85.2211686, 27.9030434], [85.2218481, 27.9030309], [85.222202, 27.9031685], [85.2226126, 27.9034562], [85.2230373, 27.903794], [85.2233204, 27.9040943], [85.2236319, 27.9043195], [85.2240424, 27.9045447], [85.224453, 27.9046072], [85.2250192, 27.9046323], [85.2254439, 27.9045822], [85.2259253, 27.9044946], [85.2262933, 27.9044571], [85.2265623, 27.9044571], [85.2268455, 27.9044821], [85.2270295, 27.9045072], [85.227072, 27.9045822], [85.2269021, 27.9046197], [85.2266473, 27.9046323], [85.2264349, 27.9047449], [85.226081, 27.9047574], [85.2256988, 27.9047824], [85.2253024, 27.9048199], [85.2251325, 27.9048199], [85.224821, 27.9048324], [85.2245096, 27.9048324], [85.2241698, 27.9047824], [85.2237209, 27.904765], [85.2234339, 27.9047613], [85.2231709, 27.9047404], [85.2229824, 27.904705], [85.2227966, 27.9046948], [85.2223207, 27.9047428], [85.222018, 27.9048575], [85.2217915, 27.904945], [85.2216358, 27.9050701], [85.2217632, 27.9051327], [85.2217542, 27.9053821]]}}, {"type": "Feature", "properties": {"osm_id": 340641820, "status": "possibly_affected", "confidence": "low", "flooded_fraction": 0.0556, "highway": "path", "name": null, "length_km": 0.321684, "flooded_length_km": 0.017871, "flood_probability": 0.0303}, "geometry": {"type": "LineString", "coordinates": [[85.2837523, 27.9079328], [85.2837847, 27.9078907], [85.283752, 27.907836], [85.2837065, 27.9077814], [85.2837084, 27.9076994], [85.2836556, 27.9076286], [85.2836392, 27.9075675], [85.2835774, 27.9074904], [85.2835373, 27.9074261], [85.2835919, 27.9073634], [85.2836283, 27.9073328], [85.2837611, 27.9071801], [85.283943, 27.9069646], [85.2839412, 27.9068103], [85.2839327, 27.9067897], [85.2838455, 27.9067848], [85.283809, 27.9067438], [85.2837748, 27.9067028], [85.2837571, 27.906654], [85.2837151, 27.9066062], [85.283693, 27.9065427], [85.2837494, 27.9063426], [85.2837449, 27.9062928], [85.2837096, 27.9062353], [85.2835583, 27.9061464], [85.2834821, 27.9059619], [85.2833363, 27.9058809], [85.283323, 27.9058692], [85.2833308, 27.9057257], [85.2833904, 27.9056574], [85.2834335, 27.9056428], [85.2834721, 27.9055676]]}}, {"type": "Feature", "properties": {"osm_id": 340732487, "status": "affected", "confidence": "high", "flooded_fraction": 0.4545, "highway": "residential", "name": null, "length_km": 0.184123, "flooded_length_km": 0.083692, "flood_probability": 0.3454}, "geometry": {"type": "LineString", "coordinates": [[85.221481, 27.905398], [85.221683, 27.905374], [85.2217542, 27.9053821], [85.2219351, 27.9054027], [85.222179, 27.9053309], [85.2224067, 27.9052087], [85.2226407, 27.9051229], [85.2228246, 27.9050345], [85.2228492, 27.904824], [85.2229824, 27.904705]]}}, {"type": "Feature", "properties": {"osm_id": 887084583, "status": "affected", "confidence": "high", "flooded_fraction": 0.5, "highway": "path", "name": null, "length_km": 0.049783, "flooded_length_km": 0.024891, "flood_probability": 0.2546}, "geometry": {"type": "LineString", "coordinates": [[85.191256, 27.9012339], [85.1911927, 27.9007882]]}}, {"type": "Feature", "properties": {"osm_id": 342075790, "status": "affected", "confidence": "low", "flooded_fraction": 0.2857, "highway": "path", "name": null, "length_km": 0.114288, "flooded_length_km": 0.032654, "flood_probability": 0.1377}, "geometry": {"type": "LineString", "coordinates": [[85.1581353, 27.8931119], [85.1579694, 27.8932021], [85.1576887, 27.8932943], [85.1574427, 27.8934582], [85.1571182, 27.8935957]]}}, {"type": "Feature", "properties": {"osm_id": 1268200121, "status": "affected", "confidence": "high", "flooded_fraction": 0.6, "highway": "residential", "name": null, "length_km": 0.071249, "flooded_length_km": 0.04275, "flood_probability": 0.4807}, "geometry": {"type": "LineString", "coordinates": [[85.3099158, 27.9247065], [85.3100107, 27.9245527], [85.3100972, 27.9244235], [85.3101414, 27.924225], [85.3101662, 27.9241122]]}}, {"type": "Feature", "properties": {"osm_id": 341620997, "status": "affected", "confidence": "high", "flooded_fraction": 0.8125, "highway": "path", "name": null, "length_km": 0.28631, "flooded_length_km": 0.232627, "flood_probability": 0.5731}, "geometry": {"type": "LineString", "coordinates": [[85.2978297, 27.8646614], [85.297884, 27.8647264], [85.2978784, 27.8647544], [85.2979134, 27.8647904], [85.2979225, 27.8648224], [85.2979598, 27.8648574], [85.2979745, 27.8648944], [85.2980209, 27.8649364], [85.2980741, 27.8649724], [85.298091, 27.8650004], [85.2980775, 27.8651204], [85.2981301, 27.8651798], [85.2982534, 27.8652698], [85.298354, 27.8653148], [85.2984049, 27.8653688], [85.2984638, 27.8654297], [85.2985158, 27.8654587], [85.2985588, 27.8654957], [85.2985758, 27.8656157], [85.2986471, 27.8657267], [85.2987125, 27.8657765], [85.2987815, 27.8658815], [85.2988573, 27.8659645], [85.2989467, 27.8660055], [85.2990479, 27.8660239], [85.2991247, 27.8660394], [85.2991399, 27.8660621], [85.2991455, 27.8661752], [85.2991511, 27.8662177], [85.2992172, 27.8662522], [85.2993094, 27.8662567], [85.2993615, 27.8662597], [85.2994505, 27.8662959], [85.2995314, 27.8663224], [85.2995964, 27.8663309], [85.2996473, 27.8663599]]}}, {"type": "Feature", "properties": {"osm_id": 340457064, "status": "affected", "confidence": "low", "flooded_fraction": 0.2941, "highway": "unclassified", "name": null, "length_km": 0.318329, "flooded_length_km": 0.093626, "flood_probability": 0.193}, "geometry": {"type": "LineString", "coordinates": [[85.3046981, 27.8631065], [85.3045541, 27.8632643], [85.3044884, 27.8633868], [85.3044, 27.8634441], [85.3043941, 27.8635226], [85.3042563, 27.8636893], [85.304189, 27.8637467], [85.3041383, 27.8638251], [85.3040306, 27.8639084], [85.3039031, 27.8639861], [85.3037659, 27.8640932], [85.3037067, 27.8641394], [85.3035512, 27.8642668], [85.3033796, 27.8643617], [85.3032294, 27.8644281], [85.3032046, 27.8644578], [85.3031087, 27.8645727], [85.3030027, 27.8647387], [85.3030783, 27.8649375], [85.30322, 27.8653]]}}, {"type": "Feature", "properties": {"osm_id": 1434607565, "status": "affected", "confidence": "high", "flooded_fraction": 1.0, "highway": "residential", "name": null, "length_km": 0.047174, "flooded_length_km": 0.047174, "flood_probability": 0.9627}, "geometry": {"type": "LineString", "coordinates": [[85.1852149, 27.9729738], [85.1852658, 27.9729501], [85.1854496, 27.9729229], [85.1855797, 27.972911], [85.1856836, 27.9728983]]}}, {"type": "Feature", "properties": {"osm_id": 341890589, "status": "possibly_affected", "confidence": "low", "flooded_fraction": 0.0714, "highway": "path", "name": null, "length_km": 0.250235, "flooded_length_km": 0.017874, "flood_probability": 0.0396}, "geometry": {"type": "LineString", "coordinates": [[85.1683746, 27.8913688], [85.168331, 27.891394], [85.1682249, 27.891419], [85.1681116, 27.8914565], [85.1680231, 27.8914847], [85.1679276, 27.8915206], [85.1678355, 27.8915488], [85.1677471, 27.8915832], [85.1676851, 27.8915926], [85.1676373, 27.8916114], [85.167609, 27.8916567], [85.1675701, 27.8917068], [85.1675489, 27.8917537], [85.1675011, 27.8917818], [85.1674232, 27.8918225], [85.1673418, 27.8918694], [85.167264, 27.8919445], [85.1672162, 27.8920102], [85.1671737, 27.8920618], [85.1671206, 27.8921072], [85.1670888, 27.8921478], [85.1670622, 27.8921916], [85.1670463, 27.8922182], [85.167041, 27.892262], [85.1670021, 27.8923027], [85.1669879, 27.8923527], [85.1669932, 27.8923996], [85.1669844, 27.8924434], [85.1669844, 27.8924982], [85.1669737, 27.892531], [85.1669507, 27.8925592], [85.1669384, 27.8926061], [85.1669366, 27.8926577], [85.1669295, 27.8927187], [85.1669242, 27.8927687], [85.1668977, 27.8928172], [85.1668534, 27.8928688], [85.1668163, 27.8928954]]}}, {"type": "Feature", "properties": {"osm_id": 342490116, "status": "possibly_affected", "confidence": "low", "flooded_fraction": 0.2381, "highway": "path", "name": null, "length_km": 0.380567, "flooded_length_km": 0.090611, "flood_probability": 0.1982}, "geometry": {"type": "LineString", "coordinates": [[85.1512318, 27.8887938], [85.1513636, 27.8888049], [85.1513698, 27.8888632], [85.1514419, 27.8887722], [85.1515099, 27.8889142], [85.1516377, 27.8889561], [85.1516439, 27.8890144], [85.1517387, 27.8889889], [85.151749, 27.8890363], [85.1518108, 27.8890253], [85.1518726, 27.8890672], [85.1518582, 27.8891037], [85.1519386, 27.8891], [85.1519468, 27.8891255], [85.1520251, 27.8891146], [85.1520952, 27.8890654], [85.1522868, 27.8890818], [85.1523095, 27.8891783], [85.1524496, 27.8890599], [85.1525568, 27.8890581], [85.1526042, 27.8891109], [85.1526804, 27.8890727], [85.1527567, 27.8890891], [85.1528164, 27.8890581], [85.1528515, 27.88908], [85.152936, 27.8891656], [85.1530946, 27.8891929], [85.153208, 27.8893168], [85.1535769, 27.8895372], [85.1538818, 27.8896993], [85.1541765, 27.889814]]}}, {"type": "Feature", "properties": {"osm_id": 341587483, "status": "affected", "confidence": "high", "flooded_fraction": 1.0, "highway": "service", "name": null, "length_km": 0.017637, "flooded_length_km": 0.017637, "flood_probability": 0.9752}, "geometry": {"type": "LineString", "coordinates": [[85.170068, 27.963355], [85.1698907, 27.9633784]]}}, {"type": "Feature", "properties": {"osm_id": 912640587, "status": "possibly_affected", "confidence": "medium", "flooded_fraction": 0.1538, "highway": "track", "name": null, "length_km": 0.234688, "flooded_length_km": 0.036106, "flood_probability": 0.1055}, "geometry": {"type": "LineString", "coordinates": [[85.1822993, 27.973309], [85.1822988, 27.9733122], [85.182268, 27.9734638], [85.1822231, 27.9736137], [85.1822103, 27.973649], [85.1821974, 27.9736714], [85.1821739, 27.973689], [85.1820405, 27.9737692], [85.1820016, 27.9737993], [85.181959, 27.9738421], [85.1819247, 27.9738832], [85.1818836, 27.9739415], [85.1817827, 27.9741113], [85.1817468, 27.9741641], [85.181613, 27.974302], [85.1815637, 27.9743835], [85.1815119, 27.9744527], [85.1814617, 27.9744965], [85.1813992, 27.9745326], [85.181381, 27.974555], [85.1813773, 27.9745735], [85.1813844, 27.9746065], [85.1814632, 27.9747552], [85.1814781, 27.9748003], [85.1814843, 27.9748501], [85.1814752, 27.9748948], [85.1814631, 27.9749123], [85.1814448, 27.974925], [85.1814196, 27.9749316], [85.1812425, 27.9749529]]}}, {"type": "Feature", "properties": {"osm_id": 430746883, "status": "affected", "confidence": "medium", "flooded_fraction": 0.3571, "highway": "track", "name": null, "length_km": 0.240806, "flooded_length_km": 0.086002, "flood_probability": 0.2897}, "geometry": {"type": "LineString", "coordinates": [[85.1734205, 27.9661514], [85.1732994, 27.9664756], [85.1732123, 27.9665289], [85.1730339, 27.96651], [85.1728663, 27.9665005], [85.1726664, 27.9665159], [85.1725726, 27.9665254], [85.1724425, 27.9664922], [85.1723084, 27.9664425], [85.1721675, 27.9663394], [85.1720307, 27.9662755], [85.1718725, 27.9662707], [85.1717759, 27.9662885], [85.1717116, 27.9662873], [85.1716231, 27.966356], [85.1714809, 27.9665467]]}}]}